DatasetName,ARHGAP12_C(201) ARHGAP12_C(450) ARHGAP12_C(451) ARHGAP12_S(103) ARHGAP12_S(163) ARHGAP12_S(165) ARHGAP12_S(176) ARHGAP12_S(190) ARHGAP12_S(192) ARHGAP12_S(194) ARHGAP12_S(198) ARHGAP12_S(201) ARHGAP12_S(206) ARHGAP12_S(213) ARHGAP12_S(215) ARHGAP12_S(220) ARHGAP12_S(222) ARHGAP12_S(228) ARHGAP12_S(240) ARHGAP12_S(262) ARHGAP12_S(3) ARHGAP12_S(338) ARHGAP12_S(376) ARHGAP12_S(423) ARHGAP12_S(434) ARHGAP12_S(439) ARHGAP12_S(44) ARHGAP12_S(446) ARHGAP12_S(562) ARHGAP12_S(570) ARHGAP12_S(592) ARHGAP12_S(7) ARHGAP12_T(228) ARHGAP12_T(230) ARHGAP12_T(231) ARHGAP12_T(3) ARHGAP12_T(377) ARHGAP12_T(581) ARHGAP12_T(639) ARHGAP12_Y(243) ARHGAP12_Y(63),ARHGAP12_S(460) ARHGAP12_S(617) ARHGAP12_Y(16) ARHGAP12_Y(21)
RM2024_Intensity D4-1___3,,
RB2022_4_PostEndurance,0.5143830250874445,
FSO2013_Ratio M/L normalized Rep3,0.5123719475732825,
SR2019_MCF7_Biol_repl_3,,
RKK2015_IKKb(K44M)+TNF-α/IKKb(K44M),,
SR2019_LM2_Biol_repl_1,0.5042360520767234,
RCJD2014_15min_1,,
AS2011_Ratio H/L Normalized by Proteins Inhi_1,,
CK2022_7 16-1,0.5076228607305175,
NJH2025_Sub12_HIIT_Mid,,
AH2018_LFQ_IT_1_C,0.5054982815154634,
RKK2015_TNF-α/basal,,
JJ2018_Ratio H/M normalized pP2,,
NJH2025_Sub12_MICT_Pre,,
NJH2025_Sub7_MICT_Post,,
DL2023_control-3,0.5065072195789603,
ZX2022_Control Replicate 2,0.49496227729386166,
HS2024_6_B_T3,,
JW2015_Intensity pre1,,
IMM2018_normalised rep. int. Empty-3,,
AMK2021_30R_p5,,
FSO2013_Ratio M/L normalized Rep1,0.5020764416613843,
SR2019_MDAMB231_Biol_repl_4,0.5039494149255301,
GF2025_P2_Sph,0.5093863155237938,
FSO2012_Ratio -/+ 3-MB-PP1 exp. wt2b,,
NJH2025_Sub13_HIIT_Mid,,
CP2009_Ratio M/L,,
NJH2025_Sub7_HIIT_Post,,
KBE2022_Log2_Ex_44_T,0.50336465528662,
DB2022_Intensity L2,,
TM2022_mock.4h.C,,
AST2020_anti-CD3.2,0.5007602840973164,
CW2012_10 µM Erl/control Experiment 1 Replicate B,,
HS2024_7_B_N1,,
FSO2013_Ratio M/L normalized Rep1___1,0.5046108688865988,
SAS2015_AZD/DMSO_Exp3,,
RM2024_Intensity D0-2___3,,
RM2024_Intensity D6-1,,
RB2022_8_RecoverySprint,0.49309878069289464,
RB2022_5_PreEndurance,0.5099575469936372,
CKC2017_log2 normalized phosphoproteomics_30min_rep#2,0.5025675085426998,
EP2017_Untreated R#4 normalized log2 ratio,0.5203178126643512,
WZ2023_Pu_010_30min,0.5134151965031574,0.14983807209875946
AS2011_Ratio H/L Proteins RNAi_2,,
RB2022_4_PreStrength,0.5068835783202734,
NJH2024_Sub4_MICT_Post,,
AH2018_LFQ_M_1_X,0.5085878536777741,
RB2022_8_RecoveryEndurance,0.5200697810362175,
KBE2022_Log2_Ex_14_U,0.5036465671071458,
FSO2013_Ratio M/L normalized Rep3___3,,
AH2018_TMTMS3_1_C,0.5079989974925471,
JJ2018_Ratio H/L normalized___1,,
ZQ2022_C2,0.5082981209772374,
RB2022_5_PreSprint,0.512886611297202,
PG2020_Intensity 8h_C,0.4972944804872032,
AH2018_SILAC_MR_2_N,0.5052563383881361,
MV2014_Ratio M/L normalized A1___2 (2 min),,
TM2022_S2.8h.B,,
MV2014_Ratio M/H normalized B3___1 (30 min),,
FSO2012_Ratio -/+ 3-MB-PP1 exp. as4a,,
RNJ2017_Log2_ratio_Tsup:Tstim_D2,,
RM2024_Intensity D6-1___2,,
NJH2025_Sub7_MICT_Mid,,
LY2019_P1+,0.5010053438833955,
AS2011_Ratio H/L Proteins Inhi_2,,
BS2014_Log2(Ratio H/L normalized),,
UK2020_HCM_2,0.5022288807815397,0.1457600655018797
FSO2013_Ratio H/L normalized Rep2___2,,
EP2017_Pervanadate R#3 normalized log2 ratio,0.5087192385057594,
RM2024_Intensity D4-3___3,,
RB2022_5_PreStrength,0.5064714595569852,
NJH2024_Sub4_MICT_Mid,,
TM2022_S2.4h.A,,
RB2022_5_PostStrength,0.509168266040757,
GF2025_P6_Sph,0.5103249963347208,
RB2022_2_PreSprint,0.5060460469843684,
ZX2022_CB treated Replicate 3,0.4903801195139943,
RM2024_Intensity D6-2___3,,
WZ2023_Pe_025_10min,0.511155493990443,0.1321110760511499
AS2011_Ratio H/L Normalized by Proteins RNAi_1,,
AST2020_anti-CD3+PDL2.1,0.5007229480668811,
KBE2022_Log2_Ex_34_U,0.5027859444815397,
WZ2023_Pu_005_10min,0.5146615447455706,0.11388191908465525
AS2011_Ratio H/L RNAi_2_1,,
NJH2024_Sub9_HIIT_Mid,,
CK2022_9 40-1,0.5010392864393748,
KTGR2014_Ratio H L Normalized Rep1_Rapamycin_0_15,,
LG2023_GSK3α-1_intensity,0.5063250672759599,
WZ2023_Pu_025_30min,0.5171306812711155,0.11567325857770047
AH2018_SILAC_MR_2_X,0.5043722170905642,
HS2024_4_PD_T2,,
NJH2024_Sub4_HIIT_Pre,,
RB2022_2_RecoverySprint,0.5039516170192619,
AS2011_Ratio H/L Protein RNAi_1,,
RM2024_Intensity D2-1___2,,
CR2017_Ratio Replicate 1.4,0.4970791971124166,
FR2021_Norm.Intensity.B,,
RM2024_Intensity D6-2___1,,
YC2018_Log2(SKBR3-LR/SKBR3)_Rep.2-1,,
RB2022_5_PostSprint,0.5087396386249287,
EJN2021_3_Rest_Basal,0.506856997421881,
CR2017_Ratio Replicate 1.3,0.504266156153543,
AS2011_Ratio H/L Normalized by Protein RNAi_2,,
KTGR2014_Ratio-Rapa 7 mins,,
AMK2021_120R_p1,,
AH2018_SILAC_3_X,0.5026264828446604,
JJ2018_Ratio M/L normalized pP3,,
AH2018_SILAC_M_2_N,0.5033075167818899,
HS2024_7_PD_T2,,
FSO2013_Ratio H/L normalized Rep1___1,0.4991061767953452,
AH2018_LFQ_1_C,0.5055821691936431,
AS2011_Ratio H/L Normalized Inhi_1_3,,
KBE2022_Log2_Ex_28_T,0.5030878952331038,
HS2024_3_B_N1,,
RM2024_Intensity D4-2___3,,
WZ2023_Pe_025_30min,0.513833876989584,0.08726382287719096
CK2022_11 40-1,0.501130815685827,
CW2012_10 µM Erl/control Experiment 3 Replicate B,,
AH2018_SILAC_2_X,0.5031052260149234,
MV2014_Ratio H/M normalized A2___2 (2 min),,
AS2011_Ratio H/L RNAi_1_2,,
KS2014_Intensity E15_1,0.5080617482967241,
FSO2013_Ratio H/L normalized Rep2,0.5083290888677414,
WZ2023_Pu_005_20min,0.5140086412896144,0.14073906076320097
NJH2024_Sub10_MICT_Post,,
RM2024_Intensity D2-3___1,,
CR2017_Ratio Replicate 1.5,0.5033155609409684,
CW2012_10 µM Gef/control Experiment 2 Replicate B,,
HS2024_7_B_T3,,
CKC2017_log2 normalized phosphoproteomics_60min_rep#1,0.5029657332053714,
AS2011_Ratio H/L RNAi_1,,
JC2019_Normalised_intensity_A_TiOx_Testis_sample_URO0059,,
AH2018_LFQ_M_1_C,0.507352447496873,
NJH2025_Sub7_MICT_Pre,,
SR2019_SKBR3_Biol_repl_2,0.5037947573319485,
HS2024_9_B_T2,,
KTGR2014_Ratio-AA 7 mins,,
MV2014_Ratio L/H normalized B3___3 (5 min),,
HS2024_3_PD_T1,,
FSO2013_Ratio M/L normalized Rep3___2,0.5096943282688928,
SR2019_BT549_Biol_repl_3,,
RCJD2014_20min_mean,,
FR2021_Norm.Intensity.H,,
RB2022_2_PreStrength,0.5034677617029826,
DB2022_LFQ intensity L1.2,,
HS2024_4_B_N1,,
KTGR2014_Ratio H M Normalized Rep2_Rapamycin_0_15,,
CK2022_1 16-1,0.5056163917389479,
CK2022_1 200-1,0.5014486015999093,
PG2020_Intensity Mock_10h_D,0.5017791353840192,
SR2019_MCF10A_Biol_repl_2,,
JJ2018_Ratio M/L normalized pP2___2,,
HS2024_6_PD_T1,,
JVO2010_Ratio M/L Normalized by Protein ThymON - Log2 G1/S,,
RB2022_6_RecoveryEndurance,0.5044809985572734,
FSO2012_Ratio -/+ 3-MB-PP1 exp. wt3b,,
EP2017_Mitotic R#2 normalized log2 ratio,0.5064063382669249,
RCJD2014_5min_1,,
RM2024_Intensity D4-1___1,,
DL2023_24h-1,0.5066643081549485,
YC2018_Log2(SKBR3-LR/SKBR3)_Rep.1-1,,
FSO2012_Ratio -/+ 3-MB-PP1 exp. as2b,,
TM2022_S2.4h.C,,
SAS2015_PLX/AZD_Exp2,,
CR2017_Ratio Replicate 3.3,0.507105907643393,
PG2020_Intensity 2h_C,,
VOI2024_Veh2 di,,
ZX2022_CB treated Replicate 2,0.4985785576247429,
KBE2022_Log2_Ex_8_T,0.5050992539786119,
NJH2025_Sub10_MICT_Post,,
HS2024_6_I_T3,,
RN2012_L11,,
AS2011_Ratio H/L Normalized Inhi_2_2,,
IMM2018_normalised rep. int. Empty-1,,
HS2024_5_PD_T1,,
AH2018_LFQ_M_2_C,0.5036714671360878,
CK2022_3 40-1,0.5022103587133834,
RBK2021_1260T Early,,
NJH2024_Sub4_HIIT_Post,,
HS2024_4_I_T1,,
YA2020_Reporter_intensity_Cancer_No.5,0.5129348406894029,
HH2022_Reporter intensity 8,0.5102348616703182,
ZQ2022_N2,0.5042841890011467,
FSO2012_Ratio -/+ 3-MB-PP1 exp. wt1b,,
FSO2013_Ratio H/L normalized Rep3___3,,
AH2018_TMTMS3_2_N,0.4902998861341082,
EJN2021_5_Rest_Basal,0.5040216268223515,
NJH2025_Sub2_HIIT_Post,,
NJH2025_Sub1_MICT_Post,,
HS2024_9_B_T1,,
FSO2012_Ratio -/+ 3-MB-PP1 exp. wt1a,,
JAW2011_Ratio H/L LS2_1,,
JVO2010_Log2 Ratio H/M Normalized aphidicolin,,
NJH2024_Sub6_HIIT_Pre,,
AH2018_SILAC_3_N,0.5022844193522816,
YA2020_Reporter_intensity_Normal_No.1,0.5194576326826552,
HS2024_3_B_T1,,
JJ2018_Ratio H/L normalized___2,,
RM2024_Intensity D0-2,,
MV2014_Ratio M/L normalized B1___2 (5 min),,
RB2022_7_PostStrength,0.5061003431015094,
RB2022_1_PostEndurance,0.5056378375474556,
CR2017_Ratio Replicate 3,0.5232213381595978,
SR2019_Hs578T_Biol_repl_3,,
MV2014_Ratio L/H normalized B3___1 (5 min),,
RBK2021_1244T Early,,
RB2022_3_PostSprint,0.5092878530665137,
NJH2024_Sub13_MICT_Mid,,
KTGR2014_Ratio-AA 2 mins,,
GF2025_P7_Sph,0.5166185524405603,
HS2024_8_I_T3,,
CF2017_EOC 3,0.4994471892225148,
LATM2013_Normalized Log2 Ratio (Medium/Light) Forward,0.49970161493636434,
HS2024_6_PD_T3,,
DL2023_12h-2,0.506321328202274,
RM2024_Intensity D6-3___1,,
FS2019_Ctr1,,
WZ2023_Pu_010_20min,0.513542336154596,0.0985756028732433
AS2011_Ratio H/L_3,,
CK2022_1 40-1,0.5023732469548039,
RNJ2017_Log2_ratio_Tsup:Trest_D1,,
CK2022_8 16-1,0.505910291549192,
KS2014_Intensity N3,0.5086670036789199,
RB2022_4_RecoveryEndurance,0.5120996238598501,
RB2022_5_RecoveryEndurance,0.5024244921580614,
JAW2011_Ratio H/L LS1a_2,,
NJH2024_Sub12_HIIT_Mid,,
AH2018_LFQ_IT_1_N,0.5055372971146826,
FSO2013_Ratio H/M normalized Rep2,0.5082792889499707,
RAM2015_Log2 A,0.504254415916244,
HS2024_8_PD_T1,,
JJ2018_Ratio H/L normalized pP2,,
CF2017_OSE 27,0.5033167033173278,
KS2014_Intensity E15_2,0.5096215025362942,
BS2014_Log2(Ratio H/L protein),,
PG2020_Intensity 8h_A,,
HS2024_7_I_T1,,
VOI2024_Veh3 di,,
RKK2015_TNF-α+SC-514/basal,,
SR2019_JIMT1_Biol_repl_1,0.5023732969556421,
HW2015_Ratio H/L normalized Exp2,,
HS2024_3_I_N1,,
AH2018_SILAC_M_3_X,0.5028336586981204,
NJH2024_Sub9_HIIT_Post,,
AS2011_Ratio H/L RNAi_1_3,,
GRW2016_Ratio H/L normalized SILAC 1___2,,
NJH2025_Sub1_HIIT_Pre,,
YC2018_Log2(SKBR3-LR/SKBR3)_Rep.1-2,,
NJH2024_Sub4_HIIT_Mid,,
VOI2024_0.1uM 2 h_1 di,,
KBE2022_Log2_Ex_6_T,0.5026531107373762,
RM2024_Intensity D4-3___1,,
AH2018_LFQ_4_X,,
AS2011_Inhi 2_Ratio H/L normalized by corresponding protein level (H:TAL treatment; L: MA treatment),,
RB2022_8_PostEndurance,0.5070838641928036,
NJH2025_Sub4_MICT_Mid,,
YP2020_Intensity C30_R1_mult_log2,,
AST2020_anti-CD3.1,0.5009671580740463,
NJH2025_Sub4_HIIT_Post,,
EP2017_Untreated R#4 log2 ratio,0.5209810250368561,
HS2024_6_B_N1,,
KBE2022_Log2_Ex_27_T,,
CW2012_10 µM Gef/control Experiment 1 Replicate A,,
VOI2024_0.1uM 24 h_1 mono,,
AMK2021_120R_p5,,
AS2011_Ratio H/L Proteins,,
NJH2024_Sub7_HIIT_Post,,
NJH2015_TMT Subject 1 127_N/126 (Exercise/Basal) (normalized),0.5071021205318034,
AS2011_Ratio H/L RNAi_2_2,,
RB2022_7_RecoveryStrength,0.5098173548314858,
AH2018_SILAC_IT_3_X,0.5012103099444039,
JAW2011_Ratio H/L,,
PG2020_Intensity 10h_C,,
FSO2013_Ratio M/L normalized Rep2,0.5083917430162992,
CP2009_Ratio H/M Normalized (50 nM dasatinib vs 5 nM dasatinib),,
HH2022_Reporter intensity 5,0.5070141588775642,
SR2019_HCC1954_Biol_repl_2,0.5045289785497205,
CK2022_14 40-1,0.5048828172258064,
RB2022_6_PreSprint,0.509704985377496,
NJH2025_Sub12_MICT_Mid,,
PG2020_Intensity 4h_D,0.49433721786022916,
NJH2025_Sub2_MICT_Post,,
AH2018_LFQ_4_C,0.5054562444120221,
DL2023_control-1,0.4989337737057012,
AR2021_ALG 10 μM,0.5002199063633924,
JAW2011_Ratio H/L LS2_2,,
AH2018_SILAC_IT_3_N,0.49979661570948847,
EJN2021_4_Rest_Ins,0.5079101515197176,
RN2012_H05,0.503147007796658,
NJH2024_Sub7_HIIT_Mid,,
GF2025_P2_Adh,0.5009893679079855,
FSO2012_Ratio -/+ 3-MB-PP1 exp. as4b,,
RB2022_8_PostSprint,0.5102493508409867,
EJN2021_1_Rest_Ins,0.508519475971189,
HH2022_Reporter intensity 3,0.4975115756717133,
FSO2012_Ratio -/+ 3-MB-PP1 exp. wt4b,,
AH2018_SILAC_IT_1_C,0.5059725150992307,
JW2021_After_3,,
GF2025_P8_Sph,0.514718126621893,
FSO2012_Ratio -/+ 3-MB-PP1 exp. wt4,,
JJ2018_Ratio M/L normalized pP2___1,,
AH2018_SILAC_2_N,0.5033378431280674,
CK2022_11 200-1,0.5014859353290197,
CK2022_12 200-1,0.4999044676680515,
AS2011_Ratio H/L Normalized by Protein RNAi_1,,
RM2024_Intensity D2-1___3,,
NJH2024_Sub1_MICT_Pre,,
HH2022_Reporter intensity 9,0.5095888072575382,
WZ2023_Su_010_20min,0.5167785709438657,0.13889276213215468
AH2018_TMTMS2_2_N,0.5085675936491146,
NJH2024_Sub13_MICT_Pre,,
KBE2022_Log2_Ex_41_U,0.5035120140303667,
NJH2015_TMT Subject 3 129_N/128_C (Exercise/Basal) (normalized),0.5009567429688402,
AH2018_TMTMS3_Pool,0.4883289784523744,
KS2014_Intensity N4,0.5082693984766494,
NJH2024_Sub1_HIIT_Post,,
MM2018_Ratio H/L replicate2,,
RM2024_Intensity D4-2___2,,
NJH2024_Sub13_HIIT_Pre,,
CF2017_OSE 26,0.5011517466761697,
CK2022_14 200-1,0.49699786130085316,
SR2019_Hs578T_Biol_repl_1,,
RB2022_7_PostSprint,0.5070525370269725,
TM2022_mock.4h.A,,
NJH2025_Sub12_HIIT_Pre,,
AH2018_TMTMS3_1_N,0.48987448157742564,
AST2020_anti-CD3+PDL2.2,0.5006367511404108,
PG2020_Intensity Mock_10h_A,0.499555799756249,
JW2021_After_2,,
NJH2024_Sub2_MICT_Post,,
EJN2021_2_Rest_Ins,0.5099912585508337,
SR2019_LM2_Biol_repl_4,0.5050681546561693,
CP2009_Ratio H/M,,
JAW2011_Ratio H/L HS,,
CK2022_13 16-1,0.4962602720502072,
GF2025_P1_Adh,0.49780776279721567,
GF2025_P1_Sph,0.5119940688549343,
EJN2021_5_Ex_Basal,0.5084966887389197,
HS2024_7_I_T3,,
JJ2018_Ratio H/L normalized pP2___2,,
WZ2023_Pe_010_10min,0.5124223806114312,0.11574254356044353
CF2017_EOC 1,0.5065720136238294,
CK2022_3 200-1,0.5026393724052706,
AH2018_LFQ_IT_3_C,0.502941195322298,
SR2019_Hs578T_Biol_repl_2,,
NJH2024_Sub12_HIIT_Post,,
JJ2018_Ratio H/L normalized pP1___2,,
MV2014_Ratio H/L normalized A1___2 (10 min),,
NJH2024_Sub10_MICT_Mid,,
NJH2024_Sub13_MICT_Post,,
BS2014_Log2(Ratio H/L normalized Rep_1),,
RB2022_3_RecoverySprint,0.5030470229884882,
NJH2025_Sub1_HIIT_Mid,,
RCJD2014_20min_2,,
FSO2012_Ratio -/+ 3-MB-PP1 exp. wt2,,
HS2024_6_PD_T2,,
HS2024_5_B_T1,,
CW2012_10 µM Gef/control Experiment 2 Replicate A,,
DL2023_12h-3,0.5070500784540241,
SR2019_MDAMB231_Biol_repl_2,0.5052055852491903,
HS2024_3_B_T2,,
RB2022_6_PreStrength,0.5128508247416614,
CK2022_2 40-1,0.5029481223283551,
RB2022_1_PostSprint,0.5018762914146435,
CK2022_4 200-1,0.5016934897040691,
JW2021_Before_2,,
TM2022_S2.12h.A,,
MV2014_Ratio L/M normalized B2___2 (30 min),,
CK2022_5 16-1,0.5081031152660428,
AR2021_ALG 1 μM,0.49241322650433555,
HS2024_4_B_T1,,
MV2014_Ratio M/H normalized A3___1 (10 min),,
SR2019_BT549_Biol_repl_4,,
EJN2021_1_Rest_Basal,0.5055922660939793,
NJH2025_Sub8_MICT_Post,,
RCJD2014_5min_3,,
CR2017_Ratio Replicate 3.2,0.5052948839330348,
FSO2012_Ratio -/+ 3-MB-PP1 exp. as3a,,
GF2025_P7_Adh,0.4980054305002991,
CK2022_9 16-1,0.5023095910845812,
NJH2024_Sub6_HIIT_Post,,
AMK2021_30R_p3,,
AS2011_Ratio H/L Normalized RNAi_2,,
RM2024_Intensity D0-2___2,,
KS2014_Intensity pY_N4,,
CK2022_13 200-1,0.4978623739615683,
AS2011_Ratio H/L Normalized_2,,
PG2020_Intensity 6h_D,,
CK2022_16 16-1,0.4952909182026369,
FS2019_db/db3,,
CK2022_15 40-1,0.5045335348014467,
NJH2024_Sub9_MICT_Pre,,
BS2014_Log2(Ratio H/L unmodified peptide),,
WZ2023_Su_005_10min,0.5157806989615076,
RM2009_Ratio M/L (M:15 min timepoint;L:0 min. timepoint),,
KBE2022_Log2_Ex_41_T,0.5035059708669076,
AMK2021_Ctrl_p1,,
AH2018_LFQ_IT_3_X,0.5031027001913662,
HS2024_5_PD_T3,,
AH2018_TMTMS3_3_X,0.48957189341518437,
FSO2012_Ratio -/+ 3-MB-PP1 exp. as2,,
KBE2022_Log2_Ex_40_U,0.5039290846958056,
AH2018_LFQ_M_1_N,0.5080297318504597,
KBE2022_Log2_Ex_27_U,,
HW2015_Ratio M/L normalized Exp3,,
RKK2015_TNF-α/IKKb(K44M),,
AH2018_SILAC_M_1_N,0.5057466031617132,
HW2015_Ratio M/L normalized Exp1,,
RB2022_5_RecoveryStrength,0.5027061761989404,
YP2020_Intensity P10_R1_mult_log2,,
RB2022_7_PreStrength,0.5073698136082477,
YA2020_Reporter_intensity_Normal_No.4,0.5165339347798411,
NJH2025_Sub13_HIIT_Pre,,
PG2020_Intensity CT_D,0.49766806170645533,
NJH2025_Sub9_MICT_Post,,
VOI2024_Veh1 mono,,
CK2022_12 16-1,0.501508123369961,
RN2012_L13,0.49459255778797656,
LG2023_Control-1_intensity,,
RM2024_Intensity D6-3___2,,
KBE2022_Log2_Ex_8_U,0.504277791412718,
SR2019_SKBR3_Biol_repl_3,0.5039943562035943,
NJH2024_Sub1_MICT_Post,,
HS2024_3_I_T2,,
KTGR2014_Ratio M L Normalized Rep2_Rapamycin_0_15,,
RM2024_Intensity D0-3___3,,
HS2024_6_I_T2,,
CW2012_10 µM Erl/control Experiment 2 Replicate B,,
AS2011_Ratio H/L Protein Inhi_1,,
FSO2013_Ratio H/M normalized Rep2___1,0.5098389270737164,
GRW2016_Ratio M/L normalized SILAC 5a___2,,
CK2022_10 40-1,0.5009763560077659,
NJH2024_Sub12_HIIT_Pre,,
NJH2024_Sub8_MICT_Pre,,
RM2024_Intensity D0-1___1,,
LY2019_P3+,0.5164968790320326,
HH2022_Reporter intensity 6,0.5127022162360914,
RB2022_2_RecoveryStrength,0.5055568684283052,
KTGR2014_Ratio-AA 15 mins,,
AS2011_Ratio H/L Normalized RNAi_2_2,,
KS2014_Intensity pY_N3,,
MV2014_Ratio H/L normalized B1___2 (30 min),,
LY2019_P5-,0.5156115661438142,
HW2015_Ratio M/L normalized Exp2,,
SR2019_HCC1419_Biol_repl_1,,
AH2018_TMTMS2_3_X,0.5085838107111109,
GF2025_P3_Adh,0.5098445153655639,
SR2019_JIMT1_Biol_repl_2,0.5035417947937916,
AH2018_TMTMS2_1_C,0.5079666327269027,
RM2024_Intensity D0-1___2,,
LY2019_P4+,0.48904147047633,
KBE2022_Log2_Ex_19_U,0.5042121214177315,
CKC2017_log2 normalized phosphoproteomics_0min_rep#1,0.5039898486830693,
RB2022_4_PostStrength,0.5084069464121905,
LG2023_GSK3α-3_intensity,0.5061299871671813,
YA2020_Reporter_intensity_Cancer_No.1,0.5114842769286074,
AST2020_Control,0.5004569898777252,
JAW2011_Ratio H/L LS1a,,
RCJD2014_5min_mean,,
NJH2015_iTRAQ Subject 4 114/115 (Exercise/Basal) (normalized),,
NJH2025_Sub1_MICT_Mid,,
TM2022_S2.12h.C,,
NJH2025_Sub9_MICT_Mid,,
CKC2017_log2 normalized phosphoproteomics_120min_rep#2,0.5023194042589798,
AS2011_Ratio H/L Normalized Inhi_1_2,,
FSO2013_Ratio M/L normalized Rep2___1,0.5105304846075973,
LG2023_Control-2_intensity,,
NJH2024_Sub8_HIIT_Pre,,
KS2014_Intensity pY_N2,,
RB2022_5_RecoverySprint,0.5092055431510073,
RB2022_7_RecoverySprint,0.5147752875681167,
YA2020_Reporter_intensity_Normal_No.3,0.5189451547218857,
HS2024_8_B_T2,,
AH2018_LFQ_1_X,0.5069249990701271,
RM2024_Intensity D6-1___1,,
RCJD2014_10min_2,,
FR2021_Norm.Intensity.M,,
RM2024_Intensity D0-3___1,,
KS2014_Intensity N2,0.5085923025045527,
HH2022_Reporter intensity 1,0.4965165919328048,
HH2022_Reporter intensity 2,0.49637640576904446,
RM2024_Intensity D6-2___2,,
FSO2012_Ratio -/+ 3-MB-PP1 exp. as1,,
RM2024_Intensity D2-3___2,,
YA2020_Reporter_intensity_Normal_No.5,0.5125143598594588,
SR2019_MCF7_Biol_repl_1,,
FSO2012_Ratio -/+ 3-MB-PP1 exp. as1a,,
HS2024_8_B_T1,,
NJH2025_Sub6_HIIT_Pre,,
RNJ2017_Log2_ratio_Tsup:Tstim_D1,,
EP2017_Untreated R#2 log2 ratio,0.4970290837563652,
SR2019_LM2_Biol_repl_3,0.5042019249865781,
RB2022_4_RecoveryStrength,0.5059877532834778,
CR2017_Ratio Replicate 2,0.49981687012299764,
CW2012_10 µM Erl/control Experiment 2 Replicate A,,
FSO2013_Ratio H/M normalized Rep3,0.5095391304085253,
AR2021_KD 72h,0.4893444498574105,
MV2014_Ratio H/M normalized B2___3 (5 min),,
KBE2022_Log2_Ex_18_U,,
AS2011_Ratio H/L Inhi_1_1,,
NJH2024_Sub8_MICT_Post,,
AH2018_TMTMS3_3_C,0.4893576987662048,
KBE2022_Log2_Ex_9_U,,
AH2018_SILAC_M_3_N,0.5024796452370499,
KBE2022_Log2_Ex_13_T,0.504585122352013,
RM2024_Intensity D0-3,,
SR2019_SKBR3_Biol_repl_1,,
PG2020_Intensity Mock_10h_C,0.5016829248614105,
CF2017_OSE 29,,
YB2013_Ratio_H_L_Normalized_in_experiment_1,,
NJH2025_Sub1_HIIT_Post,,
DL2023_24h-2,0.5063175379355558,
HS2024_7_B_N2,,
PG2020_Intensity 10h_A,,
RN2012_L12,,
MV2014_Ratio M/L normalized B1___3 (5 min),,
NJH2024_Sub8_MICT_Mid,,
AH2018_LFQ_IT_4_C,0.5022014658678597,
SAS2015_PLX/AZD_Exp1,,
FR2021_Norm.Intensity.A,,
FSO2013_Ratio H/M normalized Rep1___1,0.5029774279773985,
JW2015_Intensity cap2,,
BS2014_Log2(Ratio H/L normalized Rep_2),,
NJH2024_Sub6_MICT_Post,,
CK2022_8 40-1,0.5029358196167666,
RB2022_7_RecoveryEndurance,0.5110627344632694,
NJH2025_Sub12_HIIT_Post,,
EJN2021_4_Ex_Basal,0.5036034740365746,
TM2022_S2.12h.B,,
RN2012_L15,0.5038252976712964,
KS2014_Intensity pY_PV3,,
TM2022_S2.4h.B,,
PG2020_Intensity 4h_A,0.49531507033967564,
FSO2013_Ratio H/M normalized Rep2___2,,
TM2022_mock.4h.B,,
KBE2022_Log2_Ex_24_U,0.5022743031490963,
NJH2025_Sub13_MICT_Mid,,
KS2014_Intensity C3,0.5105132046467636,
RB2022_1_PreSprint,0.5110682108355501,
HS2024_4_I_N1,,
CK2022_7 200-1,0.5025412757454836,
CK2022_5 200-1,0.5022304544244816,
CKC2017_log2 normalized phosphoproteomics_120min_rep#3,0.5040403992517893,
FSO2013_Ratio H/L normalized Rep2___1,0.508503477090893,
NJH2024_Sub10_HIIT_Mid,,
RB2022_2_PostEndurance,0.5051526739332904,
AH2018_LFQ_2_C,0.5048465498526952,
AH2018_SILAC_MR_1_X,0.506499724752723,
KTGR2014_Ratio H M Normalized Rep1_Rapamycin_0_15,,
IMM2018_normalised rep. int. Empty-2,,
RM2024_Intensity D4-1,,
KBE2022_Log2_Ex_25_U,0.5031499361676443,
AH2018_SILAC_3_C,0.5022041782389998,
EJN2021_5_Rest_Ins,0.5080063916713733,
VOI2024_0.1uM 24 h_3 di,,
RNJ2017_Log2_ratio_Tstim:Trest_D3,,
DB2022_LFQ intensity L2.1,,
FSO2013_Ratio H/M normalized Rep1,0.5015932173143375,
CK2022_4 16-1,0.5045991467088893,
AS2011_Ratio H/L,,
SR2019_MCF7_Biol_repl_4,0.503661388942576,
EJN2021_2_Ex_Ins,0.5074519136282415,
AS2011_Ratio H/L Inhi_2_3,,
JAW2011_Ratio H/L LS1a_1,,
AH2018_LFQ_1_N,0.5066153818592855,
SAS2015_PLX/DMSO_Exp1,,
SFR2015_HL_log2_ratio_avg_c,,
JJ2018_Ratio M/L normalized pP2,,
NJH2024_Sub7_MICT_Mid,,
PG2020_Intensity 6h_B,,
FSO2013_Ratio H/L normalized Rep3,0.5087739799847915,
GRW2016_Ratio H/L normalized SILAC 2___2,,
RKK2015_IKKb(K44M)+TNF-α/TNF-α,,
JJ2018_Ratio M/L normalized,,
KTGR2014_Ratio-AA 30 mins,,
JW2021_After_1,,
NJH2025_Sub2_MICT_Mid,,
HS2024_6_B_N2,,
KBE2022_Log2_Ex_9_T,,
AH2018_SILAC_IT_2_N,0.5036147661206816,
AH2018_SILAC_IT_1_X,0.5008170089677036,
HW2015_Ratio H/L normalized Exp3,,
HS2024_7_PD_T1,,
UK2020_UA_2,0.5012573751295855,0.13288053640945896
RM2024_Intensity D2-1___1,,
GF2025_P10_Sph,0.5125745621719574,
WZ2023_Pe_025_20min,0.5103958523279251,0.1372139196965141
JVO2010_Log2 Ratio M/L Normalized aphidicolin,,
AH2018_LFQ_2_N,0.5054281956826354,
HS2024_4_I_N2,,
AH2018_TMTMS2_3_N,0.5079174259154573,
RN2012_H06,0.5072814576957605,
AS2011_Inhi 1_Ratio H/L normalized by corresponding protein level (H:TAL treatment; L: MA treatment),,
HS2024_4_PD_T3,,
WZ2023_Su_005_30min,0.5152912562477278,0.1498415585496242
SR2019_HCC1419_Biol_repl_4,0.505241116601562,
JJ2018_Ratio H/M normalized___2,,
SR2019_JIMT1_Biol_repl_3,0.5020675244274881,
AS2011_Ratio H/L Protein,,
UK2020_HCM_3,0.5012866642221518,0.10439001645801821
NJH2024_Sub10_HIIT_Post,,
CR2017_Ratio Replicate 3.1,0.5016933369111434,
WZ2023_Su_025_10min,0.5164948005796208,0.14117240184167773
AH2018_LFQ_IT_4_X,0.5026271115955786,
CP2009_Ratio H/L,,
VOI2024_0.1uM 24 h_3 mono,,
RB2022_4_RecoverySprint,0.5063011084376815,
RM2024_Intensity D6-3,,
WZ2023_Su_005_20min,0.5165312899564986,0.14715862047179867
CW2012_10 µM Gef/control Experiment 1 Replicate B,,
SFR2015_HL_log2_ratio_avg_a,,
CW2012_10 µM Erl/control Experiment 3 Replicate A,,
RB2022_1_PreEndurance,0.5124044102750909,
FSO2012_Ratio -/+ 3-MB-PP1 exp. wt3a,,
LG2023_GSK3α-2_intensity,0.5061296422526209,
EP2017_Pervanadate R#1 log2 ratio,0.5106295465496351,
NJH2025_Sub6_HIIT_Post,,
RB2022_6_RecoverySprint,0.5101302592954805,
KS2014_Intensity,0.5074338424530279,
MV2014_Ratio H/M normalized A2___1 (2 min),,
PG2020_Intensity 8h_D,,
LY2019_P7+,0.5242112602443972,
EP2017_Untreated R#1 normalized log2 ratio,0.4930546701246596,
RN2012_L10,,
PG2020_Intensity 4h_C,,
EP2017_Mitotic R#3 normalized log2 ratio,0.5052123281586416,
FSO2012_Ratio -/+ 3-MB-PP1 exp. as4,,
DB2022_LFQ intensity L1,,
KBE2022_Log2_Ex_24_T,0.5026734040501801,
RB2022_8_PostStrength,0.5056677577536403,
AH2018_SILAC_IT_2_X,0.5009977646750831,
HS2024_4_B_T3,,
NJH2024_Sub2_HIIT_Post,,
HS2024_8_B_N2,,
NJH2025_Sub8_HIIT_Pre,,
JJ2018_Ratio H/L normalized pP2___1,,
HS2024_8_I_T2,,
KBE2022_Log2_Ex_6_U,0.5026601121535569,
LATM2013_Normalized Log2 Ratio (Light/Medium) Reverse,0.501215924394321,
CR2017_Ratio Replicate 1.1,0.4889088694613882,
CKC2017_log2 normalized phosphoproteomics_30min_rep#1,0.5028133446212212,
MV2014_Ratio M/H normalized B3___2 (30 min),,
CK2022_16 200-1,0.4968034808755888,
VOI2024_0.1uM 2 h_3 di,,
EP2017_Mitotic R#1 normalized log2 ratio,0.5075159866508511,
GF2025_P9_Sph,0.5170285894242544,
CK2022_6 200-1,0.5019729694479457,
NJH2024_Sub7_MICT_Post,,
AH2018_TMTMS3_2_X,0.49133078457853235,
NJH2024_Sub8_HIIT_Post,,
DB2022_LFQ intensity R1,,
JW2015_Intensity cap3,,
SR2019_HCC1954_Biol_repl_1,,
HS2024_4_I_T2,,
NJH2024_Sub2_MICT_Mid,,
VOI2024_0.1uM 2 h_2 mono,,
CP2009_Ratio M/L Normalized (5 nM dasatinib vs Ctrl),,
FSO2012_Ratio -/+ 3-MB-PP1 exp. as3b,,
HS2024_4_PD_T1,,
SAS2015_AZD/DMSO_Exp1,,
NJH2024_Sub1_MICT_Mid,,
IMM2018_normalised rep. int. CDK5L-3,,
HS2024_3_B_T3,,
MV2014_Ratio L/H normalized A3___2 (2 min),,
NJH2025_Sub13_MICT_Pre,,
SR2019_MDAMB231_Biol_repl_3,0.5049134121474511,
GRW2016_Ratio H/L normalized SILAC 4___1,,
MM2018_Ratio H/L replicate1,,
PG2020_Intensity 2h_D,0.5014724962742643,
EP2017_Untreated R#3 normalized log2 ratio,0.5126828598442505,
MV2014_Ratio M/H normalized A3___3 (10 min),,
NJH2024_Sub7_HIIT_Pre,,
JAW2011_Ratio H/L LS2,,
CK2022_8 200-1,0.5019001138446308,
KS2014_Intensity pY_C4,,
CR2017_Ratio Replicate 3.5,0.5062446970145249,
RB2022_7_PostEndurance,0.5085263889068684,
NJH2025_Sub4_HIIT_Pre,,
CKC2017_log2 normalized phosphoproteomics_90min_rep#3,0.5028798016811151,
TM2022_mock.12h.A,,
JJ2018_Ratio H/L normalized pP1,,
EP2017_Pervanadate R#2 normalized log2 ratio,0.5095123803711386,
AS2011_Ratio H/L Normalized by Protein (Unnormalized),,
KS2014_Intensity pY_E5_4,0.5055039543817951,
RM2024_Intensity D4-3___2,,
CKC2017_log2 normalized phosphoproteomics_15min_rep#1,0.501661156160197,
AH2018_SILAC_2_C,0.5029419856100008,
AS2011_RNAi 2_Ratio H/L normalized by corresponding protein level (H: shPlk1; L: shEg5),,
HS2024_7_I_N1,,
KBE2022_Log2_Ex_29_T,,
HS2024_7_I_T2,,
AS2011_Ratio H/L Normalized RNAi_2_3,,
CW2012_10 µM Gef/control Experiment 3 Replicate B,,
HS2024_6_B_T2,,
AMK2021_45I_p5,,
CW2012_10 µM Erl/control Experiment 1 Replicate A,,
SAS2015_PLX/DMSO_Exp2,,
EJN2021_1_Ex_Basal,0.5047596250287882,
FR2021_Intensity.M,,
RB2022_2_PostSprint,0.5073111075891991,
AH2018_SILAC_MR_3_N,0.5059441005520054,
MV2014_Ratio H/L normalized B1___3 (30 min),,
CF2017_FTE 13,0.5038126249738221,
PG2020_Intensity CT_C,0.5001794041745686,
ZCP2016_Ratio H/L Rep 1,,
FS2019_db/db2,,
KS2014_Intensity pY_PV4,,
KBE2022_Log2_Ex_39_U,0.5034369268790393,
EP2017_Untreated R#3 log2 ratio,0.5134270323554689,
RB2022_2_PostStrength,0.5068145449195676,
AS2011_Ratio H/L Normalized_1,,
MV2014_Ratio M/H normalized A3___2 (10 min),,
CR2017_Ratio Replicate 3.4,0.5022332695598687,
HS2024_8_PD_T2,,
FS2019_Ctr2,,
RB2022_6_PreEndurance,0.507564049318367,
FR2021_Norm.Intensity.G,,
NJH2025_Sub9_HIIT_Post,,
CKC2017_log2 normalized phosphoproteomics_0min_rep#3,0.5051090120765475,
RM2024_Intensity D4-3,,
HS2024_8_B_N1,,
NJH2025_Sub10_MICT_Mid,,
KBE2022_Log2_Ex_15_U,0.5036164453194482,
AS2011_Ratio H/L Normalized Inhi_2,,
RKK2015_TNF-α/SC-514,,
RB2022_3_PreSprint,0.5079641890118811,
CR2017_Ratio Replicate 2.3,0.49852968278554455,
RM2009_Ratio M/L Normalized by Corresponding Protein Level (M:15 min timepoint;L:0 min. timepoint),,
CP2009_Ratio H/L Normalized (50 nM dasatinib vs Ctrl),,
GF2025_P4_Adh,0.502555009650237,
YA2020_Reporter_intensity_Normal_No.2,0.5146580837936363,
YP2020_Intensity P30_R2_mult_log2,,
NJH2025_Sub13_MICT_Post,,
HS2024_4_B_N2,,
HS2024_3_PD_T3,,
AMK2021_120R_p3,,
MV2014_Ratio L/H normalized A3___3 (2 min),,
NJH2025_Sub10_HIIT_Pre,,
FR2021_Intensity.G,,
RAM2015_Log2 C,0.5056919065385086,
AS2011_Ratio H/L Proteins Inhi_1,,
FSO2013_Ratio H/M normalized Rep1___3,,
AH2018_LFQ_M_2_N,0.5071938934026843,
MV2014_Ratio M/L normalized A1___3 (2 min),,
KBE2022_Log2_Ex_40_T,0.5045717915142685,
CK2022_2 16-1,0.5045855524991238,
RAM2015_Log2 B,0.5058620641556539,
YP2020_Intensity C10_R1_mult_log2,,
FSO2013_Ratio M/L normalized Rep1___2,0.4983154741155653,
NJH2025_Sub8_MICT_Pre,,
EJN2021_4_Rest_Basal,0.5054481068505603,
YB2013_Ratio_H_L_Normalized_in_experiment_2,,
JJ2018_Ratio H/M normalized pP3___1,,
VOI2024_Veh2 mono,,
HS2024_6_B_T1,,
UK2020_HCM_5,0.5015540470668411,0.1329006623050476
NJH2025_Sub10_HIIT_Post,,
VOI2024_0.1uM 2 h_3 mono,,
JW2015_Intensity pre3,,
AS2011_Ratio H/L Normalized Inhi_2_1,,
DL2023_24h-3,0.5064924215784168,
HS2024_7_PD_T3,,
PG2020_Intensity Mock_10h_B,,
WZ2023_Su_025_30min,0.515787037677229,0.12930961816849817
AH2018_LFQ_4_N,0.5063324892508598,
CR2017_Ratio Replicate 1.2,0.5066109536067158,
AS2011_Ratio H/L Normalized by Proteins,,
RB2022_6_RecoveryStrength,0.5048042288175574,
HS2024_8_I_N1,,
AMK2021_Ctrl_p3,,
AS2011_Ratio H/L Protein Inhi_2,,
HH2022_Reporter intensity 7,0.5135624346076264,
AH2018_SILAC_M_1_X,0.505916908512316,
RB2022_7_PreEndurance,0.5051474502491823,
VOI2024_0.1uM 24 h_2 di,,
DL2023_control-2,0.5044184919196599,
LY2019_P6+,0.49103482231552925,
DB2022_LFQ intensity R2,,
GF2025_P6_Adh,0.49005028575317283,
VOI2024_Veh1 di,,
AS2011_Ratio H/L RNAi_2,,
FSO2012_Ratio -/+ 3-MB-PP1 exp. as3,,
VOI2024_Veh3 mono,,
HS2024_5_I_T2,,
NJH2025_Sub7_HIIT_Mid,,
MV2014_Ratio H/L normalized B1___1 (30 min),,
RM2009_Ratio H/L (H:60 min timepoint;L:0 min. timepoint),,
RB2022_6_PostSprint,0.5145850945633816,
KTGR2014_Ratio H L Normalized Rep2_Rapamycin_0_15,,
AS2011_Ratio H/L Inhi_1,,
AS2011_Ratio H/L Normalized RNAi_1_2,,
AH2018_TMTMS3_2_C,0.49200628617469166,
SR2019_Hs578T_Biol_repl_4,,
RB2022_8_PreStrength,0.5076881456832428,
KS2014_Intensity C5,0.5085895767887688,
RM2024_Intensity D0-1,,
CW2012_10 µM Gef/control Experiment 3 Replicate A,,
YP2020_Intensity P30_R1_mult_log2,,
NJH2025_Sub2_HIIT_Pre,,
RB2022_3_RecoveryEndurance,0.5097931915583709,
RNJ2017_Log2_ratio_Tstim:Trest_D2,,
GF2025_P9_Adh,0.49489340944019716,
RB2022_3_PostStrength,0.5121699307817581,
TM2022_S2.8h.A,,
AS2011_Ratio H/L RNAi_1_1,,
AS2011_Ratio H/L Normalized by Proteins RNAi_2,,
FSO2012_Ratio -/+ 3-MB-PP1 exp. wt1,,
AS2011_Ratio H/L Normalized by Protein Inhi_1,,
NJH2025_Sub2_MICT_Pre,,
MV2014_Ratio L/M normalized A2___3 (10 min),,
MV2014_Ratio H/M normalized A2___3 (2 min),,
HS2024_4_B_T2,,
SR2019_BT549_Biol_repl_1,,
AH2018_LFQ_M_4_N,0.5080080913739713,
NJH2024_Sub8_HIIT_Mid,,
PG2020_Intensity 8h_B,,
AH2018_LFQ_2_X,0.5044402006838853,
PG2020_Intensity 2h_B,0.49956524698499416,
AS2011_Ratio H/L Proteins RNAi_1,,
RB2022_4_PostSprint,0.5056686996310398,
KS2014_Intensity E15_3,0.5117724427324466,
GF2025_P3_Sph,0.5110397215039458,
DB2022_LFQ intensity L2,,
MV2014_Ratio H/L normalized A1___1 (10 min),,
AH2018_SILAC_1_C,0.5055001200839211,
NJH2024_Sub1_HIIT_Pre,,
FSO2013_Ratio M/L normalized Rep2___2,0.503864286957995,
NJH2015_TMT Subject 4 130_N/129_C (Exercise/Basal) (normalized),0.5048336845382447,
AS2011_Ratio H/L RNAi_2_3,,
AH2018_SILAC_IT_1_N,0.5032565684641549,
KTGR2014_Ratio H M Normalized Rep2_AA_starvation_0_15,,
RB2022_4_PreEndurance,0.5114744727379805,
JJ2018_Ratio M/L normalized pP1,,
CR2017_Ratio Replicate 2.4,0.5006229735046145,
ZQ2022_N1,0.5050690200500857,
LY2019_P6-,0.5157347255748257,
RM2024_Intensity D2-3,,
UK2020_HCM_1,0.5011149783782713,
JW2015_Intensity pre2,,
KTGR2014_Ratio M L Normalized Rep1_AA_starvation_0_15,,
RM2024_Intensity D2-1,,
NJH2025_Sub12_MICT_Post,,
MV2014_Ratio H/M normalized B2___2 (5 min),,
RN2012_L14,0.5040393181450903,
AH2018_LFQ_3_N,0.5060952027781708,
RKK2015_TNF-α/IKKb,,
SFR2015_HL_log2_ratio_std_b,,
UK2020_UA_1,0.5013214516068162,
KBE2022_Log2_Ex_13_U,0.5041100581619257,
AS2011_Ratio H/L Normalized Inhi_1,,
RNJ2017_Log2_ratio_Tsup:Trest_D2,,
RB2022_1_RecoverySprint,0.5052832261584767,
CKC2017_log2 normalized phosphoproteomics_120min_rep#1,0.5026513665415085,
JJ2018_Ratio H/L normalized pP3,,
CK2022_7 40-1,0.50357782710056,
AS2011_Ratio H/L Inhi_1_3,,
NJH2025_Sub10_HIIT_Mid,,
KTGR2014_Ratio H L Normalized Rep2_AA_starvation_0_15,,
JAW2011_Ratio H/L LS1b_1,,
PG2020_Intensity 4h_B,,
SR2019_BT549_Biol_repl_2,,
RM2024_Intensity D4-2,,
DB2022_LFQ intensity R2.2,,
JJ2018_Ratio H/L normalized,,
RB2022_5_PostEndurance,0.5005093418731152,
HS2024_5_PD_T2,,
WZ2023_Su_025_20min,0.5170927580721832,0.12682579790342458
RM2024_Intensity D2-2___1,,
IMM2018_normalised rep. int. CDK5L-2,,
LY2019_P8-,0.49538427652570116,
JVO2010_Ratio H/M Normalized by Protein ThymON - Log2 G2,,
CKC2017_log2 normalized phosphoproteomics_15min_rep#3,0.501731195102659,
FSO2013_Ratio H/L normalized Rep1,0.49756850188127666,
NJH2024_Sub2_HIIT_Pre,,
CKC2017_log2 normalized phosphoproteomics_60min_rep#2,0.501984775069365,
CK2022_13 40-1,0.5041470993492878,
FSO2012_Ratio -/+ 3-MB-PP1 exp. wt4a,,
RN2012_H02,,
PG2020_Intensity 10h_D,,
RB2022_8_PreEndurance,0.5040149065831389,
HS2024_3_B_N2,,
EJN2021_4_Ex_Ins,0.5059462511386378,
AS2011_Ratio H/L Normalized by Protein,,
EJN2021_1_Ex_Ins,0.5075907263826129,
EP2017_Pervanadate R#3 log2 ratio,0.5067446598328625,
FSO2013_Ratio M/L normalized Rep1___3,,
NJH2025_Sub4_HIIT_Mid,,
RCJD2014_5min_2,,
RB2022_6_PostStrength,0.5113434096348992,
AH2018_SILAC_MR_3_C,0.506339431500822,
AH2018_LFQ_M_4_C,0.506619673953205,
NJH2024_Sub4_MICT_Pre,,
AS2011_Ratio H/L Normalized Inhi_1_1,,
DL2023_12h-1,0.5065181205408528,
MV2014_Ratio L/M normalized B2___1 (30 min),,
DB2022_LFQ intensity L1.1,,
NJH2025_Sub6_MICT_Pre,,
NJH2025_Sub6_MICT_Post,,
CKC2017_log2 normalized phosphoproteomics_60min_rep#3,0.5025293769418857,
RN2012_H04,0.5044418571556594,
CK2022_6 40-1,0.5033150253030695,
DB2022_LFQ intensity R2.1,,
KBE2022_Log2_Ex_42_U,0.5034523253313075,
LY2019_P3-,0.5053794572061734,
FR2021_Intensity.A,,
EJN2021_3_Ex_Ins,0.5103266346436484,
MV2014_Ratio M/L normalized A1___1 (2 min),,
WZ2023_Pe_005_30min,0.5113349249485473,0.13185447990488694
HS2024_8_PD_T3,,
EJN2021_3_Ex_Basal,0.506457638559714,
AST2020_Control.1,0.500884333484499,
JW2015_Intensity cap1,,
PG2020_Intensity CT_A,0.499048856087685,
FS2019_Ctr3,,
WZ2023_Pu_025_20min,0.5152349352125576,0.11642372820359066
NJH2025_Sub4_MICT_Post,,
JVO2010_Ratio H/M Normalized by Protein Noco3h - Log2 Late S,,
GF2025_P10_Adh,0.4987401671739965,
RB2022_1_RecoveryStrength,0.5066356539849931,
SR2019_HCC1954_Biol_repl_4,,
FR2021_Norm.Intensity.N,,
HS2024_5_B_N1,,
FSO2013_Ratio H/M normalized Rep3___3,,
AH2018_TMTMS2_2_C,0.5082588415094567,
RB2022_4_PreSprint,0.5111627056394908,
DB2022_Intensity R2,,
AH2018_TMTMS2_Pool,0.48967264037293357,
HS2024_8_I_N2,,
RB2022_3_RecoveryStrength,0.5082042497098949,
NJH2024_Sub6_HIIT_Mid,,
AH2018_SILAC_M_1_C,0.5062520565258013,
LY2019_P8+,0.4836333762283242,
RB2022_2_RecoveryEndurance,0.5060644435371604,
JJ2018_Ratio H/M normalized pP2___1,,
JAW2011_Ratio H/L HS_1,,
RB2022_3_PostEndurance,0.4954184316139149,
KS2014_Intensity pY_PV1,,
JAW2011_Ratio H/L LS1b_2,,
SR2019_MCF7_Biol_repl_2,,
NJH2015_TMT Subject 2 128_N/127_C (Exercise/Basal) (normalized),0.5033595099615488,
AS2011_Ratio H/L Normalized RNAi_1_1,,
AH2018_LFQ_M_4_X,,
NJH2024_Sub6_MICT_Pre,,
JJ2018_Ratio M/L normalized pP1___2,,
YP2020_Intensity C30_R2_mult_log2,,
NJH2024_Sub9_HIIT_Pre,,
AS2011_Ratio H/L Normalized Inhi_2_3,,
RM2024_Intensity D0-1___3,,
FSO2012_Ratio -/+ 3-MB-PP1 exp. wt3,,
KBE2022_Log2_Ex_28_U,0.5031572850124965,
GRW2016_Ratio H/L normalized SILAC 1___1,,
CF2017_FTE 17,,
LY2019_P2-,0.5205672813792273,
AH2018_LFQ_IT_1_X,0.5057090440407239,
JJ2018_Ratio H/L normalized pP3___1,,
RB2022_8_RecoveryStrength,0.5055271298043492,
WZ2023_Pe_005_20min,0.5126407087320871,
AST2020_Control.2,0.5008417028160842,
NJH2025_Sub6_MICT_Mid,,
RCJD2014_10min_1,,
FSO2013_Ratio H/L normalized Rep2___3,,
JVO2010_Ratio M/L Normalized by Protein Noco3h - Log2 G1,,
HS2024_3_I_T1,,
FSO2012_Ratio -/+ 3-MB-PP1 exp. as2a,,
CK2022_4 40-1,0.5020442039206718,
SR2019_MCF10A_Biol_repl_4,,
KS2014_Intensity pY_C5,,
NJH2025_Sub4_MICT_Pre,,
NJH2024_Sub9_MICT_Post,,
CF2017_OSE 28,0.5065887919250512,
HS2024_5_B_T2,,
HS2024_6_I_T1,,
HS2024_5_B_T3,,
JJ2018_Ratio H/M normalized pP1___1,,
KBE2022_Log2_Ex_36_U,,
AH2018_TMTMS3_3_N,0.48974062538724983,
SR2019_HCC1419_Biol_repl_2,,
FR2021_Intensity.N,,
AS2011_Ratio H/L Inhi_2_1,,
AH2018_SILAC_MR_1_C,0.5069868142593186,
NJH2024_Sub1_HIIT_Mid,,
NJH2025_Sub8_HIIT_Mid,,
EP2017_Mitotic R#3 log2 ratio,0.5043366948211906,
KBE2022_Log2_Ex_36_T,,
NJH2025_Sub6_HIIT_Mid,,
WZ2023_Pu_005_30min,0.5143367338374302,0.11030363584250424
KS2014_Intensity C2,0.5053083134094964,
FSO2013_Ratio H/L normalized Rep1___2,,
RM2024_Intensity D2-2,,
KBE2022_Log2_Ex_42_T,0.503231343148995,
CK2022_9 200-1,0.5011613124903654,
GRW2016_Ratio H/L normalized SILAC 2___1,,
JJ2018_Ratio H/M normalized pP3___2,,
DB2022_LFQ intensity R1.1,,
CK2022_10 200-1,0.5008001156258578,
NJH2024_Sub9_MICT_Mid,,
JAW2011_Ratio H/L_2,,
HS2024_7_I_N2,,
RBK2021_1332T Late,,
LY2019_P1-,0.5064322604190976,
RKK2015_TNF-α/basal.1,,
RKK2015_TNF-α/TNF-α+SC-514,,
CR2017_Ratio Replicate 2.5,0.5040543382963188,
HS2024_3_I_T3,,
CKC2017_log2 normalized phosphoproteomics_90min_rep#2,0.5024433236500782,
AS2011_Ratio H/L Normalized RNAi_1,,
KS2014_Intensity E15_4,0.510466633635915,
ZQ2022_C3,0.5074553571474787,
EJN2021_3_Rest_Ins,0.5112437008332333,
YP2020_Intensity P10_R2_mult_log2,,
MV2014_Ratio H/L normalized A1___3 (10 min),,
NJH2025_Sub1_MICT_Pre,,
KBE2022_Log2_Ex_39_T,0.5035382448725252,
FSO2013_Ratio H/M normalized Rep3___2,,
RM2024_Intensity D6-2,,
EP2017_Untreated R#1 log2 ratio,0.4935262227360616,
RKK2015_SC-514/basal,,
RM2024_Intensity D6-1___3,,
WZ2023_Pu_010_10min,0.5121995205541001,0.15481996423194613
NJH2025_Sub9_HIIT_Mid,,
SR2019_SKBR3_Biol_repl_4,0.5039136595452381,
HS2024_5_I_T3,,
KS2014_Intensity N1,0.5127760111206745,
NJH2024_Sub12_MICT_Post,,
TM2022_S2.8h.C,,
CR2017_Ratio Replicate 1,0.4821991092742431,
AS2011_RNAi 1_Ratio H/L normalized by corresponding protein level (H: shPlk1; L: shEg5),,
CKC2017_log2 normalized phosphoproteomics_30min_rep#3,0.5029110791041194,
JJ2018_Ratio H/M normalized pP3,,
AH2018_SILAC_MR_2_C,0.5075286104324616,
LATM2013_Log2 Ratio (Medium/Light) Forward,0.49961941641357466,
PG2020_Intensity 2h_A,0.4990806890787281,
NJH2024_Sub6_MICT_Mid,,
NJH2025_Sub13_HIIT_Post,,
AH2018_SILAC_MR_3_X,0.5057437302226251,
JJ2018_Ratio H/M normalized___1,,
RCJD2014_15min_2,,
AS2011_Ratio H/L_2,,
AS2011_Ratio H/L Normalized,,
RN2012_H03,,
HS2024_5_B_N2,,
HS2024_5_I_N1,,
HS2024_6_I_N1,,
AR2021_KD 48h,0.4978721972024214,
FR2021_Intensity.B,,
RB2022_3_PreEndurance,0.5039158779558064,
HS2024_5_I_T1,,
NJH2024_Sub10_MICT_Pre,,
SR2019_LM2_Biol_repl_2,,
AST2020_anti-CD3,0.5008881545973826,
SR2019_MDAMB231_Biol_repl_1,0.5047360584755144,
RM2024_Intensity D2-3___3,,
WZ2023_Pe_005_10min,0.5126190751469205,0.145079233330278
KBE2022_Log2_Ex_29_U,,
HS2024_7_B_T1,,
AH2018_LFQ_M_2_X,0.5037320898437099,
AH2018_LFQ_IT_4_N,0.502281341463738,
CK2022_15 200-1,0.4978466541632808,
RM2024_Intensity D4-1___2,,
JJ2018_Ratio H/M normalized,,
JJ2018_Ratio M/L normalized pP3___1,,
KBE2022_Log2_Ex_34_T,0.5026820800397448,
CKC2017_log2 normalized phosphoproteomics_0min_rep#2,0.5040689450699757,
LY2019_P2+,0.49914538508016815,
LATM2013_Log2 Ratio (Light/Medium) Reverse,0.5012307205413852,
CK2022_2 200-1,0.5019200576921169,
AS2011_Ratio H/L Protein RNAi_2,,
MV2014_Ratio L/H normalized A3___1 (2 min),,
WZ2023_Su_010_30min,0.516796081112694,0.14601582785800044
RN2012_H01,,
KTGR2014_Ratio-Rapa 2 mins,,
EJN2021_2_Rest_Basal,0.506534556156882,
KS2014_Intensity pY_E5_3,0.5045388569912854,
MM2018_Ratio H/L replicate 3,,
EP2017_Pervanadate R#1 normalized log2 ratio,0.5122103423575266,
HS2024_8_B_T3,,
YA2020_Reporter_intensity_Cancer_No.3,0.5192110923461586,
KBE2022_Log2_Ex_44_U,0.5035361599497379,
WZ2023_Pe_010_20min,0.5099174893860585,0.13070076393543578
KS2014_Intensity pY_C6,,
AS2011_Ratio H/L Normalized_3,,
RCJD2014_15min_mean,,
RB2022_3_PreStrength,0.5116512281798866,
NJH2015_iTRAQ Subject 3 116/117 (Exercise/Basal) (normalized),,
RCJD2014_10min_mean,,
KS2014_Intensity C1,0.5111010121975835,
FSO2013_Ratio H/M normalized Rep3___1,0.5095924900737412,
AH2018_SILAC_M_3_C,0.5024611593052551,
RKK2015_TNF-α+IKKb/TNF-α,,
RM2024_Intensity D0-3___2,,
FSO2012_Ratio -/+ 3-MB-PP1 exp. wt2a,,
AH2018_SILAC_M_2_C,0.503315538722362,
AH2018_SILAC_M_2_X,0.5023783371145691,
KTGR2014_Ratio-Rapa 15 mins,,
RM2024_Intensity D4-2___1,,
KBE2022_Log2_Ex_15_T,0.5030513129636338,
VOI2024_0.1uM 24 h_1 di,,
WZ2023_Su_010_10min,0.5159953072508604,
PG2020_Intensity 6h_C,,
JVO2010_Ratio M/L Normalized by Protein Noco45 - Log2 mitosis,,
JJ2018_Ratio M/L normalized pP1___1,,
AH2018_LFQ_M_3_N,0.5078007467010995,
VOI2024_0.1uM 24 h_2 mono,,
AH2018_TMTMS2_3_C,0.5080936281737427,
CK2022_15 16-1,0.49597808935475957,
CK2022_3 16-1,0.5058485071378902,
LY2019_P4-,0.5005015677372013,
FSO2013_Ratio H/L normalized Rep3___2,,
KS2014_Intensity pY_PV2,,
HS2024_3_I_N2,,
GF2025_P8_Adh,0.491390750034195,
YC2018_Log2(SKBR3-LR/SKBR3)_Rep.2-2,,
GF2025_P5_Sph,0.5064621940567342,
CK2022_10 16-1,0.5016631991279225,
KTGR2014_Ratio H L Normalized Rep1_AA_starvation_0_15,,
VOI2024_0.1uM 2 h_2 di,,
NJH2015_TMT Pool 131/130_C (Exercise/Basal) (normalized),0.5075834297400594,
NJH2024_Sub2_HIIT_Mid,,
AMK2021_45I_p3,,
NJH2024_Sub13_HIIT_Mid,,
DB2022_LFQ intensity R1.2,,
DB2022_Intensity R1,,
NJH2024_Sub12_MICT_Mid,,
KTGR2014_Ratio M L Normalized Rep1_Rapamycin_0_15,,
UK2020_HCM_4,0.5016312223225872,0.137473611597445
SAS2015_AZD/DMSO_Exp2,,
IMM2018_normalised rep. int. CDK5L-1,,
DB2022_LFQ intensity L2.2,,
KTGR2014_Ratio H M Normalized Rep1_AA_starvation_0_15,,
EP2017_Mitotic R#1 log2 ratio,0.5057859147882298,
EJN2021_2_Ex_Basal,0.5104701531494764,
RM2009_Ratio H/L Normalized by Corresponding Protein Level (H:60 min timepoint;L:0 min. timepoint),,
KTGR2014_Ratio-Rapa 30 mins,,
CKC2017_log2 normalized phosphoproteomics_90min_rep#1,0.5034275878170071,
CF2017_FTE 16,0.5046176525308651,
AR2021_L41 10 μM,0.4882746159369961,
CF2017_EOC 2,0.49861996915463397,
RB2022_6_PostEndurance,0.5034771299715007,
AH2018_SILAC_1_N,0.5055374857749126,
NJH2024_Sub10_HIIT_Pre,,
AS2011_Ratio H/L Inhi_1_2,,
UK2020_HCM_6,0.5008053140129411,
RB2022_7_PreSprint,0.5106318823834302,
NJH2024_Sub2_MICT_Pre,,
HS2024_3_PD_T2,,
CK2022_6 16-1,0.5070253513785737,
ZX2022_CB treated Replicate 1,0.4949030043522846,
BS2014_Log2(Ratio H/L normalized Rep_3),,
TM2022_mock.12h.C,,
GRW2016_Ratio M/L normalized SILAC 5a___1,,
HH2022_Reporter intensity 0,0.4966733684928577,
RM2024_Intensity D2-2___2,,
JC2019_Normalised_intensity_B_TiOx_Testis_sample_URO0126,,
RB2022_1_PreStrength,0.5087938096995386,
JJ2018_Ratio H/M normalized pP2___2,,
AH2018_TMTMS2_2_X,0.5087137473384341,
AR2021_L41 1 μM,0.49634566903662736,
JJ2018_Ratio H/M normalized pP1___2,,
AH2018_TMTMS2_1_N,0.5085272672922709,
NJH2025_Sub10_MICT_Pre,,
JVO2010_Ratio H/M Normalized by Protein Noco45 - Log2 early S,,
ZX2022_Control Replicate 3,0.4959531966731258,
KS2014_Intensity C4,0.507273957186214,
AS2011_Ratio H/L Inhi_2,,
KBE2022_Log2_Ex_18_T,,
NJH2025_Sub9_MICT_Pre,,
RCJD2014_20min_1,,
MV2014_Ratio H/M normalized B2___1 (5 min),,
FSO2013_Ratio M/L normalized Rep2___3,,
JC2019_Normalised_intensity_C_TiOx_Testis_sample_URO0158,,
SR2019_MCF10A_Biol_repl_3,,
HS2024_7_B_T2,,
SAS2015_PLX/DMSO_Exp3,,
AMK2021_Ctrl_p5,,
NJH2025_Sub2_HIIT_Mid,,
AH2018_LFQ_M_3_C,0.5080047493820453,
CKC2017_log2 normalized phosphoproteomics_15min_rep#2,0.5014752462052724,
YA2020_Reporter_intensity_Cancer_No.2,0.514275466338978,
FSO2013_Ratio H/M normalized Rep2___3,,
RB2022_8_PreSprint,0.5097744158921129,
AH2018_SILAC_IT_3_C,0.5054409114131683,
WZ2023_Pu_025_10min,0.5139816495902733,
RM2024_Intensity D2-2___3,,
AS2011_Ratio H/L_1,,
RCJD2014_10min_3,,
FSO2013_Ratio M/L normalized Rep3___1,0.5123169161298406,
SR2019_JIMT1_Biol_repl_4,0.5036647854368975,
YP2020_Intensity C10_R2_mult_log2,,
ZCP2016_Ratio H/L Rep 2,,
CF2017_EOC 4,0.49911954356961674,
JJ2018_Ratio H/L normalized pP1___1,,
WZ2023_Pe_010_30min,0.5120400358863824,0.14622483649382922
MV2014_Ratio L/M normalized B2___3 (30 min),,
AH2018_LFQ_IT_3_N,0.5033292941553744,
KS2014_Intensity C6,0.5086091226335028,
ZQ2022_N3,0.5057252179223564,
HW2015_Ratio H/L normalized Exp1,,
CK2022_12 40-1,0.5009620677205163,
NJH2024_Sub7_MICT_Pre,,
ZX2022_Control Replicate 1,0.4997238145598976,
JJ2018_Ratio H/M normalized pP1,,
CK2022_16 40-1,0.5052547998579835,
AH2018_SILAC_IT_2_C,0.5056370687275815,
CK2022_5 40-1,0.5031320325685134,
AH2018_LFQ_3_X,0.5045413351055443,
UK2020_UA_3,0.5008032973989853,
LY2019_P7-,0.5244903975275205,
GF2025_P5_Adh,0.5080364819301086,
RB2022_1_PostStrength,0.5025749524168694,
JAW2011_Ratio H/L LS1b,,
FSO2013_Ratio H/L normalized Rep3___1,0.5089242591930131,
SR2019_HCC1954_Biol_repl_3,,
CR2017_Ratio Replicate 2.2,0.5038937914912014,
VOI2024_0.1uM 2 h_1 mono,,
MV2014_Ratio L/M normalized A2___1 (10 min),,
RNJ2017_Log2_ratio_Tsup:Tstim_D3,,
CK2022_11 16-1,0.5018932907991194,
ZQ2022_C1,0.5063947896336153,
CR2017_Ratio Replicate 2.1,0.5172804256236953,
PG2020_Intensity CT_B,0.5017291131993059,
JJ2018_Ratio M/L normalized___2,,
AH2018_SILAC_MR_1_N,0.5110690686600838,
KS2014_Intensity pY_E5_1,0.504576139495828,
JW2021_Before_3,,
NJH2015_iTRAQ Subject 2 117/116 (Exercise/Basal) (normalized),0.5055020397025072,
MV2014_Ratio M/H normalized B3___3 (30 min),,
FS2019_db/db1,,
NJH2025_Sub9_HIIT_Pre,,
JAW2011_Ratio H/L_1,,
RCJD2014_20min_3,,
AH2018_LFQ_3_C,0.5051187307758923,
JJ2018_Ratio M/L normalized pP3___2,,
AMK2021_45I_p1,,
NJH2025_Sub8_HIIT_Post,,
AH2018_LFQ_M_3_X,0.506361351735268,
YA2020_Reporter_intensity_Cancer_No.4,0.5099733660242397,
KS2014_Intensity pY_E5_2,0.5052616376555861,
FSO2013_Ratio H/L normalized Rep1___3,,
GF2025_P4_Sph,0.5019494848047218,
RB2022_2_PreEndurance,0.5064314527652899,
JW2021_Before_1,,
KBE2022_Log2_Ex_25_T,0.503268169108339,
AS2011_Ratio H/L Normalized by Proteins Inhi_2,,
MV2014_Ratio L/M normalized A2___2 (10 min),,
JJ2018_Ratio M/L normalized___1,,
FR2021_Intensity.H,,
CK2022_14 16-1,0.4954276426051672,
AST2020_anti-CD3+PDL2,0.5008028035805144,
MV2014_Ratio M/L normalized B1___1 (5 min),,
KBE2022_Log2_Ex_19_T,0.5031451322925442,
KS2014_Intensity pY_N1,,
RB2022_1_RecoveryEndurance,0.5094429703405873,
FSO2013_Ratio H/M normalized Rep1___2,,
HS2024_8_I_T1,,
NJH2015_iTRAQ Subject 1 115/114 (Exercise/Basal) (normalized),0.505453502474862,
EP2017_Mitotic R#2 log2 ratio,0.5047839890000759,
AH2018_TMTMS2_1_X,0.5089501888582115,
KTGR2014_Ratio M L Normalized Rep2_AA_starvation_0_15,,
ZCP2016_Ratio H/L Rep 3,,
AS2011_Ratio H/L Normalized RNAi_1_3,,
SR2019_MCF10A_Biol_repl_1,,
NJH2025_Sub8_MICT_Mid,,
EJN2021_5_Ex_Ins,0.5073103522365868,
HS2024_6_I_N2,,
HH2022_Reporter intensity 4,0.5095210507956781,
RBK2021_1326T Late,,
TM2022_mock.12h.B,,
NJH2024_Sub12_MICT_Pre,,
RCJD2014_15min_3,,
MV2014_Ratio L/H normalized B3___2 (5 min),,
LG2023_Control-3_intensity,,
JJ2018_Ratio H/L normalized pP3___2,,
CF2017_FTE 15,0.5037493894319257,
HS2024_4_I_T3,,
AH2018_SILAC_1_X,0.5057112051501409,
PG2020_Intensity 10h_B,0.4989089901834472,
AH2018_TMTMS3_1_X,0.4900940122380378,
CF2017_FTE 14,,
NJH2024_Sub13_HIIT_Post,,
RM2024_Intensity D6-3___3,,
NJH2025_Sub7_HIIT_Pre,,
RBK2021_1259T Early,,
RKK2015_IKK+TNF-α/IKKb,,
FSO2012_Ratio -/+ 3-MB-PP1 exp. as1b,,
PG2020_Intensity 6h_A,,
SR2019_HCC1419_Biol_repl_3,,
KBE2022_Log2_Ex_14_T,0.5034198186321506,
EP2017_Untreated R#2 normalized log2 ratio,0.4966081614646435,
RM2024_Intensity D0-2___1,,
DB2022_Intensity L1,,
LY2019_P5+,0.48953119636964715,
HS2024_5_I_N2,,
SAS2015_PLX/AZD_Exp3,,
EP2017_Pervanadate R#2 log2 ratio,0.5073415814474697,
AS2011_Ratio H/L Normalized RNAi_2_1,,
