DatasetName,CLDN4_S(194) CLDN4_S(198) CLDN4_S(201) CLDN4_S(202) CLDN4_S(206),CLDN4_S(188) CLDN4_Y(208)
RM2024_Intensity D4-1___3,,
RB2022_4_PostEndurance,,
FSO2013_Ratio M/L normalized Rep3,,
SR2019_MCF7_Biol_repl_3,0.47313279976609685,0.6127270596981514
RKK2015_IKKb(K44M)+TNF-α/IKKb(K44M),0.5321210898224403,
SR2019_LM2_Biol_repl_1,,0.6463239534743904
RCJD2014_15min_1,,
AS2011_Ratio H/L Normalized by Proteins Inhi_1,,
CK2022_7 16-1,0.4740426492266159,
NJH2025_Sub12_HIIT_Mid,,
AH2018_LFQ_IT_1_C,,
RKK2015_TNF-α/basal,0.5185235068789231,
JJ2018_Ratio H/M normalized pP2,,
NJH2025_Sub12_MICT_Pre,,
NJH2025_Sub7_MICT_Post,,
DL2023_control-3,,
ZX2022_Control Replicate 2,,
HS2024_6_B_T3,,
JW2015_Intensity pre1,,
IMM2018_normalised rep. int. Empty-3,,
AMK2021_30R_p5,,
FSO2013_Ratio M/L normalized Rep1,,
SR2019_MDAMB231_Biol_repl_4,0.4921654911243813,0.7272464630921229
GF2025_P2_Sph,,
FSO2012_Ratio -/+ 3-MB-PP1 exp. wt2b,,
NJH2025_Sub13_HIIT_Mid,,
CP2009_Ratio M/L,,
NJH2025_Sub7_HIIT_Post,,
KBE2022_Log2_Ex_44_T,,
DB2022_Intensity L2,,
TM2022_mock.4h.C,,
AST2020_anti-CD3.2,,
CW2012_10 µM Erl/control Experiment 1 Replicate B,,
HS2024_7_B_N1,0.45751192435518445,
FSO2013_Ratio M/L normalized Rep1___1,,
SAS2015_AZD/DMSO_Exp3,,
RM2024_Intensity D0-2___3,,
RM2024_Intensity D6-1,,
RB2022_8_RecoverySprint,,
RB2022_5_PreEndurance,,
CKC2017_log2 normalized phosphoproteomics_30min_rep#2,,
EP2017_Untreated R#4 normalized log2 ratio,,0.6042265469532435
WZ2023_Pu_010_30min,,
AS2011_Ratio H/L Proteins RNAi_2,,
RB2022_4_PreStrength,,
NJH2024_Sub4_MICT_Post,,
AH2018_LFQ_M_1_X,,
RB2022_8_RecoveryEndurance,,
KBE2022_Log2_Ex_14_U,,
FSO2013_Ratio M/L normalized Rep3___3,,
AH2018_TMTMS3_1_C,,
JJ2018_Ratio H/L normalized___1,,
ZQ2022_C2,0.49153958459203284,
RB2022_5_PreSprint,,
PG2020_Intensity 8h_C,,
AH2018_SILAC_MR_2_N,,
MV2014_Ratio M/L normalized A1___2 (2 min),,
TM2022_S2.8h.B,,
MV2014_Ratio M/H normalized B3___1 (30 min),,
FSO2012_Ratio -/+ 3-MB-PP1 exp. as4a,,
RNJ2017_Log2_ratio_Tsup:Tstim_D2,,
RM2024_Intensity D6-1___2,,
NJH2025_Sub7_MICT_Mid,,
LY2019_P1+,,
AS2011_Ratio H/L Proteins Inhi_2,,
BS2014_Log2(Ratio H/L normalized),,
UK2020_HCM_2,,
FSO2013_Ratio H/L normalized Rep2___2,,
EP2017_Pervanadate R#3 normalized log2 ratio,,0.6685093741174062
RM2024_Intensity D4-3___3,,
RB2022_5_PreStrength,,
NJH2024_Sub4_MICT_Mid,,
TM2022_S2.4h.A,,
RB2022_5_PostStrength,,
GF2025_P6_Sph,,
RB2022_2_PreSprint,,
ZX2022_CB treated Replicate 3,,
RM2024_Intensity D6-2___3,,
WZ2023_Pe_025_10min,,
AS2011_Ratio H/L Normalized by Proteins RNAi_1,,
AST2020_anti-CD3+PDL2.1,,
KBE2022_Log2_Ex_34_U,,
WZ2023_Pu_005_10min,,
AS2011_Ratio H/L RNAi_2_1,,
NJH2024_Sub9_HIIT_Mid,,
CK2022_9 40-1,0.4600911615445554,
KTGR2014_Ratio H L Normalized Rep1_Rapamycin_0_15,,
LG2023_GSK3α-1_intensity,,
WZ2023_Pu_025_30min,,
AH2018_SILAC_MR_2_X,,
HS2024_4_PD_T2,0.4654075600224837,
NJH2024_Sub4_HIIT_Pre,,
RB2022_2_RecoverySprint,,
AS2011_Ratio H/L Protein RNAi_1,,
RM2024_Intensity D2-1___2,,
CR2017_Ratio Replicate 1.4,,
FR2021_Norm.Intensity.B,,
RM2024_Intensity D6-2___1,,
YC2018_Log2(SKBR3-LR/SKBR3)_Rep.2-1,,
RB2022_5_PostSprint,,
EJN2021_3_Rest_Basal,,
CR2017_Ratio Replicate 1.3,,
AS2011_Ratio H/L Normalized by Protein RNAi_2,,
KTGR2014_Ratio-Rapa 7 mins,,
AMK2021_120R_p1,,
AH2018_SILAC_3_X,,
JJ2018_Ratio M/L normalized pP3,,
AH2018_SILAC_M_2_N,,
HS2024_7_PD_T2,0.43941343758728646,
FSO2013_Ratio H/L normalized Rep1___1,0.43987673730709875,
AH2018_LFQ_1_C,,
AS2011_Ratio H/L Normalized Inhi_1_3,,
KBE2022_Log2_Ex_28_T,,
HS2024_3_B_N1,0.4273299257060472,
RM2024_Intensity D4-2___3,,
WZ2023_Pe_025_30min,,
CK2022_11 40-1,0.4601455587308756,
CW2012_10 µM Erl/control Experiment 3 Replicate B,,
AH2018_SILAC_2_X,,
MV2014_Ratio H/M normalized A2___2 (2 min),,
AS2011_Ratio H/L RNAi_1_2,,
KS2014_Intensity E15_1,,
FSO2013_Ratio H/L normalized Rep2,0.45431573679025095,
WZ2023_Pu_005_20min,,
NJH2024_Sub10_MICT_Post,,
RM2024_Intensity D2-3___1,,
CR2017_Ratio Replicate 1.5,,
CW2012_10 µM Gef/control Experiment 2 Replicate B,,
HS2024_7_B_T3,,
CKC2017_log2 normalized phosphoproteomics_60min_rep#1,,
AS2011_Ratio H/L RNAi_1,,
JC2019_Normalised_intensity_A_TiOx_Testis_sample_URO0059,,
AH2018_LFQ_M_1_C,,
NJH2025_Sub7_MICT_Pre,,
SR2019_SKBR3_Biol_repl_2,0.4710819351066612,0.6289298751161021
HS2024_9_B_T2,,
KTGR2014_Ratio-AA 7 mins,,
MV2014_Ratio L/H normalized B3___3 (5 min),,
HS2024_3_PD_T1,,
FSO2013_Ratio M/L normalized Rep3___2,,
SR2019_BT549_Biol_repl_3,,
RCJD2014_20min_mean,,
FR2021_Norm.Intensity.H,,
RB2022_2_PreStrength,,
DB2022_LFQ intensity L1.2,,
HS2024_4_B_N1,0.4677503101330006,
KTGR2014_Ratio H M Normalized Rep2_Rapamycin_0_15,,
CK2022_1 16-1,0.4722481266290246,
CK2022_1 200-1,0.4811497339580984,
PG2020_Intensity Mock_10h_D,,
SR2019_MCF10A_Biol_repl_2,0.4448607507011612,
JJ2018_Ratio M/L normalized pP2___2,,
HS2024_6_PD_T1,,
JVO2010_Ratio M/L Normalized by Protein ThymON - Log2 G1/S,,
RB2022_6_RecoveryEndurance,,
FSO2012_Ratio -/+ 3-MB-PP1 exp. wt3b,,
EP2017_Mitotic R#2 normalized log2 ratio,,0.6148535955166345
RCJD2014_5min_1,,
RM2024_Intensity D4-1___1,,
DL2023_24h-1,,
YC2018_Log2(SKBR3-LR/SKBR3)_Rep.1-1,,
FSO2012_Ratio -/+ 3-MB-PP1 exp. as2b,,
TM2022_S2.4h.C,,
SAS2015_PLX/AZD_Exp2,,
CR2017_Ratio Replicate 3.3,,
PG2020_Intensity 2h_C,,
VOI2024_Veh2 di,,
ZX2022_CB treated Replicate 2,,
KBE2022_Log2_Ex_8_T,,
NJH2025_Sub10_MICT_Post,,
HS2024_6_I_T3,,
RN2012_L11,,
AS2011_Ratio H/L Normalized Inhi_2_2,,
IMM2018_normalised rep. int. Empty-1,,
HS2024_5_PD_T1,0.4450959225650058,
AH2018_LFQ_M_2_C,,
CK2022_3 40-1,0.4662518631623289,
RBK2021_1260T Early,,
NJH2024_Sub4_HIIT_Post,,
HS2024_4_I_T1,,
YA2020_Reporter_intensity_Cancer_No.5,,
HH2022_Reporter intensity 8,0.4600190140037504,
ZQ2022_N2,0.4698013120116588,
FSO2012_Ratio -/+ 3-MB-PP1 exp. wt1b,,
FSO2013_Ratio H/L normalized Rep3___3,,
AH2018_TMTMS3_2_N,,
EJN2021_5_Rest_Basal,,
NJH2025_Sub2_HIIT_Post,,
NJH2025_Sub1_MICT_Post,,
HS2024_9_B_T1,,
FSO2012_Ratio -/+ 3-MB-PP1 exp. wt1a,,
JAW2011_Ratio H/L LS2_1,,
JVO2010_Log2 Ratio H/M Normalized aphidicolin,,
NJH2024_Sub6_HIIT_Pre,,
AH2018_SILAC_3_N,,
YA2020_Reporter_intensity_Normal_No.1,0.40687356862018753,
HS2024_3_B_T1,,
JJ2018_Ratio H/L normalized___2,,
RM2024_Intensity D0-2,,
MV2014_Ratio M/L normalized B1___2 (5 min),,
RB2022_7_PostStrength,,
RB2022_1_PostEndurance,,
CR2017_Ratio Replicate 3,,
SR2019_Hs578T_Biol_repl_3,,
MV2014_Ratio L/H normalized B3___1 (5 min),,
RBK2021_1244T Early,,
RB2022_3_PostSprint,,
NJH2024_Sub13_MICT_Mid,,
KTGR2014_Ratio-AA 2 mins,,
GF2025_P7_Sph,,
HS2024_8_I_T3,0.4072033874601469,
CF2017_EOC 3,,
LATM2013_Normalized Log2 Ratio (Medium/Light) Forward,,
HS2024_6_PD_T3,,
DL2023_12h-2,,
RM2024_Intensity D6-3___1,,
FS2019_Ctr1,,
WZ2023_Pu_010_20min,,
AS2011_Ratio H/L_3,,
CK2022_1 40-1,0.4669679722377461,
RNJ2017_Log2_ratio_Tsup:Trest_D1,,
CK2022_8 16-1,0.4779938705061502,
KS2014_Intensity N3,,
RB2022_4_RecoveryEndurance,,
RB2022_5_RecoveryEndurance,,
JAW2011_Ratio H/L LS1a_2,,
NJH2024_Sub12_HIIT_Mid,,
AH2018_LFQ_IT_1_N,,
FSO2013_Ratio H/M normalized Rep2,0.4977366328061003,
RAM2015_Log2 A,,
HS2024_8_PD_T1,0.40108037806080893,
JJ2018_Ratio H/L normalized pP2,,
CF2017_OSE 27,,
KS2014_Intensity E15_2,,
BS2014_Log2(Ratio H/L protein),,
PG2020_Intensity 8h_A,,
HS2024_7_I_T1,,
VOI2024_Veh3 di,,
RKK2015_TNF-α+SC-514/basal,0.5304566776645038,
SR2019_JIMT1_Biol_repl_1,,
HW2015_Ratio H/L normalized Exp2,,
HS2024_3_I_N1,0.4366489344642999,
AH2018_SILAC_M_3_X,,
NJH2024_Sub9_HIIT_Post,,
AS2011_Ratio H/L RNAi_1_3,,
GRW2016_Ratio H/L normalized SILAC 1___2,,
NJH2025_Sub1_HIIT_Pre,,
YC2018_Log2(SKBR3-LR/SKBR3)_Rep.1-2,,
NJH2024_Sub4_HIIT_Mid,,
VOI2024_0.1uM 2 h_1 di,,
KBE2022_Log2_Ex_6_T,,
RM2024_Intensity D4-3___1,,
AH2018_LFQ_4_X,,
AS2011_Inhi 2_Ratio H/L normalized by corresponding protein level (H:TAL treatment; L: MA treatment),,
RB2022_8_PostEndurance,,
NJH2025_Sub4_MICT_Mid,,
YP2020_Intensity C30_R1_mult_log2,,
AST2020_anti-CD3.1,,
NJH2025_Sub4_HIIT_Post,,
EP2017_Untreated R#4 log2 ratio,,0.604707241221853
HS2024_6_B_N1,0.49069824474362733,
KBE2022_Log2_Ex_27_T,,
CW2012_10 µM Gef/control Experiment 1 Replicate A,,
VOI2024_0.1uM 24 h_1 mono,,
AMK2021_120R_p5,,
AS2011_Ratio H/L Proteins,,
NJH2024_Sub7_HIIT_Post,,
NJH2015_TMT Subject 1 127_N/126 (Exercise/Basal) (normalized),,
AS2011_Ratio H/L RNAi_2_2,,
RB2022_7_RecoveryStrength,,
AH2018_SILAC_IT_3_X,,
JAW2011_Ratio H/L,,
PG2020_Intensity 10h_C,,
FSO2013_Ratio M/L normalized Rep2,,
CP2009_Ratio H/M Normalized (50 nM dasatinib vs 5 nM dasatinib),,
HH2022_Reporter intensity 5,0.4567816443358906,
SR2019_HCC1954_Biol_repl_2,0.47069832649890353,0.6234932938425831
CK2022_14 40-1,0.4658385310666696,
RB2022_6_PreSprint,,
NJH2025_Sub12_MICT_Mid,,
PG2020_Intensity 4h_D,,
NJH2025_Sub2_MICT_Post,,
AH2018_LFQ_4_C,,
DL2023_control-1,,
AR2021_ALG 10 μM,,
JAW2011_Ratio H/L LS2_2,,
AH2018_SILAC_IT_3_N,,
EJN2021_4_Rest_Ins,,
RN2012_H05,,
NJH2024_Sub7_HIIT_Mid,,
GF2025_P2_Adh,,
FSO2012_Ratio -/+ 3-MB-PP1 exp. as4b,,
RB2022_8_PostSprint,,
EJN2021_1_Rest_Ins,,
HH2022_Reporter intensity 3,0.4828539998553872,0.6845140696431069
FSO2012_Ratio -/+ 3-MB-PP1 exp. wt4b,,
AH2018_SILAC_IT_1_C,,
JW2021_After_3,,
GF2025_P8_Sph,,
FSO2012_Ratio -/+ 3-MB-PP1 exp. wt4,,
JJ2018_Ratio M/L normalized pP2___1,,
AH2018_SILAC_2_N,,
CK2022_11 200-1,0.4915287778017789,
CK2022_12 200-1,0.4948091351884811,
AS2011_Ratio H/L Normalized by Protein RNAi_1,,
RM2024_Intensity D2-1___3,,
NJH2024_Sub1_MICT_Pre,,
HH2022_Reporter intensity 9,0.46715204018519574,0.5900244183811325
WZ2023_Su_010_20min,,
AH2018_TMTMS2_2_N,,
NJH2024_Sub13_MICT_Pre,,
KBE2022_Log2_Ex_41_U,,
NJH2015_TMT Subject 3 129_N/128_C (Exercise/Basal) (normalized),,
AH2018_TMTMS3_Pool,,
KS2014_Intensity N4,,
NJH2024_Sub1_HIIT_Post,,
MM2018_Ratio H/L replicate2,,
RM2024_Intensity D4-2___2,,
NJH2024_Sub13_HIIT_Pre,,
CF2017_OSE 26,,
CK2022_14 200-1,0.485302287014543,
SR2019_Hs578T_Biol_repl_1,,
RB2022_7_PostSprint,,
TM2022_mock.4h.A,,
NJH2025_Sub12_HIIT_Pre,,
AH2018_TMTMS3_1_N,,
AST2020_anti-CD3+PDL2.2,,
PG2020_Intensity Mock_10h_A,,
JW2021_After_2,,
NJH2024_Sub2_MICT_Post,,
EJN2021_2_Rest_Ins,,
SR2019_LM2_Biol_repl_4,,0.6327765833446333
CP2009_Ratio H/M,,
JAW2011_Ratio H/L HS,,
CK2022_13 16-1,0.4758735629009493,
GF2025_P1_Adh,,
GF2025_P1_Sph,,
EJN2021_5_Ex_Basal,,
HS2024_7_I_T3,0.44528709016585843,
JJ2018_Ratio H/L normalized pP2___2,,
WZ2023_Pe_010_10min,,
CF2017_EOC 1,,
CK2022_3 200-1,0.48215332878846684,
AH2018_LFQ_IT_3_C,,
SR2019_Hs578T_Biol_repl_2,,
NJH2024_Sub12_HIIT_Post,,
JJ2018_Ratio H/L normalized pP1___2,,
MV2014_Ratio H/L normalized A1___2 (10 min),,
NJH2024_Sub10_MICT_Mid,,
NJH2024_Sub13_MICT_Post,,
BS2014_Log2(Ratio H/L normalized Rep_1),,
RB2022_3_RecoverySprint,,
NJH2025_Sub1_HIIT_Mid,,
RCJD2014_20min_2,,
FSO2012_Ratio -/+ 3-MB-PP1 exp. wt2,,
HS2024_6_PD_T2,,
HS2024_5_B_T1,,
CW2012_10 µM Gef/control Experiment 2 Replicate A,,
DL2023_12h-3,,
SR2019_MDAMB231_Biol_repl_2,0.5027764298480536,0.7216526627485246
HS2024_3_B_T2,0.5643254469371194,
RB2022_6_PreStrength,,
CK2022_2 40-1,0.46753652068655943,
RB2022_1_PostSprint,,
CK2022_4 200-1,0.48178654893240774,
JW2021_Before_2,,
TM2022_S2.12h.A,,
MV2014_Ratio L/M normalized B2___2 (30 min),,
CK2022_5 16-1,0.4795065454225167,
AR2021_ALG 1 μM,,
HS2024_4_B_T1,,
MV2014_Ratio M/H normalized A3___1 (10 min),,
SR2019_BT549_Biol_repl_4,,
EJN2021_1_Rest_Basal,,
NJH2025_Sub8_MICT_Post,,
RCJD2014_5min_3,,
CR2017_Ratio Replicate 3.2,,
FSO2012_Ratio -/+ 3-MB-PP1 exp. as3a,,
GF2025_P7_Adh,,
CK2022_9 16-1,0.4563537225547852,
NJH2024_Sub6_HIIT_Post,,
AMK2021_30R_p3,,
AS2011_Ratio H/L Normalized RNAi_2,,
RM2024_Intensity D0-2___2,,
KS2014_Intensity pY_N4,,
CK2022_13 200-1,0.48414439707197304,
AS2011_Ratio H/L Normalized_2,,
PG2020_Intensity 6h_D,,
CK2022_16 16-1,0.480927220941902,
FS2019_db/db3,,
CK2022_15 40-1,0.4660598752200718,
NJH2024_Sub9_MICT_Pre,,
BS2014_Log2(Ratio H/L unmodified peptide),,
WZ2023_Su_005_10min,,
RM2009_Ratio M/L (M:15 min timepoint;L:0 min. timepoint),,
KBE2022_Log2_Ex_41_T,,
AMK2021_Ctrl_p1,,
AH2018_LFQ_IT_3_X,,
HS2024_5_PD_T3,,
AH2018_TMTMS3_3_X,,
FSO2012_Ratio -/+ 3-MB-PP1 exp. as2,,
KBE2022_Log2_Ex_40_U,,
AH2018_LFQ_M_1_N,,
KBE2022_Log2_Ex_27_U,,
HW2015_Ratio M/L normalized Exp3,,
RKK2015_TNF-α/IKKb(K44M),0.5580865046006339,
AH2018_SILAC_M_1_N,,
HW2015_Ratio M/L normalized Exp1,,
RB2022_5_RecoveryStrength,,
YP2020_Intensity P10_R1_mult_log2,,
RB2022_7_PreStrength,,
YA2020_Reporter_intensity_Normal_No.4,0.42513998559831656,
NJH2025_Sub13_HIIT_Pre,,
PG2020_Intensity CT_D,,
NJH2025_Sub9_MICT_Post,,
VOI2024_Veh1 mono,,
CK2022_12 16-1,0.46669084143395995,
RN2012_L13,,
LG2023_Control-1_intensity,,
RM2024_Intensity D6-3___2,,
KBE2022_Log2_Ex_8_U,,
SR2019_SKBR3_Biol_repl_3,0.48566443890910593,0.6731825863725295
NJH2024_Sub1_MICT_Post,,
HS2024_3_I_T2,,
KTGR2014_Ratio M L Normalized Rep2_Rapamycin_0_15,,
RM2024_Intensity D0-3___3,,
HS2024_6_I_T2,0.44675079150187214,
CW2012_10 µM Erl/control Experiment 2 Replicate B,,
AS2011_Ratio H/L Protein Inhi_1,,
FSO2013_Ratio H/M normalized Rep2___1,0.4997640219385115,
GRW2016_Ratio M/L normalized SILAC 5a___2,,
CK2022_10 40-1,0.4600479804757386,
NJH2024_Sub12_HIIT_Pre,,
NJH2024_Sub8_MICT_Pre,,
RM2024_Intensity D0-1___1,,
LY2019_P3+,,
HH2022_Reporter intensity 6,0.461669785569922,0.5674127224002541
RB2022_2_RecoveryStrength,,
KTGR2014_Ratio-AA 15 mins,,
AS2011_Ratio H/L Normalized RNAi_2_2,,
KS2014_Intensity pY_N3,,
MV2014_Ratio H/L normalized B1___2 (30 min),,
LY2019_P5-,,
HW2015_Ratio M/L normalized Exp2,,
SR2019_HCC1419_Biol_repl_1,0.4757860674449633,0.6930086626610024
AH2018_TMTMS2_3_X,,
GF2025_P3_Adh,,
SR2019_JIMT1_Biol_repl_2,,0.576554702027451
AH2018_TMTMS2_1_C,,
RM2024_Intensity D0-1___2,,
LY2019_P4+,,
KBE2022_Log2_Ex_19_U,,
CKC2017_log2 normalized phosphoproteomics_0min_rep#1,,
RB2022_4_PostStrength,,
LG2023_GSK3α-3_intensity,,
YA2020_Reporter_intensity_Cancer_No.1,0.4446403695288078,
AST2020_Control,,
JAW2011_Ratio H/L LS1a,,
RCJD2014_5min_mean,,
NJH2015_iTRAQ Subject 4 114/115 (Exercise/Basal) (normalized),,
NJH2025_Sub1_MICT_Mid,,
TM2022_S2.12h.C,,
NJH2025_Sub9_MICT_Mid,,
CKC2017_log2 normalized phosphoproteomics_120min_rep#2,,
AS2011_Ratio H/L Normalized Inhi_1_2,,
FSO2013_Ratio M/L normalized Rep2___1,,
LG2023_Control-2_intensity,,
NJH2024_Sub8_HIIT_Pre,,
KS2014_Intensity pY_N2,,
RB2022_5_RecoverySprint,,
RB2022_7_RecoverySprint,,
YA2020_Reporter_intensity_Normal_No.3,0.4231383539784434,
HS2024_8_B_T2,,
AH2018_LFQ_1_X,,
RM2024_Intensity D6-1___1,,
RCJD2014_10min_2,,
FR2021_Norm.Intensity.M,,
RM2024_Intensity D0-3___1,,
KS2014_Intensity N2,,
HH2022_Reporter intensity 1,0.48396204455012787,0.6832850275148401
HH2022_Reporter intensity 2,0.4831449574072093,0.6841161062421948
RM2024_Intensity D6-2___2,,
FSO2012_Ratio -/+ 3-MB-PP1 exp. as1,,
RM2024_Intensity D2-3___2,,
YA2020_Reporter_intensity_Normal_No.5,0.4231615684511347,
SR2019_MCF7_Biol_repl_1,0.47570464672496515,0.5869276980010725
FSO2012_Ratio -/+ 3-MB-PP1 exp. as1a,,
HS2024_8_B_T1,0.47132245869306316,
NJH2025_Sub6_HIIT_Pre,,
RNJ2017_Log2_ratio_Tsup:Tstim_D1,,
EP2017_Untreated R#2 log2 ratio,,0.5477531186651009
SR2019_LM2_Biol_repl_3,,0.6567078270319573
RB2022_4_RecoveryStrength,,
CR2017_Ratio Replicate 2,,
CW2012_10 µM Erl/control Experiment 2 Replicate A,,
FSO2013_Ratio H/M normalized Rep3,0.4708672681231092,
AR2021_KD 72h,,
MV2014_Ratio H/M normalized B2___3 (5 min),,
KBE2022_Log2_Ex_18_U,,
AS2011_Ratio H/L Inhi_1_1,,
NJH2024_Sub8_MICT_Post,,
AH2018_TMTMS3_3_C,,
KBE2022_Log2_Ex_9_U,,
AH2018_SILAC_M_3_N,,
KBE2022_Log2_Ex_13_T,,
RM2024_Intensity D0-3,,
SR2019_SKBR3_Biol_repl_1,0.47081605493203205,0.6492241283907353
PG2020_Intensity Mock_10h_C,,
CF2017_OSE 29,,
YB2013_Ratio_H_L_Normalized_in_experiment_1,,
NJH2025_Sub1_HIIT_Post,,
DL2023_24h-2,,
HS2024_7_B_N2,0.45350585680465977,
PG2020_Intensity 10h_A,,
RN2012_L12,,
MV2014_Ratio M/L normalized B1___3 (5 min),,
NJH2024_Sub8_MICT_Mid,,
AH2018_LFQ_IT_4_C,,
SAS2015_PLX/AZD_Exp1,,
FR2021_Norm.Intensity.A,,
FSO2013_Ratio H/M normalized Rep1___1,0.5011043372619128,
JW2015_Intensity cap2,,
BS2014_Log2(Ratio H/L normalized Rep_2),,
NJH2024_Sub6_MICT_Post,,
CK2022_8 40-1,0.4663815450693516,
RB2022_7_RecoveryEndurance,,
NJH2025_Sub12_HIIT_Post,,
EJN2021_4_Ex_Basal,,
TM2022_S2.12h.B,,
RN2012_L15,,
KS2014_Intensity pY_PV3,,
TM2022_S2.4h.B,,
PG2020_Intensity 4h_A,,
FSO2013_Ratio H/M normalized Rep2___2,,
TM2022_mock.4h.B,,
KBE2022_Log2_Ex_24_U,,
NJH2025_Sub13_MICT_Mid,,
KS2014_Intensity C3,,
RB2022_1_PreSprint,,
HS2024_4_I_N1,,
CK2022_7 200-1,0.47222147301881245,
CK2022_5 200-1,0.4707106816297137,
CKC2017_log2 normalized phosphoproteomics_120min_rep#3,,
FSO2013_Ratio H/L normalized Rep2___1,0.45440735067131943,
NJH2024_Sub10_HIIT_Mid,,
RB2022_2_PostEndurance,,
AH2018_LFQ_2_C,,
AH2018_SILAC_MR_1_X,,
KTGR2014_Ratio H M Normalized Rep1_Rapamycin_0_15,,
IMM2018_normalised rep. int. Empty-2,,
RM2024_Intensity D4-1,,
KBE2022_Log2_Ex_25_U,,
AH2018_SILAC_3_C,,
EJN2021_5_Rest_Ins,,
VOI2024_0.1uM 24 h_3 di,,
RNJ2017_Log2_ratio_Tstim:Trest_D3,,
DB2022_LFQ intensity L2.1,,
FSO2013_Ratio H/M normalized Rep1,0.5002914816027958,
CK2022_4 16-1,0.47155317723695456,
AS2011_Ratio H/L,,
SR2019_MCF7_Biol_repl_4,0.4722036055938532,0.6077745257725828
EJN2021_2_Ex_Ins,,
AS2011_Ratio H/L Inhi_2_3,,
JAW2011_Ratio H/L LS1a_1,,
AH2018_LFQ_1_N,,
SAS2015_PLX/DMSO_Exp1,,
SFR2015_HL_log2_ratio_avg_c,,
JJ2018_Ratio M/L normalized pP2,,
NJH2024_Sub7_MICT_Mid,,
PG2020_Intensity 6h_B,,
FSO2013_Ratio H/L normalized Rep3,0.47584296441359175,
GRW2016_Ratio H/L normalized SILAC 2___2,,
RKK2015_IKKb(K44M)+TNF-α/TNF-α,0.47584377991316895,
JJ2018_Ratio M/L normalized,,
KTGR2014_Ratio-AA 30 mins,,
JW2021_After_1,,
NJH2025_Sub2_MICT_Mid,,
HS2024_6_B_N2,0.5169709354000264,
KBE2022_Log2_Ex_9_T,,
AH2018_SILAC_IT_2_N,,
AH2018_SILAC_IT_1_X,,
HW2015_Ratio H/L normalized Exp3,,
HS2024_7_PD_T1,0.4267014641170882,
UK2020_UA_2,,
RM2024_Intensity D2-1___1,,
GF2025_P10_Sph,,
WZ2023_Pe_025_20min,,
JVO2010_Log2 Ratio M/L Normalized aphidicolin,,
AH2018_LFQ_2_N,,
HS2024_4_I_N2,,
AH2018_TMTMS2_3_N,,
RN2012_H06,,
AS2011_Inhi 1_Ratio H/L normalized by corresponding protein level (H:TAL treatment; L: MA treatment),,
HS2024_4_PD_T3,0.45955550361879355,
WZ2023_Su_005_30min,,
SR2019_HCC1419_Biol_repl_4,0.47909977558307587,0.6828424477800875
JJ2018_Ratio H/M normalized___2,,
SR2019_JIMT1_Biol_repl_3,0.4296162145992377,0.5961072567053933
AS2011_Ratio H/L Protein,,
UK2020_HCM_3,,
NJH2024_Sub10_HIIT_Post,,
CR2017_Ratio Replicate 3.1,,
WZ2023_Su_025_10min,,
AH2018_LFQ_IT_4_X,,
CP2009_Ratio H/L,,
VOI2024_0.1uM 24 h_3 mono,,
RB2022_4_RecoverySprint,,
RM2024_Intensity D6-3,,
WZ2023_Su_005_20min,,
CW2012_10 µM Gef/control Experiment 1 Replicate B,,
SFR2015_HL_log2_ratio_avg_a,,
CW2012_10 µM Erl/control Experiment 3 Replicate A,,
RB2022_1_PreEndurance,,
FSO2012_Ratio -/+ 3-MB-PP1 exp. wt3a,,
LG2023_GSK3α-2_intensity,,
EP2017_Pervanadate R#1 log2 ratio,,0.6652492706049674
NJH2025_Sub6_HIIT_Post,,
RB2022_6_RecoverySprint,,
KS2014_Intensity,,
MV2014_Ratio H/M normalized A2___1 (2 min),,
PG2020_Intensity 8h_D,,
LY2019_P7+,,
EP2017_Untreated R#1 normalized log2 ratio,,0.6161294647372251
RN2012_L10,,
PG2020_Intensity 4h_C,,
EP2017_Mitotic R#3 normalized log2 ratio,,0.5759519469616969
FSO2012_Ratio -/+ 3-MB-PP1 exp. as4,,
DB2022_LFQ intensity L1,,
KBE2022_Log2_Ex_24_T,,
RB2022_8_PostStrength,,
AH2018_SILAC_IT_2_X,,
HS2024_4_B_T3,,
NJH2024_Sub2_HIIT_Post,,
HS2024_8_B_N2,,
NJH2025_Sub8_HIIT_Pre,,
JJ2018_Ratio H/L normalized pP2___1,,
HS2024_8_I_T2,,
KBE2022_Log2_Ex_6_U,,
LATM2013_Normalized Log2 Ratio (Light/Medium) Reverse,,
CR2017_Ratio Replicate 1.1,,
CKC2017_log2 normalized phosphoproteomics_30min_rep#1,,
MV2014_Ratio M/H normalized B3___2 (30 min),,
CK2022_16 200-1,0.48588410231293083,
VOI2024_0.1uM 2 h_3 di,,
EP2017_Mitotic R#1 normalized log2 ratio,,0.6193052985661989
GF2025_P9_Sph,,
CK2022_6 200-1,0.4703841452209872,
NJH2024_Sub7_MICT_Post,,
AH2018_TMTMS3_2_X,,
NJH2024_Sub8_HIIT_Post,,
DB2022_LFQ intensity R1,,
JW2015_Intensity cap3,,
SR2019_HCC1954_Biol_repl_1,0.4704688560201549,0.6347894821799636
HS2024_4_I_T2,0.4309679103649122,
NJH2024_Sub2_MICT_Mid,,
VOI2024_0.1uM 2 h_2 mono,,
CP2009_Ratio M/L Normalized (5 nM dasatinib vs Ctrl),,
FSO2012_Ratio -/+ 3-MB-PP1 exp. as3b,,
HS2024_4_PD_T1,0.45430028323376187,
SAS2015_AZD/DMSO_Exp1,,
NJH2024_Sub1_MICT_Mid,,
IMM2018_normalised rep. int. CDK5L-3,,
HS2024_3_B_T3,,
MV2014_Ratio L/H normalized A3___2 (2 min),,
NJH2025_Sub13_MICT_Pre,,
SR2019_MDAMB231_Biol_repl_3,0.5039802353261341,0.7256343373369216
GRW2016_Ratio H/L normalized SILAC 4___1,,
MM2018_Ratio H/L replicate1,,
PG2020_Intensity 2h_D,,
EP2017_Untreated R#3 normalized log2 ratio,,0.5947836999331919
MV2014_Ratio M/H normalized A3___3 (10 min),,
NJH2024_Sub7_HIIT_Pre,,
JAW2011_Ratio H/L LS2,,
CK2022_8 200-1,0.4721925406986748,
KS2014_Intensity pY_C4,,
CR2017_Ratio Replicate 3.5,,
RB2022_7_PostEndurance,,
NJH2025_Sub4_HIIT_Pre,,
CKC2017_log2 normalized phosphoproteomics_90min_rep#3,,
TM2022_mock.12h.A,,
JJ2018_Ratio H/L normalized pP1,,
EP2017_Pervanadate R#2 normalized log2 ratio,,0.6750761650807521
AS2011_Ratio H/L Normalized by Protein (Unnormalized),,
KS2014_Intensity pY_E5_4,,
RM2024_Intensity D4-3___2,,
CKC2017_log2 normalized phosphoproteomics_15min_rep#1,,
AH2018_SILAC_2_C,,
AS2011_RNAi 2_Ratio H/L normalized by corresponding protein level (H: shPlk1; L: shEg5),,
HS2024_7_I_N1,0.44888311143884724,
KBE2022_Log2_Ex_29_T,,
HS2024_7_I_T2,0.4296945926065917,
AS2011_Ratio H/L Normalized RNAi_2_3,,
CW2012_10 µM Gef/control Experiment 3 Replicate B,,
HS2024_6_B_T2,,
AMK2021_45I_p5,,
CW2012_10 µM Erl/control Experiment 1 Replicate A,,
SAS2015_PLX/DMSO_Exp2,,
EJN2021_1_Ex_Basal,,
FR2021_Intensity.M,,
RB2022_2_PostSprint,,
AH2018_SILAC_MR_3_N,,
MV2014_Ratio H/L normalized B1___3 (30 min),,
CF2017_FTE 13,,
PG2020_Intensity CT_C,,
ZCP2016_Ratio H/L Rep 1,,
FS2019_db/db2,,
KS2014_Intensity pY_PV4,,
KBE2022_Log2_Ex_39_U,,
EP2017_Untreated R#3 log2 ratio,,0.5951966843432742
RB2022_2_PostStrength,,
AS2011_Ratio H/L Normalized_1,,
MV2014_Ratio M/H normalized A3___2 (10 min),,
CR2017_Ratio Replicate 3.4,,
HS2024_8_PD_T2,0.4035802694156353,
FS2019_Ctr2,,
RB2022_6_PreEndurance,,
FR2021_Norm.Intensity.G,,
NJH2025_Sub9_HIIT_Post,,
CKC2017_log2 normalized phosphoproteomics_0min_rep#3,,
RM2024_Intensity D4-3,,
HS2024_8_B_N1,,
NJH2025_Sub10_MICT_Mid,,
KBE2022_Log2_Ex_15_U,,
AS2011_Ratio H/L Normalized Inhi_2,,
RKK2015_TNF-α/SC-514,0.40885298379943347,
RB2022_3_PreSprint,,
CR2017_Ratio Replicate 2.3,,
RM2009_Ratio M/L Normalized by Corresponding Protein Level (M:15 min timepoint;L:0 min. timepoint),,
CP2009_Ratio H/L Normalized (50 nM dasatinib vs Ctrl),,
GF2025_P4_Adh,,
YA2020_Reporter_intensity_Normal_No.2,0.4055142590161432,
YP2020_Intensity P30_R2_mult_log2,,
NJH2025_Sub13_MICT_Post,,
HS2024_4_B_N2,0.4487142560128712,
HS2024_3_PD_T3,0.4250965618576087,
AMK2021_120R_p3,,
MV2014_Ratio L/H normalized A3___3 (2 min),,
NJH2025_Sub10_HIIT_Pre,,
FR2021_Intensity.G,,
RAM2015_Log2 C,,
AS2011_Ratio H/L Proteins Inhi_1,,
FSO2013_Ratio H/M normalized Rep1___3,,
AH2018_LFQ_M_2_N,,
MV2014_Ratio M/L normalized A1___3 (2 min),,
KBE2022_Log2_Ex_40_T,,
CK2022_2 16-1,0.47161832675102955,
RAM2015_Log2 B,,
YP2020_Intensity C10_R1_mult_log2,,
FSO2013_Ratio M/L normalized Rep1___2,,
NJH2025_Sub8_MICT_Pre,,
EJN2021_4_Rest_Basal,,
YB2013_Ratio_H_L_Normalized_in_experiment_2,,
JJ2018_Ratio H/M normalized pP3___1,,
VOI2024_Veh2 mono,,
HS2024_6_B_T1,,
UK2020_HCM_5,,
NJH2025_Sub10_HIIT_Post,,
VOI2024_0.1uM 2 h_3 mono,,
JW2015_Intensity pre3,,
AS2011_Ratio H/L Normalized Inhi_2_1,,
DL2023_24h-3,,
HS2024_7_PD_T3,0.4660234095380623,
PG2020_Intensity Mock_10h_B,,
WZ2023_Su_025_30min,,
AH2018_LFQ_4_N,,
CR2017_Ratio Replicate 1.2,,
AS2011_Ratio H/L Normalized by Proteins,,
RB2022_6_RecoveryStrength,,
HS2024_8_I_N1,,
AMK2021_Ctrl_p3,,
AS2011_Ratio H/L Protein Inhi_2,,
HH2022_Reporter intensity 7,0.45895277238953075,0.5638446378061566
AH2018_SILAC_M_1_X,,
RB2022_7_PreEndurance,,
VOI2024_0.1uM 24 h_2 di,,
DL2023_control-2,,
LY2019_P6+,,
DB2022_LFQ intensity R2,,
GF2025_P6_Adh,,
VOI2024_Veh1 di,,
AS2011_Ratio H/L RNAi_2,,
FSO2012_Ratio -/+ 3-MB-PP1 exp. as3,,
VOI2024_Veh3 mono,,
HS2024_5_I_T2,0.6107343172067197,
NJH2025_Sub7_HIIT_Mid,,
MV2014_Ratio H/L normalized B1___1 (30 min),,
RM2009_Ratio H/L (H:60 min timepoint;L:0 min. timepoint),,
RB2022_6_PostSprint,,
KTGR2014_Ratio H L Normalized Rep2_Rapamycin_0_15,,
AS2011_Ratio H/L Inhi_1,,
AS2011_Ratio H/L Normalized RNAi_1_2,,
AH2018_TMTMS3_2_C,,
SR2019_Hs578T_Biol_repl_4,,
RB2022_8_PreStrength,,
KS2014_Intensity C5,,
RM2024_Intensity D0-1,,
CW2012_10 µM Gef/control Experiment 3 Replicate A,,
YP2020_Intensity P30_R1_mult_log2,,
NJH2025_Sub2_HIIT_Pre,,
RB2022_3_RecoveryEndurance,,
RNJ2017_Log2_ratio_Tstim:Trest_D2,,
GF2025_P9_Adh,,
RB2022_3_PostStrength,,
TM2022_S2.8h.A,,
AS2011_Ratio H/L RNAi_1_1,,
AS2011_Ratio H/L Normalized by Proteins RNAi_2,,
FSO2012_Ratio -/+ 3-MB-PP1 exp. wt1,,
AS2011_Ratio H/L Normalized by Protein Inhi_1,,
NJH2025_Sub2_MICT_Pre,,
MV2014_Ratio L/M normalized A2___3 (10 min),,
MV2014_Ratio H/M normalized A2___3 (2 min),,
HS2024_4_B_T2,,
SR2019_BT549_Biol_repl_1,,
AH2018_LFQ_M_4_N,,
NJH2024_Sub8_HIIT_Mid,,
PG2020_Intensity 8h_B,,
AH2018_LFQ_2_X,,
PG2020_Intensity 2h_B,,
AS2011_Ratio H/L Proteins RNAi_1,,
RB2022_4_PostSprint,,
KS2014_Intensity E15_3,,
GF2025_P3_Sph,,
DB2022_LFQ intensity L2,,
MV2014_Ratio H/L normalized A1___1 (10 min),,
AH2018_SILAC_1_C,,
NJH2024_Sub1_HIIT_Pre,,
FSO2013_Ratio M/L normalized Rep2___2,,
NJH2015_TMT Subject 4 130_N/129_C (Exercise/Basal) (normalized),,
AS2011_Ratio H/L RNAi_2_3,,
AH2018_SILAC_IT_1_N,,
KTGR2014_Ratio H M Normalized Rep2_AA_starvation_0_15,,
RB2022_4_PreEndurance,,
JJ2018_Ratio M/L normalized pP1,,
CR2017_Ratio Replicate 2.4,,
ZQ2022_N1,0.5044636411258734,
LY2019_P6-,,
RM2024_Intensity D2-3,,
UK2020_HCM_1,,
JW2015_Intensity pre2,,
KTGR2014_Ratio M L Normalized Rep1_AA_starvation_0_15,,
RM2024_Intensity D2-1,,
NJH2025_Sub12_MICT_Post,,
MV2014_Ratio H/M normalized B2___2 (5 min),,
RN2012_L14,,
AH2018_LFQ_3_N,,
RKK2015_TNF-α/IKKb,0.48710786112607096,
SFR2015_HL_log2_ratio_std_b,,
UK2020_UA_1,,
KBE2022_Log2_Ex_13_U,,
AS2011_Ratio H/L Normalized Inhi_1,,
RNJ2017_Log2_ratio_Tsup:Trest_D2,,
RB2022_1_RecoverySprint,,
CKC2017_log2 normalized phosphoproteomics_120min_rep#1,,
JJ2018_Ratio H/L normalized pP3,,
CK2022_7 40-1,0.4671412267059356,
AS2011_Ratio H/L Inhi_1_3,,
NJH2025_Sub10_HIIT_Mid,,
KTGR2014_Ratio H L Normalized Rep2_AA_starvation_0_15,,
JAW2011_Ratio H/L LS1b_1,,
PG2020_Intensity 4h_B,,
SR2019_BT549_Biol_repl_2,,
RM2024_Intensity D4-2,,
DB2022_LFQ intensity R2.2,,
JJ2018_Ratio H/L normalized,,
RB2022_5_PostEndurance,,
HS2024_5_PD_T2,,
WZ2023_Su_025_20min,,
RM2024_Intensity D2-2___1,,
IMM2018_normalised rep. int. CDK5L-2,,
LY2019_P8-,,
JVO2010_Ratio H/M Normalized by Protein ThymON - Log2 G2,,
CKC2017_log2 normalized phosphoproteomics_15min_rep#3,,
FSO2013_Ratio H/L normalized Rep1,0.43565163367609827,
NJH2024_Sub2_HIIT_Pre,,
CKC2017_log2 normalized phosphoproteomics_60min_rep#2,,
CK2022_13 40-1,0.4663816155946619,
FSO2012_Ratio -/+ 3-MB-PP1 exp. wt4a,,
RN2012_H02,,
PG2020_Intensity 10h_D,,
RB2022_8_PreEndurance,,
HS2024_3_B_N2,0.44061835384172293,
EJN2021_4_Ex_Ins,,
AS2011_Ratio H/L Normalized by Protein,,
EJN2021_1_Ex_Ins,,
EP2017_Pervanadate R#3 log2 ratio,,0.6693369699152174
FSO2013_Ratio M/L normalized Rep1___3,,
NJH2025_Sub4_HIIT_Mid,,
RCJD2014_5min_2,,
RB2022_6_PostStrength,,
AH2018_SILAC_MR_3_C,,
AH2018_LFQ_M_4_C,,
NJH2024_Sub4_MICT_Pre,,
AS2011_Ratio H/L Normalized Inhi_1_1,,
DL2023_12h-1,,
MV2014_Ratio L/M normalized B2___1 (30 min),,
DB2022_LFQ intensity L1.1,,
NJH2025_Sub6_MICT_Pre,,
NJH2025_Sub6_MICT_Post,,
CKC2017_log2 normalized phosphoproteomics_60min_rep#3,,
RN2012_H04,,
CK2022_6 40-1,0.46716212303354876,
DB2022_LFQ intensity R2.1,,
KBE2022_Log2_Ex_42_U,,
LY2019_P3-,,
FR2021_Intensity.A,,
EJN2021_3_Ex_Ins,,
MV2014_Ratio M/L normalized A1___1 (2 min),,
WZ2023_Pe_005_30min,,
HS2024_8_PD_T3,0.4030184095555895,
EJN2021_3_Ex_Basal,,
AST2020_Control.1,,
JW2015_Intensity cap1,,
PG2020_Intensity CT_A,,
FS2019_Ctr3,,
WZ2023_Pu_025_20min,,
NJH2025_Sub4_MICT_Post,,
JVO2010_Ratio H/M Normalized by Protein Noco3h - Log2 Late S,,
GF2025_P10_Adh,,
RB2022_1_RecoveryStrength,,
SR2019_HCC1954_Biol_repl_4,0.475508108658639,0.6431815083773217
FR2021_Norm.Intensity.N,,
HS2024_5_B_N1,,
FSO2013_Ratio H/M normalized Rep3___3,,
AH2018_TMTMS2_2_C,,
RB2022_4_PreSprint,,
DB2022_Intensity R2,,
AH2018_TMTMS2_Pool,,
HS2024_8_I_N2,,
RB2022_3_RecoveryStrength,,
NJH2024_Sub6_HIIT_Mid,,
AH2018_SILAC_M_1_C,,
LY2019_P8+,,
RB2022_2_RecoveryEndurance,,
JJ2018_Ratio H/M normalized pP2___1,,
JAW2011_Ratio H/L HS_1,,
RB2022_3_PostEndurance,,
KS2014_Intensity pY_PV1,,
JAW2011_Ratio H/L LS1b_2,,
SR2019_MCF7_Biol_repl_2,0.46713391874149685,
NJH2015_TMT Subject 2 128_N/127_C (Exercise/Basal) (normalized),,
AS2011_Ratio H/L Normalized RNAi_1_1,,
AH2018_LFQ_M_4_X,,
NJH2024_Sub6_MICT_Pre,,
JJ2018_Ratio M/L normalized pP1___2,,
YP2020_Intensity C30_R2_mult_log2,,
NJH2024_Sub9_HIIT_Pre,,
AS2011_Ratio H/L Normalized Inhi_2_3,,
RM2024_Intensity D0-1___3,,
FSO2012_Ratio -/+ 3-MB-PP1 exp. wt3,,
KBE2022_Log2_Ex_28_U,,
GRW2016_Ratio H/L normalized SILAC 1___1,,
CF2017_FTE 17,,
LY2019_P2-,,
AH2018_LFQ_IT_1_X,,
JJ2018_Ratio H/L normalized pP3___1,,
RB2022_8_RecoveryStrength,,
WZ2023_Pe_005_20min,,
AST2020_Control.2,,
NJH2025_Sub6_MICT_Mid,,
RCJD2014_10min_1,,
FSO2013_Ratio H/L normalized Rep2___3,,
JVO2010_Ratio M/L Normalized by Protein Noco3h - Log2 G1,,
HS2024_3_I_T1,,
FSO2012_Ratio -/+ 3-MB-PP1 exp. as2a,,
CK2022_4 40-1,0.4668965475681984,
SR2019_MCF10A_Biol_repl_4,,
KS2014_Intensity pY_C5,,
NJH2025_Sub4_MICT_Pre,,
NJH2024_Sub9_MICT_Post,,
CF2017_OSE 28,,
HS2024_5_B_T2,,
HS2024_6_I_T1,0.4450299983968347,
HS2024_5_B_T3,0.5741357103246785,
JJ2018_Ratio H/M normalized pP1___1,,
KBE2022_Log2_Ex_36_U,,
AH2018_TMTMS3_3_N,,
SR2019_HCC1419_Biol_repl_2,0.46129454005534676,0.6888993600653788
FR2021_Intensity.N,,
AS2011_Ratio H/L Inhi_2_1,,
AH2018_SILAC_MR_1_C,,
NJH2024_Sub1_HIIT_Mid,,
NJH2025_Sub8_HIIT_Mid,,
EP2017_Mitotic R#3 log2 ratio,,0.5936860580804926
KBE2022_Log2_Ex_36_T,,
NJH2025_Sub6_HIIT_Mid,,
WZ2023_Pu_005_30min,,
KS2014_Intensity C2,,
FSO2013_Ratio H/L normalized Rep1___2,,
RM2024_Intensity D2-2,,
KBE2022_Log2_Ex_42_T,,
CK2022_9 200-1,0.4917480925481351,
GRW2016_Ratio H/L normalized SILAC 2___1,,
JJ2018_Ratio H/M normalized pP3___2,,
DB2022_LFQ intensity R1.1,,
CK2022_10 200-1,0.4905606857366685,
NJH2024_Sub9_MICT_Mid,,
JAW2011_Ratio H/L_2,,
HS2024_7_I_N2,,
RBK2021_1332T Late,,
LY2019_P1-,,
RKK2015_TNF-α/basal.1,0.5558513807071302,
RKK2015_TNF-α/TNF-α+SC-514,0.5091801772056282,
CR2017_Ratio Replicate 2.5,,
HS2024_3_I_T3,,
CKC2017_log2 normalized phosphoproteomics_90min_rep#2,,
AS2011_Ratio H/L Normalized RNAi_1,,
KS2014_Intensity E15_4,,
ZQ2022_C3,0.4552638173183145,
EJN2021_3_Rest_Ins,,
YP2020_Intensity P10_R2_mult_log2,,
MV2014_Ratio H/L normalized A1___3 (10 min),,
NJH2025_Sub1_MICT_Pre,,
KBE2022_Log2_Ex_39_T,,
FSO2013_Ratio H/M normalized Rep3___2,,
RM2024_Intensity D6-2,,
EP2017_Untreated R#1 log2 ratio,,0.6165497976345413
RKK2015_SC-514/basal,0.5861550817103423,
RM2024_Intensity D6-1___3,,
WZ2023_Pu_010_10min,,
NJH2025_Sub9_HIIT_Mid,,
SR2019_SKBR3_Biol_repl_4,0.4638102454003912,0.6525282911067816
HS2024_5_I_T3,0.5216304415369233,
KS2014_Intensity N1,,
NJH2024_Sub12_MICT_Post,,
TM2022_S2.8h.C,,
CR2017_Ratio Replicate 1,,
AS2011_RNAi 1_Ratio H/L normalized by corresponding protein level (H: shPlk1; L: shEg5),,
CKC2017_log2 normalized phosphoproteomics_30min_rep#3,,
JJ2018_Ratio H/M normalized pP3,,
AH2018_SILAC_MR_2_C,,
LATM2013_Log2 Ratio (Medium/Light) Forward,,
PG2020_Intensity 2h_A,,
NJH2024_Sub6_MICT_Mid,,
NJH2025_Sub13_HIIT_Post,,
AH2018_SILAC_MR_3_X,,
JJ2018_Ratio H/M normalized___1,,
RCJD2014_15min_2,,
AS2011_Ratio H/L_2,,
AS2011_Ratio H/L Normalized,,
RN2012_H03,,
HS2024_5_B_N2,,
HS2024_5_I_N1,,
HS2024_6_I_N1,0.41559711064777655,
AR2021_KD 48h,,
FR2021_Intensity.B,,
RB2022_3_PreEndurance,,
HS2024_5_I_T1,0.6067668064631107,
NJH2024_Sub10_MICT_Pre,,
SR2019_LM2_Biol_repl_2,,0.6397168850542717
AST2020_anti-CD3,,
SR2019_MDAMB231_Biol_repl_1,0.5010760228461348,0.724622805695382
RM2024_Intensity D2-3___3,,
WZ2023_Pe_005_10min,,
KBE2022_Log2_Ex_29_U,,
HS2024_7_B_T1,,
AH2018_LFQ_M_2_X,,
AH2018_LFQ_IT_4_N,,
CK2022_15 200-1,0.4858771331590632,
RM2024_Intensity D4-1___2,,
JJ2018_Ratio H/M normalized,,
JJ2018_Ratio M/L normalized pP3___1,,
KBE2022_Log2_Ex_34_T,,
CKC2017_log2 normalized phosphoproteomics_0min_rep#2,,
LY2019_P2+,,
LATM2013_Log2 Ratio (Light/Medium) Reverse,,
CK2022_2 200-1,0.48171898950786074,
AS2011_Ratio H/L Protein RNAi_2,,
MV2014_Ratio L/H normalized A3___1 (2 min),,
WZ2023_Su_010_30min,,
RN2012_H01,,
KTGR2014_Ratio-Rapa 2 mins,,
EJN2021_2_Rest_Basal,,
KS2014_Intensity pY_E5_3,,
MM2018_Ratio H/L replicate 3,,
EP2017_Pervanadate R#1 normalized log2 ratio,,0.6645440592700292
HS2024_8_B_T3,0.4637771998165235,
YA2020_Reporter_intensity_Cancer_No.3,,
KBE2022_Log2_Ex_44_U,,
WZ2023_Pe_010_20min,,
KS2014_Intensity pY_C6,,
AS2011_Ratio H/L Normalized_3,,
RCJD2014_15min_mean,,
RB2022_3_PreStrength,,
NJH2015_iTRAQ Subject 3 116/117 (Exercise/Basal) (normalized),,
RCJD2014_10min_mean,,
KS2014_Intensity C1,,
FSO2013_Ratio H/M normalized Rep3___1,0.47098335593978335,
AH2018_SILAC_M_3_C,,
RKK2015_TNF-α+IKKb/TNF-α,0.3855055499714163,
RM2024_Intensity D0-3___2,,
FSO2012_Ratio -/+ 3-MB-PP1 exp. wt2a,,
AH2018_SILAC_M_2_C,,
AH2018_SILAC_M_2_X,,
KTGR2014_Ratio-Rapa 15 mins,,
RM2024_Intensity D4-2___1,,
KBE2022_Log2_Ex_15_T,,
VOI2024_0.1uM 24 h_1 di,,
WZ2023_Su_010_10min,,
PG2020_Intensity 6h_C,,
JVO2010_Ratio M/L Normalized by Protein Noco45 - Log2 mitosis,,
JJ2018_Ratio M/L normalized pP1___1,,
AH2018_LFQ_M_3_N,,
VOI2024_0.1uM 24 h_2 mono,,
AH2018_TMTMS2_3_C,,
CK2022_15 16-1,0.4793543472517919,
CK2022_3 16-1,0.4718109843898969,
LY2019_P4-,,
FSO2013_Ratio H/L normalized Rep3___2,,
KS2014_Intensity pY_PV2,,
HS2024_3_I_N2,0.42735253654937777,
GF2025_P8_Adh,,
YC2018_Log2(SKBR3-LR/SKBR3)_Rep.2-2,,
GF2025_P5_Sph,,
CK2022_10 16-1,0.46143614673702305,
KTGR2014_Ratio H L Normalized Rep1_AA_starvation_0_15,,
VOI2024_0.1uM 2 h_2 di,,
NJH2015_TMT Pool 131/130_C (Exercise/Basal) (normalized),,
NJH2024_Sub2_HIIT_Mid,,
AMK2021_45I_p3,,
NJH2024_Sub13_HIIT_Mid,,
DB2022_LFQ intensity R1.2,,
DB2022_Intensity R1,,
NJH2024_Sub12_MICT_Mid,,
KTGR2014_Ratio M L Normalized Rep1_Rapamycin_0_15,,
UK2020_HCM_4,,
SAS2015_AZD/DMSO_Exp2,,
IMM2018_normalised rep. int. CDK5L-1,,
DB2022_LFQ intensity L2.2,,
KTGR2014_Ratio H M Normalized Rep1_AA_starvation_0_15,,
EP2017_Mitotic R#1 log2 ratio,,0.6420655419407798
EJN2021_2_Ex_Basal,,
RM2009_Ratio H/L Normalized by Corresponding Protein Level (H:60 min timepoint;L:0 min. timepoint),,
KTGR2014_Ratio-Rapa 30 mins,,
CKC2017_log2 normalized phosphoproteomics_90min_rep#1,,
CF2017_FTE 16,,
AR2021_L41 10 μM,,
CF2017_EOC 2,,
RB2022_6_PostEndurance,,
AH2018_SILAC_1_N,,
NJH2024_Sub10_HIIT_Pre,,
AS2011_Ratio H/L Inhi_1_2,,
UK2020_HCM_6,,
RB2022_7_PreSprint,,
NJH2024_Sub2_MICT_Pre,,
HS2024_3_PD_T2,0.45882885617959357,
CK2022_6 16-1,0.4768433252727379,
ZX2022_CB treated Replicate 1,,
BS2014_Log2(Ratio H/L normalized Rep_3),,
TM2022_mock.12h.C,,
GRW2016_Ratio M/L normalized SILAC 5a___1,,
HH2022_Reporter intensity 0,0.48338244870399044,0.6863420462862019
RM2024_Intensity D2-2___2,,
JC2019_Normalised_intensity_B_TiOx_Testis_sample_URO0126,,
RB2022_1_PreStrength,,
JJ2018_Ratio H/M normalized pP2___2,,
AH2018_TMTMS2_2_X,,
AR2021_L41 1 μM,,
JJ2018_Ratio H/M normalized pP1___2,,
AH2018_TMTMS2_1_N,,
NJH2025_Sub10_MICT_Pre,,
JVO2010_Ratio H/M Normalized by Protein Noco45 - Log2 early S,,
ZX2022_Control Replicate 3,,
KS2014_Intensity C4,,
AS2011_Ratio H/L Inhi_2,,
KBE2022_Log2_Ex_18_T,,
NJH2025_Sub9_MICT_Pre,,
RCJD2014_20min_1,,
MV2014_Ratio H/M normalized B2___1 (5 min),,
FSO2013_Ratio M/L normalized Rep2___3,,
JC2019_Normalised_intensity_C_TiOx_Testis_sample_URO0158,,
SR2019_MCF10A_Biol_repl_3,,
HS2024_7_B_T2,,
SAS2015_PLX/DMSO_Exp3,,
AMK2021_Ctrl_p5,,
NJH2025_Sub2_HIIT_Mid,,
AH2018_LFQ_M_3_C,,
CKC2017_log2 normalized phosphoproteomics_15min_rep#2,,
YA2020_Reporter_intensity_Cancer_No.2,0.4382224831752555,
FSO2013_Ratio H/M normalized Rep2___3,,
RB2022_8_PreSprint,,
AH2018_SILAC_IT_3_C,,
WZ2023_Pu_025_10min,,
RM2024_Intensity D2-2___3,,
AS2011_Ratio H/L_1,,
RCJD2014_10min_3,,
FSO2013_Ratio M/L normalized Rep3___1,,
SR2019_JIMT1_Biol_repl_4,0.443220564010243,0.5806243642138602
YP2020_Intensity C10_R2_mult_log2,,
ZCP2016_Ratio H/L Rep 2,,
CF2017_EOC 4,,
JJ2018_Ratio H/L normalized pP1___1,,
WZ2023_Pe_010_30min,,
MV2014_Ratio L/M normalized B2___3 (30 min),,
AH2018_LFQ_IT_3_N,,
KS2014_Intensity C6,,
ZQ2022_N3,0.46012661207317684,
HW2015_Ratio H/L normalized Exp1,,
CK2022_12 40-1,0.4614548643027964,
NJH2024_Sub7_MICT_Pre,,
ZX2022_Control Replicate 1,,
JJ2018_Ratio H/M normalized pP1,,
CK2022_16 40-1,0.4668304671427636,
AH2018_SILAC_IT_2_C,,
CK2022_5 40-1,0.46736254169025526,
AH2018_LFQ_3_X,,
UK2020_UA_3,,
LY2019_P7-,,
GF2025_P5_Adh,,
RB2022_1_PostStrength,,
JAW2011_Ratio H/L LS1b,,
FSO2013_Ratio H/L normalized Rep3___1,0.4762222323341179,
SR2019_HCC1954_Biol_repl_3,0.4748625152122348,0.643355418841159
CR2017_Ratio Replicate 2.2,,
VOI2024_0.1uM 2 h_1 mono,,
MV2014_Ratio L/M normalized A2___1 (10 min),,
RNJ2017_Log2_ratio_Tsup:Tstim_D3,,
CK2022_11 16-1,0.4600423958009371,
ZQ2022_C1,0.4524282655480564,
CR2017_Ratio Replicate 2.1,,
PG2020_Intensity CT_B,,
JJ2018_Ratio M/L normalized___2,,
AH2018_SILAC_MR_1_N,,
KS2014_Intensity pY_E5_1,,
JW2021_Before_3,,
NJH2015_iTRAQ Subject 2 117/116 (Exercise/Basal) (normalized),,
MV2014_Ratio M/H normalized B3___3 (30 min),,
FS2019_db/db1,,
NJH2025_Sub9_HIIT_Pre,,
JAW2011_Ratio H/L_1,,
RCJD2014_20min_3,,
AH2018_LFQ_3_C,,
JJ2018_Ratio M/L normalized pP3___2,,
AMK2021_45I_p1,,
NJH2025_Sub8_HIIT_Post,,
AH2018_LFQ_M_3_X,,
YA2020_Reporter_intensity_Cancer_No.4,,
KS2014_Intensity pY_E5_2,,
FSO2013_Ratio H/L normalized Rep1___3,,
GF2025_P4_Sph,,
RB2022_2_PreEndurance,,
JW2021_Before_1,,
KBE2022_Log2_Ex_25_T,,
AS2011_Ratio H/L Normalized by Proteins Inhi_2,,
MV2014_Ratio L/M normalized A2___2 (10 min),,
JJ2018_Ratio M/L normalized___1,,
FR2021_Intensity.H,,
CK2022_14 16-1,0.47900873879009964,
AST2020_anti-CD3+PDL2,,
MV2014_Ratio M/L normalized B1___1 (5 min),,
KBE2022_Log2_Ex_19_T,,
KS2014_Intensity pY_N1,,
RB2022_1_RecoveryEndurance,,
FSO2013_Ratio H/M normalized Rep1___2,,
HS2024_8_I_T1,,
NJH2015_iTRAQ Subject 1 115/114 (Exercise/Basal) (normalized),,
EP2017_Mitotic R#2 log2 ratio,,0.6349897831467661
AH2018_TMTMS2_1_X,,
KTGR2014_Ratio M L Normalized Rep2_AA_starvation_0_15,,
ZCP2016_Ratio H/L Rep 3,,
AS2011_Ratio H/L Normalized RNAi_1_3,,
SR2019_MCF10A_Biol_repl_1,,0.5745916252761027
NJH2025_Sub8_MICT_Mid,,
EJN2021_5_Ex_Ins,,
HS2024_6_I_N2,0.45147481617982077,
HH2022_Reporter intensity 4,,
RBK2021_1326T Late,,
TM2022_mock.12h.B,,
NJH2024_Sub12_MICT_Pre,,
RCJD2014_15min_3,,
MV2014_Ratio L/H normalized B3___2 (5 min),,
LG2023_Control-3_intensity,,
JJ2018_Ratio H/L normalized pP3___2,,
CF2017_FTE 15,,
HS2024_4_I_T3,0.47131075910395215,
AH2018_SILAC_1_X,,
PG2020_Intensity 10h_B,,
AH2018_TMTMS3_1_X,,
CF2017_FTE 14,,
NJH2024_Sub13_HIIT_Post,,
RM2024_Intensity D6-3___3,,
NJH2025_Sub7_HIIT_Pre,,
RBK2021_1259T Early,,
RKK2015_IKK+TNF-α/IKKb,0.5783353763388489,
FSO2012_Ratio -/+ 3-MB-PP1 exp. as1b,,
PG2020_Intensity 6h_A,,
SR2019_HCC1419_Biol_repl_3,0.47085808299818926,0.692453114857858
KBE2022_Log2_Ex_14_T,,
EP2017_Untreated R#2 normalized log2 ratio,,0.5476243947720154
RM2024_Intensity D0-2___1,,
DB2022_Intensity L1,,
LY2019_P5+,,
HS2024_5_I_N2,,
SAS2015_PLX/AZD_Exp3,,
EP2017_Pervanadate R#2 log2 ratio,,0.6762032593132482
AS2011_Ratio H/L Normalized RNAi_2_1,,
