DatasetName,FAM234B_S(30) FAM234B_S(33) FAM234B_S(52) FAM234B_S(62) FAM234B_Y(82),FAM234B_S(597) FAM234B_T(598)
RM2024_Intensity D4-1___3,0.5418515315386199,
RB2022_4_PostEndurance,,
FSO2013_Ratio M/L normalized Rep3,0.48802029457394414,
SR2019_MCF7_Biol_repl_3,0.600763881436466,
RKK2015_IKKb(K44M)+TNF-α/IKKb(K44M),0.5731395630851616,
SR2019_LM2_Biol_repl_1,,
RCJD2014_15min_1,0.5740708330974993,
AS2011_Ratio H/L Normalized by Proteins Inhi_1,,
CK2022_7 16-1,,
NJH2025_Sub12_HIIT_Mid,,
AH2018_LFQ_IT_1_C,,
RKK2015_TNF-α/basal,0.5711361080036814,
JJ2018_Ratio H/M normalized pP2,,
NJH2025_Sub12_MICT_Pre,,
NJH2025_Sub7_MICT_Post,,
DL2023_control-3,0.5620531070925943,
ZX2022_Control Replicate 2,,
HS2024_6_B_T3,0.5666669831103694,
JW2015_Intensity pre1,,
IMM2018_normalised rep. int. Empty-3,,
AMK2021_30R_p5,,
FSO2013_Ratio M/L normalized Rep1,0.5866251476649185,
SR2019_MDAMB231_Biol_repl_4,,
GF2025_P2_Sph,,
FSO2012_Ratio -/+ 3-MB-PP1 exp. wt2b,,
NJH2025_Sub13_HIIT_Mid,,
CP2009_Ratio M/L,,
NJH2025_Sub7_HIIT_Post,,
KBE2022_Log2_Ex_44_T,,
DB2022_Intensity L2,,
TM2022_mock.4h.C,,
AST2020_anti-CD3.2,,
CW2012_10 µM Erl/control Experiment 1 Replicate B,,
HS2024_7_B_N1,,
FSO2013_Ratio M/L normalized Rep1___1,0.5710737319444176,
SAS2015_AZD/DMSO_Exp3,,
RM2024_Intensity D0-2___3,0.5801293089987221,
RM2024_Intensity D6-1,0.5796803965360626,
RB2022_8_RecoverySprint,,
RB2022_5_PreEndurance,,
CKC2017_log2 normalized phosphoproteomics_30min_rep#2,,
EP2017_Untreated R#4 normalized log2 ratio,,
WZ2023_Pu_010_30min,0.5837792542169171,
AS2011_Ratio H/L Proteins RNAi_2,,
RB2022_4_PreStrength,,
NJH2024_Sub4_MICT_Post,,
AH2018_LFQ_M_1_X,,
RB2022_8_RecoveryEndurance,,
KBE2022_Log2_Ex_14_U,,
FSO2013_Ratio M/L normalized Rep3___3,,
AH2018_TMTMS3_1_C,0.5900931668725046,
JJ2018_Ratio H/L normalized___1,0.5552524364498426,
ZQ2022_C2,,
RB2022_5_PreSprint,,
PG2020_Intensity 8h_C,0.5819183109671842,
AH2018_SILAC_MR_2_N,,
MV2014_Ratio M/L normalized A1___2 (2 min),,
TM2022_S2.8h.B,,
MV2014_Ratio M/H normalized B3___1 (30 min),,
FSO2012_Ratio -/+ 3-MB-PP1 exp. as4a,,
RNJ2017_Log2_ratio_Tsup:Tstim_D2,,
RM2024_Intensity D6-1___2,,
NJH2025_Sub7_MICT_Mid,,
LY2019_P1+,,
AS2011_Ratio H/L Proteins Inhi_2,,
BS2014_Log2(Ratio H/L normalized),,
UK2020_HCM_2,,
FSO2013_Ratio H/L normalized Rep2___2,,
EP2017_Pervanadate R#3 normalized log2 ratio,,
RM2024_Intensity D4-3___3,0.5707514504623153,
RB2022_5_PreStrength,,
NJH2024_Sub4_MICT_Mid,,
TM2022_S2.4h.A,,
RB2022_5_PostStrength,,
GF2025_P6_Sph,0.587616419392285,
RB2022_2_PreSprint,,
ZX2022_CB treated Replicate 3,,
RM2024_Intensity D6-2___3,0.5764838525797238,
WZ2023_Pe_025_10min,0.6177938374383313,
AS2011_Ratio H/L Normalized by Proteins RNAi_1,,
AST2020_anti-CD3+PDL2.1,,
KBE2022_Log2_Ex_34_U,,
WZ2023_Pu_005_10min,0.6067933375345312,
AS2011_Ratio H/L RNAi_2_1,,
NJH2024_Sub9_HIIT_Mid,,
CK2022_9 40-1,,
KTGR2014_Ratio H L Normalized Rep1_Rapamycin_0_15,,
LG2023_GSK3α-1_intensity,,
WZ2023_Pu_025_30min,0.6100978714400057,
AH2018_SILAC_MR_2_X,,
HS2024_4_PD_T2,,
NJH2024_Sub4_HIIT_Pre,,
RB2022_2_RecoverySprint,,
AS2011_Ratio H/L Protein RNAi_1,,
RM2024_Intensity D2-1___2,,
CR2017_Ratio Replicate 1.4,,
FR2021_Norm.Intensity.B,,
RM2024_Intensity D6-2___1,,
YC2018_Log2(SKBR3-LR/SKBR3)_Rep.2-1,,
RB2022_5_PostSprint,,
EJN2021_3_Rest_Basal,,
CR2017_Ratio Replicate 1.3,0.5535334022390309,
AS2011_Ratio H/L Normalized by Protein RNAi_2,,
KTGR2014_Ratio-Rapa 7 mins,0.5416048075580453,
AMK2021_120R_p1,,
AH2018_SILAC_3_X,,
JJ2018_Ratio M/L normalized pP3,,
AH2018_SILAC_M_2_N,,
HS2024_7_PD_T2,,
FSO2013_Ratio H/L normalized Rep1___1,0.5599788353810625,
AH2018_LFQ_1_C,,
AS2011_Ratio H/L Normalized Inhi_1_3,,
KBE2022_Log2_Ex_28_T,,
HS2024_3_B_N1,,
RM2024_Intensity D4-2___3,0.5766608538379917,
WZ2023_Pe_025_30min,0.6097760893073696,
CK2022_11 40-1,,
CW2012_10 µM Erl/control Experiment 3 Replicate B,,
AH2018_SILAC_2_X,,
MV2014_Ratio H/M normalized A2___2 (2 min),,
AS2011_Ratio H/L RNAi_1_2,,
KS2014_Intensity E15_1,,
FSO2013_Ratio H/L normalized Rep2,0.5579154019960654,
WZ2023_Pu_005_20min,0.5841039252135459,
NJH2024_Sub10_MICT_Post,,
RM2024_Intensity D2-3___1,,
CR2017_Ratio Replicate 1.5,,
CW2012_10 µM Gef/control Experiment 2 Replicate B,,
HS2024_7_B_T3,0.5973931193802355,
CKC2017_log2 normalized phosphoproteomics_60min_rep#1,,
AS2011_Ratio H/L RNAi_1,,
JC2019_Normalised_intensity_A_TiOx_Testis_sample_URO0059,,
AH2018_LFQ_M_1_C,,
NJH2025_Sub7_MICT_Pre,,
SR2019_SKBR3_Biol_repl_2,,
HS2024_9_B_T2,0.5803991005673612,
KTGR2014_Ratio-AA 7 mins,0.5626568401983129,
MV2014_Ratio L/H normalized B3___3 (5 min),,
HS2024_3_PD_T1,0.5522346052587059,
FSO2013_Ratio M/L normalized Rep3___2,0.5188705807005916,
SR2019_BT549_Biol_repl_3,,
RCJD2014_20min_mean,0.6175087846086805,
FR2021_Norm.Intensity.H,,
RB2022_2_PreStrength,,
DB2022_LFQ intensity L1.2,,
HS2024_4_B_N1,,
KTGR2014_Ratio H M Normalized Rep2_Rapamycin_0_15,,
CK2022_1 16-1,,
CK2022_1 200-1,,
PG2020_Intensity Mock_10h_D,,
SR2019_MCF10A_Biol_repl_2,,
JJ2018_Ratio M/L normalized pP2___2,,
HS2024_6_PD_T1,0.5018168278987334,
JVO2010_Ratio M/L Normalized by Protein ThymON - Log2 G1/S,,
RB2022_6_RecoveryEndurance,,
FSO2012_Ratio -/+ 3-MB-PP1 exp. wt3b,,
EP2017_Mitotic R#2 normalized log2 ratio,,
RCJD2014_5min_1,0.5584225354874988,
RM2024_Intensity D4-1___1,,
DL2023_24h-1,,
YC2018_Log2(SKBR3-LR/SKBR3)_Rep.1-1,,
FSO2012_Ratio -/+ 3-MB-PP1 exp. as2b,,
TM2022_S2.4h.C,,
SAS2015_PLX/AZD_Exp2,0.5747481330273513,
CR2017_Ratio Replicate 3.3,0.5904554617317785,
PG2020_Intensity 2h_C,0.5867155593816079,
VOI2024_Veh2 di,,
ZX2022_CB treated Replicate 2,,
KBE2022_Log2_Ex_8_T,,
NJH2025_Sub10_MICT_Post,,
HS2024_6_I_T3,0.6662989749657009,
RN2012_L11,,
AS2011_Ratio H/L Normalized Inhi_2_2,,
IMM2018_normalised rep. int. Empty-1,,
HS2024_5_PD_T1,,
AH2018_LFQ_M_2_C,,
CK2022_3 40-1,,
RBK2021_1260T Early,,
NJH2024_Sub4_HIIT_Post,,
HS2024_4_I_T1,0.5656986523775893,
YA2020_Reporter_intensity_Cancer_No.5,,
HH2022_Reporter intensity 8,,
ZQ2022_N2,,
FSO2012_Ratio -/+ 3-MB-PP1 exp. wt1b,,
FSO2013_Ratio H/L normalized Rep3___3,,
AH2018_TMTMS3_2_N,,
EJN2021_5_Rest_Basal,,
NJH2025_Sub2_HIIT_Post,,
NJH2025_Sub1_MICT_Post,,
HS2024_9_B_T1,0.614913153757073,
FSO2012_Ratio -/+ 3-MB-PP1 exp. wt1a,,
JAW2011_Ratio H/L LS2_1,,
JVO2010_Log2 Ratio H/M Normalized aphidicolin,,
NJH2024_Sub6_HIIT_Pre,,
AH2018_SILAC_3_N,,
YA2020_Reporter_intensity_Normal_No.1,,
HS2024_3_B_T1,0.6044113494856396,
JJ2018_Ratio H/L normalized___2,,
RM2024_Intensity D0-2,0.5873678189415708,
MV2014_Ratio M/L normalized B1___2 (5 min),,
RB2022_7_PostStrength,,
RB2022_1_PostEndurance,,
CR2017_Ratio Replicate 3,0.5584791300935614,
SR2019_Hs578T_Biol_repl_3,,
MV2014_Ratio L/H normalized B3___1 (5 min),,
RBK2021_1244T Early,,
RB2022_3_PostSprint,,
NJH2024_Sub13_MICT_Mid,,
KTGR2014_Ratio-AA 2 mins,0.5751604941889059,
GF2025_P7_Sph,0.5625114043683082,
HS2024_8_I_T3,,
CF2017_EOC 3,,
LATM2013_Normalized Log2 Ratio (Medium/Light) Forward,,
HS2024_6_PD_T3,0.6130307016148158,
DL2023_12h-2,,
RM2024_Intensity D6-3___1,,
FS2019_Ctr1,,
WZ2023_Pu_010_20min,0.6042773052169078,
AS2011_Ratio H/L_3,,
CK2022_1 40-1,,
RNJ2017_Log2_ratio_Tsup:Trest_D1,,
CK2022_8 16-1,,
KS2014_Intensity N3,0.5625889563836088,
RB2022_4_RecoveryEndurance,,
RB2022_5_RecoveryEndurance,,
JAW2011_Ratio H/L LS1a_2,,
NJH2024_Sub12_HIIT_Mid,,
AH2018_LFQ_IT_1_N,,
FSO2013_Ratio H/M normalized Rep2,0.48058446967096663,
RAM2015_Log2 A,,
HS2024_8_PD_T1,,
JJ2018_Ratio H/L normalized pP2,,
CF2017_OSE 27,,
KS2014_Intensity E15_2,,
BS2014_Log2(Ratio H/L protein),,
PG2020_Intensity 8h_A,0.5879922904554539,
HS2024_7_I_T1,0.5556334221810486,
VOI2024_Veh3 di,,
RKK2015_TNF-α+SC-514/basal,0.5600074581284029,
SR2019_JIMT1_Biol_repl_1,,
HW2015_Ratio H/L normalized Exp2,,
HS2024_3_I_N1,,
AH2018_SILAC_M_3_X,,
NJH2024_Sub9_HIIT_Post,,
AS2011_Ratio H/L RNAi_1_3,,
GRW2016_Ratio H/L normalized SILAC 1___2,,
NJH2025_Sub1_HIIT_Pre,,
YC2018_Log2(SKBR3-LR/SKBR3)_Rep.1-2,,
NJH2024_Sub4_HIIT_Mid,,
VOI2024_0.1uM 2 h_1 di,,
KBE2022_Log2_Ex_6_T,,
RM2024_Intensity D4-3___1,,
AH2018_LFQ_4_X,,
AS2011_Inhi 2_Ratio H/L normalized by corresponding protein level (H:TAL treatment; L: MA treatment),,
RB2022_8_PostEndurance,,
NJH2025_Sub4_MICT_Mid,,
YP2020_Intensity C30_R1_mult_log2,,
AST2020_anti-CD3.1,,
NJH2025_Sub4_HIIT_Post,,
EP2017_Untreated R#4 log2 ratio,,
HS2024_6_B_N1,,
KBE2022_Log2_Ex_27_T,,
CW2012_10 µM Gef/control Experiment 1 Replicate A,,
VOI2024_0.1uM 24 h_1 mono,,
AMK2021_120R_p5,,
AS2011_Ratio H/L Proteins,,
NJH2024_Sub7_HIIT_Post,,
NJH2015_TMT Subject 1 127_N/126 (Exercise/Basal) (normalized),,
AS2011_Ratio H/L RNAi_2_2,,
RB2022_7_RecoveryStrength,,
AH2018_SILAC_IT_3_X,,
JAW2011_Ratio H/L,,
PG2020_Intensity 10h_C,0.5894809660572693,
FSO2013_Ratio M/L normalized Rep2,0.5530514053934683,
CP2009_Ratio H/M Normalized (50 nM dasatinib vs 5 nM dasatinib),,
HH2022_Reporter intensity 5,,
SR2019_HCC1954_Biol_repl_2,0.5622650347669333,
CK2022_14 40-1,,
RB2022_6_PreSprint,,
NJH2025_Sub12_MICT_Mid,,
PG2020_Intensity 4h_D,0.5711212948256663,
NJH2025_Sub2_MICT_Post,,
AH2018_LFQ_4_C,,
DL2023_control-1,,
AR2021_ALG 10 μM,0.5217996914221243,
JAW2011_Ratio H/L LS2_2,,
AH2018_SILAC_IT_3_N,,
EJN2021_4_Rest_Ins,,
RN2012_H05,,
NJH2024_Sub7_HIIT_Mid,,
GF2025_P2_Adh,,
FSO2012_Ratio -/+ 3-MB-PP1 exp. as4b,,
RB2022_8_PostSprint,,
EJN2021_1_Rest_Ins,,
HH2022_Reporter intensity 3,,
FSO2012_Ratio -/+ 3-MB-PP1 exp. wt4b,,
AH2018_SILAC_IT_1_C,,
JW2021_After_3,,
GF2025_P8_Sph,0.5585058290433397,
FSO2012_Ratio -/+ 3-MB-PP1 exp. wt4,,
JJ2018_Ratio M/L normalized pP2___1,,
AH2018_SILAC_2_N,,
CK2022_11 200-1,,
CK2022_12 200-1,,
AS2011_Ratio H/L Normalized by Protein RNAi_1,,
RM2024_Intensity D2-1___3,,
NJH2024_Sub1_MICT_Pre,,
HH2022_Reporter intensity 9,,
WZ2023_Su_010_20min,0.5907775355057464,
AH2018_TMTMS2_2_N,0.5942901588133467,
NJH2024_Sub13_MICT_Pre,,
KBE2022_Log2_Ex_41_U,,
NJH2015_TMT Subject 3 129_N/128_C (Exercise/Basal) (normalized),,
AH2018_TMTMS3_Pool,,
KS2014_Intensity N4,0.5672680399182826,
NJH2024_Sub1_HIIT_Post,,
MM2018_Ratio H/L replicate2,,
RM2024_Intensity D4-2___2,,
NJH2024_Sub13_HIIT_Pre,,
CF2017_OSE 26,,
CK2022_14 200-1,,
SR2019_Hs578T_Biol_repl_1,,
RB2022_7_PostSprint,,
TM2022_mock.4h.A,,
NJH2025_Sub12_HIIT_Pre,,
AH2018_TMTMS3_1_N,,
AST2020_anti-CD3+PDL2.2,,
PG2020_Intensity Mock_10h_A,0.5883627643056858,
JW2021_After_2,,
NJH2024_Sub2_MICT_Post,,
EJN2021_2_Rest_Ins,,
SR2019_LM2_Biol_repl_4,,
CP2009_Ratio H/M,,
JAW2011_Ratio H/L HS,,
CK2022_13 16-1,,
GF2025_P1_Adh,,
GF2025_P1_Sph,,
EJN2021_5_Ex_Basal,,
HS2024_7_I_T3,,
JJ2018_Ratio H/L normalized pP2___2,,
WZ2023_Pe_010_10min,0.6136763323588783,
CF2017_EOC 1,,
CK2022_3 200-1,,
AH2018_LFQ_IT_3_C,,
SR2019_Hs578T_Biol_repl_2,0.5867693510327294,
NJH2024_Sub12_HIIT_Post,,
JJ2018_Ratio H/L normalized pP1___2,,
MV2014_Ratio H/L normalized A1___2 (10 min),,
NJH2024_Sub10_MICT_Mid,,
NJH2024_Sub13_MICT_Post,,
BS2014_Log2(Ratio H/L normalized Rep_1),,
RB2022_3_RecoverySprint,,
NJH2025_Sub1_HIIT_Mid,,
RCJD2014_20min_2,0.5646422587079085,
FSO2012_Ratio -/+ 3-MB-PP1 exp. wt2,,
HS2024_6_PD_T2,0.5950520759791351,
HS2024_5_B_T1,,
CW2012_10 µM Gef/control Experiment 2 Replicate A,,
DL2023_12h-3,0.576623980562027,
SR2019_MDAMB231_Biol_repl_2,,
HS2024_3_B_T2,,
RB2022_6_PreStrength,,
CK2022_2 40-1,,
RB2022_1_PostSprint,,
CK2022_4 200-1,,
JW2021_Before_2,,
TM2022_S2.12h.A,,
MV2014_Ratio L/M normalized B2___2 (30 min),,
CK2022_5 16-1,,
AR2021_ALG 1 μM,0.4695480221732039,
HS2024_4_B_T1,0.5461844098448311,
MV2014_Ratio M/H normalized A3___1 (10 min),,
SR2019_BT549_Biol_repl_4,,
EJN2021_1_Rest_Basal,,
NJH2025_Sub8_MICT_Post,,
RCJD2014_5min_3,0.5719112259796998,
CR2017_Ratio Replicate 3.2,0.5950463021371408,
FSO2012_Ratio -/+ 3-MB-PP1 exp. as3a,,
GF2025_P7_Adh,0.555875373342793,
CK2022_9 16-1,,
NJH2024_Sub6_HIIT_Post,,
AMK2021_30R_p3,,
AS2011_Ratio H/L Normalized RNAi_2,,
RM2024_Intensity D0-2___2,,
KS2014_Intensity pY_N4,,
CK2022_13 200-1,,
AS2011_Ratio H/L Normalized_2,,
PG2020_Intensity 6h_D,0.5833090891361172,
CK2022_16 16-1,,
FS2019_db/db3,,
CK2022_15 40-1,,
NJH2024_Sub9_MICT_Pre,,
BS2014_Log2(Ratio H/L unmodified peptide),,
WZ2023_Su_005_10min,0.5794393130456801,
RM2009_Ratio M/L (M:15 min timepoint;L:0 min. timepoint),,
KBE2022_Log2_Ex_41_T,,
AMK2021_Ctrl_p1,,
AH2018_LFQ_IT_3_X,,
HS2024_5_PD_T3,,
AH2018_TMTMS3_3_X,,
FSO2012_Ratio -/+ 3-MB-PP1 exp. as2,,
KBE2022_Log2_Ex_40_U,,
AH2018_LFQ_M_1_N,,
KBE2022_Log2_Ex_27_U,,
HW2015_Ratio M/L normalized Exp3,,
RKK2015_TNF-α/IKKb(K44M),0.563741853123864,
AH2018_SILAC_M_1_N,,
HW2015_Ratio M/L normalized Exp1,,
RB2022_5_RecoveryStrength,,
YP2020_Intensity P10_R1_mult_log2,,
RB2022_7_PreStrength,,
YA2020_Reporter_intensity_Normal_No.4,,
NJH2025_Sub13_HIIT_Pre,,
PG2020_Intensity CT_D,0.5814971077686154,
NJH2025_Sub9_MICT_Post,,
VOI2024_Veh1 mono,,
CK2022_12 16-1,,
RN2012_L13,,
LG2023_Control-1_intensity,,
RM2024_Intensity D6-3___2,,
KBE2022_Log2_Ex_8_U,,
SR2019_SKBR3_Biol_repl_3,,
NJH2024_Sub1_MICT_Post,,
HS2024_3_I_T2,0.590390672323468,
KTGR2014_Ratio M L Normalized Rep2_Rapamycin_0_15,,
RM2024_Intensity D0-3___3,0.5815572513230103,
HS2024_6_I_T2,,
CW2012_10 µM Erl/control Experiment 2 Replicate B,,
AS2011_Ratio H/L Protein Inhi_1,,
FSO2013_Ratio H/M normalized Rep2___1,0.5394177283547241,
GRW2016_Ratio M/L normalized SILAC 5a___2,,
CK2022_10 40-1,,
NJH2024_Sub12_HIIT_Pre,,
NJH2024_Sub8_MICT_Pre,,
RM2024_Intensity D0-1___1,0.5901451933325594,
LY2019_P3+,,
HH2022_Reporter intensity 6,,
RB2022_2_RecoveryStrength,,
KTGR2014_Ratio-AA 15 mins,0.5569041867184097,
AS2011_Ratio H/L Normalized RNAi_2_2,,
KS2014_Intensity pY_N3,,
MV2014_Ratio H/L normalized B1___2 (30 min),,
LY2019_P5-,,
HW2015_Ratio M/L normalized Exp2,,
SR2019_HCC1419_Biol_repl_1,,
AH2018_TMTMS2_3_X,0.599037429935293,
GF2025_P3_Adh,,
SR2019_JIMT1_Biol_repl_2,,
AH2018_TMTMS2_1_C,0.5912827724162775,
RM2024_Intensity D0-1___2,,
LY2019_P4+,,
KBE2022_Log2_Ex_19_U,,
CKC2017_log2 normalized phosphoproteomics_0min_rep#1,,
RB2022_4_PostStrength,,
LG2023_GSK3α-3_intensity,,
YA2020_Reporter_intensity_Cancer_No.1,,
AST2020_Control,,
JAW2011_Ratio H/L LS1a,,
RCJD2014_5min_mean,0.6007524811648475,
NJH2015_iTRAQ Subject 4 114/115 (Exercise/Basal) (normalized),,
NJH2025_Sub1_MICT_Mid,,
TM2022_S2.12h.C,,
NJH2025_Sub9_MICT_Mid,,
CKC2017_log2 normalized phosphoproteomics_120min_rep#2,,
AS2011_Ratio H/L Normalized Inhi_1_2,,
FSO2013_Ratio M/L normalized Rep2___1,0.5440293825300516,
LG2023_Control-2_intensity,,
NJH2024_Sub8_HIIT_Pre,,
KS2014_Intensity pY_N2,,
RB2022_5_RecoverySprint,,
RB2022_7_RecoverySprint,,
YA2020_Reporter_intensity_Normal_No.3,,
HS2024_8_B_T2,,
AH2018_LFQ_1_X,,
RM2024_Intensity D6-1___1,,
RCJD2014_10min_2,0.5769890734461064,
FR2021_Norm.Intensity.M,,
RM2024_Intensity D0-3___1,,
KS2014_Intensity N2,0.5759286263775621,
HH2022_Reporter intensity 1,,
HH2022_Reporter intensity 2,,
RM2024_Intensity D6-2___2,,
FSO2012_Ratio -/+ 3-MB-PP1 exp. as1,,
RM2024_Intensity D2-3___2,,
YA2020_Reporter_intensity_Normal_No.5,,
SR2019_MCF7_Biol_repl_1,0.5891769363541268,
FSO2012_Ratio -/+ 3-MB-PP1 exp. as1a,,
HS2024_8_B_T1,,
NJH2025_Sub6_HIIT_Pre,,
RNJ2017_Log2_ratio_Tsup:Tstim_D1,,
EP2017_Untreated R#2 log2 ratio,,
SR2019_LM2_Biol_repl_3,,
RB2022_4_RecoveryStrength,,
CR2017_Ratio Replicate 2,0.5618191664821431,
CW2012_10 µM Erl/control Experiment 2 Replicate A,,
FSO2013_Ratio H/M normalized Rep3,0.5820495731953408,
AR2021_KD 72h,0.5930237366404805,
MV2014_Ratio H/M normalized B2___3 (5 min),,
KBE2022_Log2_Ex_18_U,,
AS2011_Ratio H/L Inhi_1_1,,
NJH2024_Sub8_MICT_Post,,
AH2018_TMTMS3_3_C,,
KBE2022_Log2_Ex_9_U,,
AH2018_SILAC_M_3_N,,
KBE2022_Log2_Ex_13_T,,
RM2024_Intensity D0-3,0.5824445594159328,
SR2019_SKBR3_Biol_repl_1,,
PG2020_Intensity Mock_10h_C,0.5615919479777218,
CF2017_OSE 29,,
YB2013_Ratio_H_L_Normalized_in_experiment_1,,
NJH2025_Sub1_HIIT_Post,,
DL2023_24h-2,0.5725807906478734,
HS2024_7_B_N2,,
PG2020_Intensity 10h_A,0.5938356948702903,
RN2012_L12,,
MV2014_Ratio M/L normalized B1___3 (5 min),,
NJH2024_Sub8_MICT_Mid,,
AH2018_LFQ_IT_4_C,,
SAS2015_PLX/AZD_Exp1,,
FR2021_Norm.Intensity.A,,
FSO2013_Ratio H/M normalized Rep1___1,0.5474451469300948,
JW2015_Intensity cap2,,
BS2014_Log2(Ratio H/L normalized Rep_2),,
NJH2024_Sub6_MICT_Post,,
CK2022_8 40-1,,
RB2022_7_RecoveryEndurance,,
NJH2025_Sub12_HIIT_Post,,
EJN2021_4_Ex_Basal,,
TM2022_S2.12h.B,,
RN2012_L15,,
KS2014_Intensity pY_PV3,,
TM2022_S2.4h.B,,
PG2020_Intensity 4h_A,0.5788153866763384,
FSO2013_Ratio H/M normalized Rep2___2,0.5204990283089247,
TM2022_mock.4h.B,,
KBE2022_Log2_Ex_24_U,,
NJH2025_Sub13_MICT_Mid,,
KS2014_Intensity C3,0.539640386008626,
RB2022_1_PreSprint,,
HS2024_4_I_N1,,
CK2022_7 200-1,,
CK2022_5 200-1,,
CKC2017_log2 normalized phosphoproteomics_120min_rep#3,,
FSO2013_Ratio H/L normalized Rep2___1,0.558165645533426,
NJH2024_Sub10_HIIT_Mid,,
RB2022_2_PostEndurance,,
AH2018_LFQ_2_C,,
AH2018_SILAC_MR_1_X,,
KTGR2014_Ratio H M Normalized Rep1_Rapamycin_0_15,,
IMM2018_normalised rep. int. Empty-2,,
RM2024_Intensity D4-1,0.5750565839318419,
KBE2022_Log2_Ex_25_U,,
AH2018_SILAC_3_C,,
EJN2021_5_Rest_Ins,,
VOI2024_0.1uM 24 h_3 di,,
RNJ2017_Log2_ratio_Tstim:Trest_D3,,
DB2022_LFQ intensity L2.1,,
FSO2013_Ratio H/M normalized Rep1,0.4850237884258369,
CK2022_4 16-1,,
AS2011_Ratio H/L,,
SR2019_MCF7_Biol_repl_4,0.5980717585127083,
EJN2021_2_Ex_Ins,,
AS2011_Ratio H/L Inhi_2_3,,
JAW2011_Ratio H/L LS1a_1,,
AH2018_LFQ_1_N,,
SAS2015_PLX/DMSO_Exp1,,
SFR2015_HL_log2_ratio_avg_c,,
JJ2018_Ratio M/L normalized pP2,,
NJH2024_Sub7_MICT_Mid,,
PG2020_Intensity 6h_B,0.5882741968951272,
FSO2013_Ratio H/L normalized Rep3,0.5664237390611417,
GRW2016_Ratio H/L normalized SILAC 2___2,,
RKK2015_IKKb(K44M)+TNF-α/TNF-α,0.5759996543547621,
JJ2018_Ratio M/L normalized,0.5610505841788155,
KTGR2014_Ratio-AA 30 mins,0.5496776191206011,
JW2021_After_1,,
NJH2025_Sub2_MICT_Mid,,
HS2024_6_B_N2,,
KBE2022_Log2_Ex_9_T,,
AH2018_SILAC_IT_2_N,,
AH2018_SILAC_IT_1_X,,
HW2015_Ratio H/L normalized Exp3,,
HS2024_7_PD_T1,,
UK2020_UA_2,,
RM2024_Intensity D2-1___1,,
GF2025_P10_Sph,0.5690834325214983,
WZ2023_Pe_025_20min,0.6142548742448453,
JVO2010_Log2 Ratio M/L Normalized aphidicolin,,
AH2018_LFQ_2_N,,
HS2024_4_I_N2,,
AH2018_TMTMS2_3_N,0.595524802878036,
RN2012_H06,,
AS2011_Inhi 1_Ratio H/L normalized by corresponding protein level (H:TAL treatment; L: MA treatment),,
HS2024_4_PD_T3,,
WZ2023_Su_005_30min,0.5913397534270055,
SR2019_HCC1419_Biol_repl_4,,
JJ2018_Ratio H/M normalized___2,,
SR2019_JIMT1_Biol_repl_3,,
AS2011_Ratio H/L Protein,,
UK2020_HCM_3,,
NJH2024_Sub10_HIIT_Post,,
CR2017_Ratio Replicate 3.1,0.5796879949956958,
WZ2023_Su_025_10min,0.590448183382941,
AH2018_LFQ_IT_4_X,,
CP2009_Ratio H/L,,
VOI2024_0.1uM 24 h_3 mono,,
RB2022_4_RecoverySprint,,
RM2024_Intensity D6-3,0.5869649027598347,
WZ2023_Su_005_20min,0.5780642445466898,
CW2012_10 µM Gef/control Experiment 1 Replicate B,,
SFR2015_HL_log2_ratio_avg_a,,
CW2012_10 µM Erl/control Experiment 3 Replicate A,,
RB2022_1_PreEndurance,,
FSO2012_Ratio -/+ 3-MB-PP1 exp. wt3a,,
LG2023_GSK3α-2_intensity,,
EP2017_Pervanadate R#1 log2 ratio,,
NJH2025_Sub6_HIIT_Post,,
RB2022_6_RecoverySprint,,
KS2014_Intensity,0.5672476629345223,
MV2014_Ratio H/M normalized A2___1 (2 min),0.5341065972133086,
PG2020_Intensity 8h_D,0.58179130656722,
LY2019_P7+,,
EP2017_Untreated R#1 normalized log2 ratio,,
RN2012_L10,,
PG2020_Intensity 4h_C,0.5815297143075233,
EP2017_Mitotic R#3 normalized log2 ratio,,
FSO2012_Ratio -/+ 3-MB-PP1 exp. as4,,
DB2022_LFQ intensity L1,,
KBE2022_Log2_Ex_24_T,,
RB2022_8_PostStrength,,
AH2018_SILAC_IT_2_X,,
HS2024_4_B_T3,0.5797291150689157,
NJH2024_Sub2_HIIT_Post,,
HS2024_8_B_N2,,
NJH2025_Sub8_HIIT_Pre,,
JJ2018_Ratio H/L normalized pP2___1,,
HS2024_8_I_T2,,
KBE2022_Log2_Ex_6_U,,
LATM2013_Normalized Log2 Ratio (Light/Medium) Reverse,,
CR2017_Ratio Replicate 1.1,,
CKC2017_log2 normalized phosphoproteomics_30min_rep#1,,
MV2014_Ratio M/H normalized B3___2 (30 min),,
CK2022_16 200-1,,
VOI2024_0.1uM 2 h_3 di,,
EP2017_Mitotic R#1 normalized log2 ratio,,
GF2025_P9_Sph,0.5756955674067817,
CK2022_6 200-1,,
NJH2024_Sub7_MICT_Post,,
AH2018_TMTMS3_2_X,,
NJH2024_Sub8_HIIT_Post,,
DB2022_LFQ intensity R1,,
JW2015_Intensity cap3,,
SR2019_HCC1954_Biol_repl_1,,
HS2024_4_I_T2,,
NJH2024_Sub2_MICT_Mid,,
VOI2024_0.1uM 2 h_2 mono,,
CP2009_Ratio M/L Normalized (5 nM dasatinib vs Ctrl),,
FSO2012_Ratio -/+ 3-MB-PP1 exp. as3b,,
HS2024_4_PD_T1,,
SAS2015_AZD/DMSO_Exp1,,
NJH2024_Sub1_MICT_Mid,,
IMM2018_normalised rep. int. CDK5L-3,,
HS2024_3_B_T3,0.5890629897706796,
MV2014_Ratio L/H normalized A3___2 (2 min),,
NJH2025_Sub13_MICT_Pre,,
SR2019_MDAMB231_Biol_repl_3,,
GRW2016_Ratio H/L normalized SILAC 4___1,,
MM2018_Ratio H/L replicate1,,
PG2020_Intensity 2h_D,0.5812687669792649,
EP2017_Untreated R#3 normalized log2 ratio,,
MV2014_Ratio M/H normalized A3___3 (10 min),,
NJH2024_Sub7_HIIT_Pre,,
JAW2011_Ratio H/L LS2,,
CK2022_8 200-1,,
KS2014_Intensity pY_C4,,
CR2017_Ratio Replicate 3.5,,
RB2022_7_PostEndurance,,
NJH2025_Sub4_HIIT_Pre,,
CKC2017_log2 normalized phosphoproteomics_90min_rep#3,,
TM2022_mock.12h.A,,
JJ2018_Ratio H/L normalized pP1,0.5659812544988516,
EP2017_Pervanadate R#2 normalized log2 ratio,,
AS2011_Ratio H/L Normalized by Protein (Unnormalized),,
KS2014_Intensity pY_E5_4,,
RM2024_Intensity D4-3___2,,
CKC2017_log2 normalized phosphoproteomics_15min_rep#1,,
AH2018_SILAC_2_C,,
AS2011_RNAi 2_Ratio H/L normalized by corresponding protein level (H: shPlk1; L: shEg5),,
HS2024_7_I_N1,,
KBE2022_Log2_Ex_29_T,,
HS2024_7_I_T2,,
AS2011_Ratio H/L Normalized RNAi_2_3,,
CW2012_10 µM Gef/control Experiment 3 Replicate B,,
HS2024_6_B_T2,0.5893440195327443,
AMK2021_45I_p5,,
CW2012_10 µM Erl/control Experiment 1 Replicate A,,
SAS2015_PLX/DMSO_Exp2,0.5483912448616823,
EJN2021_1_Ex_Basal,,
FR2021_Intensity.M,,
RB2022_2_PostSprint,,
AH2018_SILAC_MR_3_N,,
MV2014_Ratio H/L normalized B1___3 (30 min),,
CF2017_FTE 13,,
PG2020_Intensity CT_C,0.5870683676161011,
ZCP2016_Ratio H/L Rep 1,0.6058948613141222,
FS2019_db/db2,,
KS2014_Intensity pY_PV4,,
KBE2022_Log2_Ex_39_U,,
EP2017_Untreated R#3 log2 ratio,,
RB2022_2_PostStrength,,
AS2011_Ratio H/L Normalized_1,,
MV2014_Ratio M/H normalized A3___2 (10 min),,
CR2017_Ratio Replicate 3.4,,
HS2024_8_PD_T2,,
FS2019_Ctr2,,
RB2022_6_PreEndurance,,
FR2021_Norm.Intensity.G,,
NJH2025_Sub9_HIIT_Post,,
CKC2017_log2 normalized phosphoproteomics_0min_rep#3,,
RM2024_Intensity D4-3,0.5866968317915358,
HS2024_8_B_N1,,
NJH2025_Sub10_MICT_Mid,,
KBE2022_Log2_Ex_15_U,,
AS2011_Ratio H/L Normalized Inhi_2,,
RKK2015_TNF-α/SC-514,0.5783560044885023,
RB2022_3_PreSprint,,
CR2017_Ratio Replicate 2.3,0.5889083960231212,
RM2009_Ratio M/L Normalized by Corresponding Protein Level (M:15 min timepoint;L:0 min. timepoint),,
CP2009_Ratio H/L Normalized (50 nM dasatinib vs Ctrl),,
GF2025_P4_Adh,,
YA2020_Reporter_intensity_Normal_No.2,,
YP2020_Intensity P30_R2_mult_log2,,
NJH2025_Sub13_MICT_Post,,
HS2024_4_B_N2,,
HS2024_3_PD_T3,,
AMK2021_120R_p3,,
MV2014_Ratio L/H normalized A3___3 (2 min),,
NJH2025_Sub10_HIIT_Pre,,
FR2021_Intensity.G,,
RAM2015_Log2 C,,
AS2011_Ratio H/L Proteins Inhi_1,,
FSO2013_Ratio H/M normalized Rep1___3,,
AH2018_LFQ_M_2_N,,
MV2014_Ratio M/L normalized A1___3 (2 min),,
KBE2022_Log2_Ex_40_T,,
CK2022_2 16-1,,
RAM2015_Log2 B,,
YP2020_Intensity C10_R1_mult_log2,,
FSO2013_Ratio M/L normalized Rep1___2,0.5890194286422623,
NJH2025_Sub8_MICT_Pre,,
EJN2021_4_Rest_Basal,,
YB2013_Ratio_H_L_Normalized_in_experiment_2,,
JJ2018_Ratio H/M normalized pP3___1,,
VOI2024_Veh2 mono,,
HS2024_6_B_T1,0.5953321578091502,
UK2020_HCM_5,,
NJH2025_Sub10_HIIT_Post,,
VOI2024_0.1uM 2 h_3 mono,,
JW2015_Intensity pre3,,
AS2011_Ratio H/L Normalized Inhi_2_1,,
DL2023_24h-3,,
HS2024_7_PD_T3,,
PG2020_Intensity Mock_10h_B,0.5846999188135212,
WZ2023_Su_025_30min,0.6031836770815696,
AH2018_LFQ_4_N,,
CR2017_Ratio Replicate 1.2,0.6126070319900033,
AS2011_Ratio H/L Normalized by Proteins,,
RB2022_6_RecoveryStrength,,
HS2024_8_I_N1,,
AMK2021_Ctrl_p3,,
AS2011_Ratio H/L Protein Inhi_2,,
HH2022_Reporter intensity 7,,
AH2018_SILAC_M_1_X,,
RB2022_7_PreEndurance,,
VOI2024_0.1uM 24 h_2 di,,
DL2023_control-2,0.5628451216192306,
LY2019_P6+,,
DB2022_LFQ intensity R2,,
GF2025_P6_Adh,0.5537592947649493,
VOI2024_Veh1 di,,
AS2011_Ratio H/L RNAi_2,,
FSO2012_Ratio -/+ 3-MB-PP1 exp. as3,,
VOI2024_Veh3 mono,,
HS2024_5_I_T2,,
NJH2025_Sub7_HIIT_Mid,,
MV2014_Ratio H/L normalized B1___1 (30 min),0.5147968884408525,
RM2009_Ratio H/L (H:60 min timepoint;L:0 min. timepoint),,
RB2022_6_PostSprint,,
KTGR2014_Ratio H L Normalized Rep2_Rapamycin_0_15,0.5415293257060387,
AS2011_Ratio H/L Inhi_1,,
AS2011_Ratio H/L Normalized RNAi_1_2,,
AH2018_TMTMS3_2_C,,
SR2019_Hs578T_Biol_repl_4,0.5937920387768028,
RB2022_8_PreStrength,,
KS2014_Intensity C5,0.5339434883486879,
RM2024_Intensity D0-1,0.596211104255137,
CW2012_10 µM Gef/control Experiment 3 Replicate A,,
YP2020_Intensity P30_R1_mult_log2,,
NJH2025_Sub2_HIIT_Pre,,
RB2022_3_RecoveryEndurance,,
RNJ2017_Log2_ratio_Tstim:Trest_D2,,
GF2025_P9_Adh,0.5541507630665554,
RB2022_3_PostStrength,,
TM2022_S2.8h.A,,
AS2011_Ratio H/L RNAi_1_1,,
AS2011_Ratio H/L Normalized by Proteins RNAi_2,,
FSO2012_Ratio -/+ 3-MB-PP1 exp. wt1,,
AS2011_Ratio H/L Normalized by Protein Inhi_1,,
NJH2025_Sub2_MICT_Pre,,
MV2014_Ratio L/M normalized A2___3 (10 min),,
MV2014_Ratio H/M normalized A2___3 (2 min),,
HS2024_4_B_T2,0.5453615193967372,
SR2019_BT549_Biol_repl_1,,
AH2018_LFQ_M_4_N,,
NJH2024_Sub8_HIIT_Mid,,
PG2020_Intensity 8h_B,0.5840268451960133,
AH2018_LFQ_2_X,,
PG2020_Intensity 2h_B,0.5852875919213102,
AS2011_Ratio H/L Proteins RNAi_1,,
RB2022_4_PostSprint,,
KS2014_Intensity E15_3,,
GF2025_P3_Sph,,
DB2022_LFQ intensity L2,,
MV2014_Ratio H/L normalized A1___1 (10 min),,
AH2018_SILAC_1_C,,
NJH2024_Sub1_HIIT_Pre,,
FSO2013_Ratio M/L normalized Rep2___2,0.5876858578533403,
NJH2015_TMT Subject 4 130_N/129_C (Exercise/Basal) (normalized),,
AS2011_Ratio H/L RNAi_2_3,,
AH2018_SILAC_IT_1_N,,
KTGR2014_Ratio H M Normalized Rep2_AA_starvation_0_15,,
RB2022_4_PreEndurance,,
JJ2018_Ratio M/L normalized pP1,0.5663389152723629,
CR2017_Ratio Replicate 2.4,,
ZQ2022_N1,,
LY2019_P6-,,
RM2024_Intensity D2-3,0.5798459235607799,
UK2020_HCM_1,,
JW2015_Intensity pre2,,
KTGR2014_Ratio M L Normalized Rep1_AA_starvation_0_15,0.5625739027237764,
RM2024_Intensity D2-1,0.5877857318644739,
NJH2025_Sub12_MICT_Post,,
MV2014_Ratio H/M normalized B2___2 (5 min),,
RN2012_L14,,
AH2018_LFQ_3_N,,
RKK2015_TNF-α/IKKb,0.5588478501899099,
SFR2015_HL_log2_ratio_std_b,,
UK2020_UA_1,,
KBE2022_Log2_Ex_13_U,,
AS2011_Ratio H/L Normalized Inhi_1,,
RNJ2017_Log2_ratio_Tsup:Trest_D2,,
RB2022_1_RecoverySprint,,
CKC2017_log2 normalized phosphoproteomics_120min_rep#1,,
JJ2018_Ratio H/L normalized pP3,,
CK2022_7 40-1,,
AS2011_Ratio H/L Inhi_1_3,,
NJH2025_Sub10_HIIT_Mid,,
KTGR2014_Ratio H L Normalized Rep2_AA_starvation_0_15,0.5435678605867034,
JAW2011_Ratio H/L LS1b_1,,
PG2020_Intensity 4h_B,0.5845770893271094,
SR2019_BT549_Biol_repl_2,,
RM2024_Intensity D4-2,0.5805035247411183,
DB2022_LFQ intensity R2.2,,
JJ2018_Ratio H/L normalized,0.5554307608768335,
RB2022_5_PostEndurance,,
HS2024_5_PD_T2,,
WZ2023_Su_025_20min,0.5858500741606455,
RM2024_Intensity D2-2___1,,
IMM2018_normalised rep. int. CDK5L-2,,
LY2019_P8-,,
JVO2010_Ratio H/M Normalized by Protein ThymON - Log2 G2,,
CKC2017_log2 normalized phosphoproteomics_15min_rep#3,,
FSO2013_Ratio H/L normalized Rep1,0.557160223294366,
NJH2024_Sub2_HIIT_Pre,,
CKC2017_log2 normalized phosphoproteomics_60min_rep#2,,
CK2022_13 40-1,,
FSO2012_Ratio -/+ 3-MB-PP1 exp. wt4a,,
RN2012_H02,,
PG2020_Intensity 10h_D,0.5884508042562372,
RB2022_8_PreEndurance,,
HS2024_3_B_N2,,
EJN2021_4_Ex_Ins,,
AS2011_Ratio H/L Normalized by Protein,,
EJN2021_1_Ex_Ins,,
EP2017_Pervanadate R#3 log2 ratio,,
FSO2013_Ratio M/L normalized Rep1___3,,
NJH2025_Sub4_HIIT_Mid,,
RCJD2014_5min_2,0.5453869661419211,
RB2022_6_PostStrength,,
AH2018_SILAC_MR_3_C,,
AH2018_LFQ_M_4_C,,
NJH2024_Sub4_MICT_Pre,,
AS2011_Ratio H/L Normalized Inhi_1_1,,
DL2023_12h-1,0.5647447793571343,
MV2014_Ratio L/M normalized B2___1 (30 min),,
DB2022_LFQ intensity L1.1,,
NJH2025_Sub6_MICT_Pre,,
NJH2025_Sub6_MICT_Post,,
CKC2017_log2 normalized phosphoproteomics_60min_rep#3,,
RN2012_H04,,
CK2022_6 40-1,,
DB2022_LFQ intensity R2.1,,
KBE2022_Log2_Ex_42_U,,
LY2019_P3-,,
FR2021_Intensity.A,,
EJN2021_3_Ex_Ins,,
MV2014_Ratio M/L normalized A1___1 (2 min),,
WZ2023_Pe_005_30min,0.6124696411235292,
HS2024_8_PD_T3,,
EJN2021_3_Ex_Basal,,
AST2020_Control.1,,
JW2015_Intensity cap1,,
PG2020_Intensity CT_A,0.5850716128035209,
FS2019_Ctr3,,
WZ2023_Pu_025_20min,0.5941922888662748,
NJH2025_Sub4_MICT_Post,,
JVO2010_Ratio H/M Normalized by Protein Noco3h - Log2 Late S,,
GF2025_P10_Adh,0.5884707100345871,
RB2022_1_RecoveryStrength,,
SR2019_HCC1954_Biol_repl_4,,
FR2021_Norm.Intensity.N,,
HS2024_5_B_N1,,
FSO2013_Ratio H/M normalized Rep3___3,,
AH2018_TMTMS2_2_C,0.5958529090615721,
RB2022_4_PreSprint,,
DB2022_Intensity R2,,
AH2018_TMTMS2_Pool,,
HS2024_8_I_N2,,
RB2022_3_RecoveryStrength,,
NJH2024_Sub6_HIIT_Mid,,
AH2018_SILAC_M_1_C,,
LY2019_P8+,,
RB2022_2_RecoveryEndurance,,
JJ2018_Ratio H/M normalized pP2___1,,
JAW2011_Ratio H/L HS_1,,
RB2022_3_PostEndurance,,
KS2014_Intensity pY_PV1,,
JAW2011_Ratio H/L LS1b_2,,
SR2019_MCF7_Biol_repl_2,0.5957107362948222,
NJH2015_TMT Subject 2 128_N/127_C (Exercise/Basal) (normalized),,
AS2011_Ratio H/L Normalized RNAi_1_1,,
AH2018_LFQ_M_4_X,,
NJH2024_Sub6_MICT_Pre,,
JJ2018_Ratio M/L normalized pP1___2,,
YP2020_Intensity C30_R2_mult_log2,,
NJH2024_Sub9_HIIT_Pre,,
AS2011_Ratio H/L Normalized Inhi_2_3,,
RM2024_Intensity D0-1___3,0.5763354630029316,
FSO2012_Ratio -/+ 3-MB-PP1 exp. wt3,,
KBE2022_Log2_Ex_28_U,,
GRW2016_Ratio H/L normalized SILAC 1___1,,
CF2017_FTE 17,,
LY2019_P2-,,
AH2018_LFQ_IT_1_X,,
JJ2018_Ratio H/L normalized pP3___1,,
RB2022_8_RecoveryStrength,,
WZ2023_Pe_005_20min,0.614277331790611,
AST2020_Control.2,,
NJH2025_Sub6_MICT_Mid,,
RCJD2014_10min_1,0.5349806534960091,
FSO2013_Ratio H/L normalized Rep2___3,,
JVO2010_Ratio M/L Normalized by Protein Noco3h - Log2 G1,,
HS2024_3_I_T1,0.5064439078363282,
FSO2012_Ratio -/+ 3-MB-PP1 exp. as2a,,
CK2022_4 40-1,,
SR2019_MCF10A_Biol_repl_4,,
KS2014_Intensity pY_C5,,
NJH2025_Sub4_MICT_Pre,,
NJH2024_Sub9_MICT_Post,,
CF2017_OSE 28,,
HS2024_5_B_T2,,
HS2024_6_I_T1,,
HS2024_5_B_T3,,
JJ2018_Ratio H/M normalized pP1___1,0.5589079485395638,
KBE2022_Log2_Ex_36_U,,
AH2018_TMTMS3_3_N,,
SR2019_HCC1419_Biol_repl_2,,
FR2021_Intensity.N,,
AS2011_Ratio H/L Inhi_2_1,,
AH2018_SILAC_MR_1_C,,
NJH2024_Sub1_HIIT_Mid,,
NJH2025_Sub8_HIIT_Mid,,
EP2017_Mitotic R#3 log2 ratio,,
KBE2022_Log2_Ex_36_T,,
NJH2025_Sub6_HIIT_Mid,,
WZ2023_Pu_005_30min,0.5948256628195285,
KS2014_Intensity C2,0.5342022612456876,
FSO2013_Ratio H/L normalized Rep1___2,,
RM2024_Intensity D2-2,,
KBE2022_Log2_Ex_42_T,,
CK2022_9 200-1,,
GRW2016_Ratio H/L normalized SILAC 2___1,,
JJ2018_Ratio H/M normalized pP3___2,,
DB2022_LFQ intensity R1.1,,
CK2022_10 200-1,,
NJH2024_Sub9_MICT_Mid,,
JAW2011_Ratio H/L_2,,
HS2024_7_I_N2,,
RBK2021_1332T Late,,
LY2019_P1-,,
RKK2015_TNF-α/basal.1,0.560070748462148,
RKK2015_TNF-α/TNF-α+SC-514,0.5769219448528524,
CR2017_Ratio Replicate 2.5,,
HS2024_3_I_T3,0.6096001217974667,
CKC2017_log2 normalized phosphoproteomics_90min_rep#2,,
AS2011_Ratio H/L Normalized RNAi_1,,
KS2014_Intensity E15_4,0.5160708984332346,
ZQ2022_C3,,
EJN2021_3_Rest_Ins,,
YP2020_Intensity P10_R2_mult_log2,,
MV2014_Ratio H/L normalized A1___3 (10 min),,
NJH2025_Sub1_MICT_Pre,,
KBE2022_Log2_Ex_39_T,,
FSO2013_Ratio H/M normalized Rep3___2,0.5930231711611322,
RM2024_Intensity D6-2,0.5829503240089862,
EP2017_Untreated R#1 log2 ratio,,
RKK2015_SC-514/basal,0.5614057769915215,
RM2024_Intensity D6-1___3,0.5722096248755093,
WZ2023_Pu_010_10min,0.5859274174965796,
NJH2025_Sub9_HIIT_Mid,,
SR2019_SKBR3_Biol_repl_4,,
HS2024_5_I_T3,,
KS2014_Intensity N1,0.5675738444337639,
NJH2024_Sub12_MICT_Post,,
TM2022_S2.8h.C,,
CR2017_Ratio Replicate 1,,
AS2011_RNAi 1_Ratio H/L normalized by corresponding protein level (H: shPlk1; L: shEg5),,
CKC2017_log2 normalized phosphoproteomics_30min_rep#3,,
JJ2018_Ratio H/M normalized pP3,,
AH2018_SILAC_MR_2_C,,
LATM2013_Log2 Ratio (Medium/Light) Forward,,
PG2020_Intensity 2h_A,0.5850408945481035,
NJH2024_Sub6_MICT_Mid,,
NJH2025_Sub13_HIIT_Post,,
AH2018_SILAC_MR_3_X,,
JJ2018_Ratio H/M normalized___1,0.5587332142863563,
RCJD2014_15min_2,0.5603115442960134,
AS2011_Ratio H/L_2,,
AS2011_Ratio H/L Normalized,,
RN2012_H03,,
HS2024_5_B_N2,,
HS2024_5_I_N1,,
HS2024_6_I_N1,,
AR2021_KD 48h,0.4966155211950948,
FR2021_Intensity.B,,
RB2022_3_PreEndurance,,
HS2024_5_I_T1,,
NJH2024_Sub10_MICT_Pre,,
SR2019_LM2_Biol_repl_2,,
AST2020_anti-CD3,,
SR2019_MDAMB231_Biol_repl_1,,
RM2024_Intensity D2-3___3,0.5672651634346086,
WZ2023_Pe_005_10min,0.6045981608104778,
KBE2022_Log2_Ex_29_U,,
HS2024_7_B_T1,0.6336768761310937,
AH2018_LFQ_M_2_X,,
AH2018_LFQ_IT_4_N,,
CK2022_15 200-1,,
RM2024_Intensity D4-1___2,,
JJ2018_Ratio H/M normalized,0.5588961990712153,
JJ2018_Ratio M/L normalized pP3___1,,
KBE2022_Log2_Ex_34_T,,
CKC2017_log2 normalized phosphoproteomics_0min_rep#2,,
LY2019_P2+,,
LATM2013_Log2 Ratio (Light/Medium) Reverse,,
CK2022_2 200-1,,
AS2011_Ratio H/L Protein RNAi_2,,
MV2014_Ratio L/H normalized A3___1 (2 min),,
WZ2023_Su_010_30min,0.5878486198056213,
RN2012_H01,,
KTGR2014_Ratio-Rapa 2 mins,0.5683453882533293,
EJN2021_2_Rest_Basal,,
KS2014_Intensity pY_E5_3,,
MM2018_Ratio H/L replicate 3,,
EP2017_Pervanadate R#1 normalized log2 ratio,,
HS2024_8_B_T3,,
YA2020_Reporter_intensity_Cancer_No.3,,
KBE2022_Log2_Ex_44_U,,
WZ2023_Pe_010_20min,0.6147038074863522,
KS2014_Intensity pY_C6,,
AS2011_Ratio H/L Normalized_3,,
RCJD2014_15min_mean,0.6360963296614397,
RB2022_3_PreStrength,,
NJH2015_iTRAQ Subject 3 116/117 (Exercise/Basal) (normalized),,
RCJD2014_10min_mean,0.5986616675738388,
KS2014_Intensity C1,0.5465741428697182,
FSO2013_Ratio H/M normalized Rep3___1,0.5558677909469567,
AH2018_SILAC_M_3_C,,
RKK2015_TNF-α+IKKb/TNF-α,0.586233604580963,
RM2024_Intensity D0-3___2,,
FSO2012_Ratio -/+ 3-MB-PP1 exp. wt2a,,
AH2018_SILAC_M_2_C,,
AH2018_SILAC_M_2_X,,
KTGR2014_Ratio-Rapa 15 mins,0.5381161492343045,
RM2024_Intensity D4-2___1,,
KBE2022_Log2_Ex_15_T,,
VOI2024_0.1uM 24 h_1 di,,
WZ2023_Su_010_10min,0.588266308648441,
PG2020_Intensity 6h_C,0.5886343639943509,
JVO2010_Ratio M/L Normalized by Protein Noco45 - Log2 mitosis,,
JJ2018_Ratio M/L normalized pP1___1,0.5663922850732224,
AH2018_LFQ_M_3_N,,
VOI2024_0.1uM 24 h_2 mono,,
AH2018_TMTMS2_3_C,0.5969299147341651,
CK2022_15 16-1,,
CK2022_3 16-1,,
LY2019_P4-,,
FSO2013_Ratio H/L normalized Rep3___2,,
KS2014_Intensity pY_PV2,,
HS2024_3_I_N2,,
GF2025_P8_Adh,0.5473133197266951,
YC2018_Log2(SKBR3-LR/SKBR3)_Rep.2-2,,
GF2025_P5_Sph,,
CK2022_10 16-1,,
KTGR2014_Ratio H L Normalized Rep1_AA_starvation_0_15,,
VOI2024_0.1uM 2 h_2 di,,
NJH2015_TMT Pool 131/130_C (Exercise/Basal) (normalized),,
NJH2024_Sub2_HIIT_Mid,,
AMK2021_45I_p3,,
NJH2024_Sub13_HIIT_Mid,,
DB2022_LFQ intensity R1.2,,
DB2022_Intensity R1,,
NJH2024_Sub12_MICT_Mid,,
KTGR2014_Ratio M L Normalized Rep1_Rapamycin_0_15,0.5439926970148674,
UK2020_HCM_4,,
SAS2015_AZD/DMSO_Exp2,0.547559739434051,
IMM2018_normalised rep. int. CDK5L-1,,
DB2022_LFQ intensity L2.2,,
KTGR2014_Ratio H M Normalized Rep1_AA_starvation_0_15,0.5486611068770022,
EP2017_Mitotic R#1 log2 ratio,,
EJN2021_2_Ex_Basal,,
RM2009_Ratio H/L Normalized by Corresponding Protein Level (H:60 min timepoint;L:0 min. timepoint),,
KTGR2014_Ratio-Rapa 30 mins,0.5453473710164692,
CKC2017_log2 normalized phosphoproteomics_90min_rep#1,,
CF2017_FTE 16,,
AR2021_L41 10 μM,0.4983496494141896,
CF2017_EOC 2,,
RB2022_6_PostEndurance,,
AH2018_SILAC_1_N,,
NJH2024_Sub10_HIIT_Pre,,
AS2011_Ratio H/L Inhi_1_2,,
UK2020_HCM_6,,
RB2022_7_PreSprint,,
NJH2024_Sub2_MICT_Pre,,
HS2024_3_PD_T2,,
CK2022_6 16-1,,
ZX2022_CB treated Replicate 1,,
BS2014_Log2(Ratio H/L normalized Rep_3),,
TM2022_mock.12h.C,,
GRW2016_Ratio M/L normalized SILAC 5a___1,,
HH2022_Reporter intensity 0,,
RM2024_Intensity D2-2___2,,
JC2019_Normalised_intensity_B_TiOx_Testis_sample_URO0126,,
RB2022_1_PreStrength,,
JJ2018_Ratio H/M normalized pP2___2,,
AH2018_TMTMS2_2_X,0.5979281928622664,
AR2021_L41 1 μM,0.4306866697433378,
JJ2018_Ratio H/M normalized pP1___2,,
AH2018_TMTMS2_1_N,0.5917177329711742,
NJH2025_Sub10_MICT_Pre,,
JVO2010_Ratio H/M Normalized by Protein Noco45 - Log2 early S,,
ZX2022_Control Replicate 3,,
KS2014_Intensity C4,,
AS2011_Ratio H/L Inhi_2,,
KBE2022_Log2_Ex_18_T,,
NJH2025_Sub9_MICT_Pre,,
RCJD2014_20min_1,0.5568583457592058,
MV2014_Ratio H/M normalized B2___1 (5 min),,
FSO2013_Ratio M/L normalized Rep2___3,,
JC2019_Normalised_intensity_C_TiOx_Testis_sample_URO0158,,
SR2019_MCF10A_Biol_repl_3,,
HS2024_7_B_T2,0.5614596241437415,
SAS2015_PLX/DMSO_Exp3,,
AMK2021_Ctrl_p5,,
NJH2025_Sub2_HIIT_Mid,,
AH2018_LFQ_M_3_C,,
CKC2017_log2 normalized phosphoproteomics_15min_rep#2,,
YA2020_Reporter_intensity_Cancer_No.2,,
FSO2013_Ratio H/M normalized Rep2___3,,
RB2022_8_PreSprint,,
AH2018_SILAC_IT_3_C,,
WZ2023_Pu_025_10min,0.6123074904435848,
RM2024_Intensity D2-2___3,0.572321500869682,
AS2011_Ratio H/L_1,,
RCJD2014_10min_3,0.5537693575859969,
FSO2013_Ratio M/L normalized Rep3___1,0.5437830887672421,
SR2019_JIMT1_Biol_repl_4,,
YP2020_Intensity C10_R2_mult_log2,,
ZCP2016_Ratio H/L Rep 2,,
CF2017_EOC 4,,
JJ2018_Ratio H/L normalized pP1___1,0.5620174476286353,
WZ2023_Pe_010_30min,0.6135776655644787,
MV2014_Ratio L/M normalized B2___3 (30 min),,
AH2018_LFQ_IT_3_N,,
KS2014_Intensity C6,0.5306063542831713,
ZQ2022_N3,,
HW2015_Ratio H/L normalized Exp1,,
CK2022_12 40-1,,
NJH2024_Sub7_MICT_Pre,,
ZX2022_Control Replicate 1,,
JJ2018_Ratio H/M normalized pP1,0.5588083481491024,
CK2022_16 40-1,,
AH2018_SILAC_IT_2_C,,
CK2022_5 40-1,,
AH2018_LFQ_3_X,,
UK2020_UA_3,,
LY2019_P7-,,
GF2025_P5_Adh,,
RB2022_1_PostStrength,,
JAW2011_Ratio H/L LS1b,,
FSO2013_Ratio H/L normalized Rep3___1,0.5667950597088011,
SR2019_HCC1954_Biol_repl_3,0.5668716811448602,
CR2017_Ratio Replicate 2.2,0.5531471800125377,
VOI2024_0.1uM 2 h_1 mono,,
MV2014_Ratio L/M normalized A2___1 (10 min),0.5590106500296498,
RNJ2017_Log2_ratio_Tsup:Tstim_D3,,
CK2022_11 16-1,,
ZQ2022_C1,,
CR2017_Ratio Replicate 2.1,0.5483932995659764,
PG2020_Intensity CT_B,0.5836892203528125,
JJ2018_Ratio M/L normalized___2,,
AH2018_SILAC_MR_1_N,,
KS2014_Intensity pY_E5_1,,
JW2021_Before_3,,
NJH2015_iTRAQ Subject 2 117/116 (Exercise/Basal) (normalized),,
MV2014_Ratio M/H normalized B3___3 (30 min),,
FS2019_db/db1,,
NJH2025_Sub9_HIIT_Pre,,
JAW2011_Ratio H/L_1,,
RCJD2014_20min_3,0.5457895117803508,
AH2018_LFQ_3_C,,
JJ2018_Ratio M/L normalized pP3___2,,
AMK2021_45I_p1,,
NJH2025_Sub8_HIIT_Post,,
AH2018_LFQ_M_3_X,,
YA2020_Reporter_intensity_Cancer_No.4,,
KS2014_Intensity pY_E5_2,,
FSO2013_Ratio H/L normalized Rep1___3,,
GF2025_P4_Sph,,
RB2022_2_PreEndurance,,
JW2021_Before_1,,
KBE2022_Log2_Ex_25_T,,
AS2011_Ratio H/L Normalized by Proteins Inhi_2,,
MV2014_Ratio L/M normalized A2___2 (10 min),,
JJ2018_Ratio M/L normalized___1,0.5612078252124033,
FR2021_Intensity.H,,
CK2022_14 16-1,,
AST2020_anti-CD3+PDL2,,
MV2014_Ratio M/L normalized B1___1 (5 min),0.5571748492333375,
KBE2022_Log2_Ex_19_T,,
KS2014_Intensity pY_N1,,
RB2022_1_RecoveryEndurance,,
FSO2013_Ratio H/M normalized Rep1___2,0.5166677148180285,
HS2024_8_I_T1,,
NJH2015_iTRAQ Subject 1 115/114 (Exercise/Basal) (normalized),,
EP2017_Mitotic R#2 log2 ratio,,
AH2018_TMTMS2_1_X,0.5941775093154317,
KTGR2014_Ratio M L Normalized Rep2_AA_starvation_0_15,0.56958061833963,
ZCP2016_Ratio H/L Rep 3,0.5547665705582986,
AS2011_Ratio H/L Normalized RNAi_1_3,,
SR2019_MCF10A_Biol_repl_1,,
NJH2025_Sub8_MICT_Mid,,
EJN2021_5_Ex_Ins,,
HS2024_6_I_N2,,
HH2022_Reporter intensity 4,,
RBK2021_1326T Late,,
TM2022_mock.12h.B,,
NJH2024_Sub12_MICT_Pre,,
RCJD2014_15min_3,0.5498666653901256,
MV2014_Ratio L/H normalized B3___2 (5 min),,
LG2023_Control-3_intensity,,
JJ2018_Ratio H/L normalized pP3___2,,
CF2017_FTE 15,,
HS2024_4_I_T3,,
AH2018_SILAC_1_X,,
PG2020_Intensity 10h_B,0.5961977684790714,
AH2018_TMTMS3_1_X,,
CF2017_FTE 14,,
NJH2024_Sub13_HIIT_Post,,
RM2024_Intensity D6-3___3,0.5754182324586585,
NJH2025_Sub7_HIIT_Pre,,
RBK2021_1259T Early,,
RKK2015_IKK+TNF-α/IKKb,0.5805832245051625,
FSO2012_Ratio -/+ 3-MB-PP1 exp. as1b,,
PG2020_Intensity 6h_A,0.5815013641483986,
SR2019_HCC1419_Biol_repl_3,0.5834619298181134,
KBE2022_Log2_Ex_14_T,,
EP2017_Untreated R#2 normalized log2 ratio,,
RM2024_Intensity D0-2___1,,
DB2022_Intensity L1,,
LY2019_P5+,,
HS2024_5_I_N2,,
SAS2015_PLX/AZD_Exp3,,
EP2017_Pervanadate R#2 log2 ratio,,
AS2011_Ratio H/L Normalized RNAi_2_1,,
