DatasetName,GNL1_S(32) GNL1_S(322) GNL1_S(324) GNL1_S(33) GNL1_S(34) GNL1_S(49) GNL1_S(51) GNL1_S(53) GNL1_S(66) GNL1_S(68) GNL1_T(46) GNL1_T(48) GNL1_T(50),GNL1_S(344) GNL1_S(55) GNL1_S(6) GNL1_S(8) GNL1_T(263) GNL1_T(342)
RM2024_Intensity D4-1___3,,
RB2022_4_PostEndurance,0.49360549549114474,
FSO2013_Ratio M/L normalized Rep3,0.5133237120341487,
SR2019_MCF7_Biol_repl_3,,
RKK2015_IKKb(K44M)+TNF-α/IKKb(K44M),,
SR2019_LM2_Biol_repl_1,,
RCJD2014_15min_1,,
AS2011_Ratio H/L Normalized by Proteins Inhi_1,,
CK2022_7 16-1,0.49496106454650857,
NJH2025_Sub12_HIIT_Mid,,
AH2018_LFQ_IT_1_C,0.5257904154727687,
RKK2015_TNF-α/basal,,
JJ2018_Ratio H/M normalized pP2,,
NJH2025_Sub12_MICT_Pre,,
NJH2025_Sub7_MICT_Post,,
DL2023_control-3,0.5236575673095903,
ZX2022_Control Replicate 2,0.4837228540149058,
HS2024_6_B_T3,0.5185137633591815,
JW2015_Intensity pre1,,
IMM2018_normalised rep. int. Empty-3,0.5121290175254405,
AMK2021_30R_p5,,
FSO2013_Ratio M/L normalized Rep1,0.512423475679451,
SR2019_MDAMB231_Biol_repl_4,,
GF2025_P2_Sph,0.5231219295817146,
FSO2012_Ratio -/+ 3-MB-PP1 exp. wt2b,,
NJH2025_Sub13_HIIT_Mid,,
CP2009_Ratio M/L,,
NJH2025_Sub7_HIIT_Post,,
KBE2022_Log2_Ex_44_T,0.5151868502244721,
DB2022_Intensity L2,,
TM2022_mock.4h.C,,
AST2020_anti-CD3.2,0.5504950721017232,
CW2012_10 µM Erl/control Experiment 1 Replicate B,,
HS2024_7_B_N1,0.5143406092929772,
FSO2013_Ratio M/L normalized Rep1___1,0.5134191891588763,
SAS2015_AZD/DMSO_Exp3,,
RM2024_Intensity D0-2___3,,
RM2024_Intensity D6-1,,
RB2022_8_RecoverySprint,0.49937465562223243,
RB2022_5_PreEndurance,0.49769685286090976,
CKC2017_log2 normalized phosphoproteomics_30min_rep#2,,
EP2017_Untreated R#4 normalized log2 ratio,0.547368145374062,0.619172011661822
WZ2023_Pu_010_30min,0.5118938573180907,0.6438321129116492
AS2011_Ratio H/L Proteins RNAi_2,,
RB2022_4_PreStrength,0.510545264466934,
NJH2024_Sub4_MICT_Post,,
AH2018_LFQ_M_1_X,0.5279912471656699,
RB2022_8_RecoveryEndurance,0.47875234772447556,
KBE2022_Log2_Ex_14_U,0.5126075268439372,
FSO2013_Ratio M/L normalized Rep3___3,0.5272295269852373,
AH2018_TMTMS3_1_C,0.48448400267718,
JJ2018_Ratio H/L normalized___1,,
ZQ2022_C2,0.5136676937766654,
RB2022_5_PreSprint,,
PG2020_Intensity 8h_C,0.5085465448884418,
AH2018_SILAC_MR_2_N,0.5210854478531879,
MV2014_Ratio M/L normalized A1___2 (2 min),,
TM2022_S2.8h.B,,
MV2014_Ratio M/H normalized B3___1 (30 min),,
FSO2012_Ratio -/+ 3-MB-PP1 exp. as4a,,
RNJ2017_Log2_ratio_Tsup:Tstim_D2,,
RM2024_Intensity D6-1___2,,
NJH2025_Sub7_MICT_Mid,,
LY2019_P1+,0.5042828304966439,
AS2011_Ratio H/L Proteins Inhi_2,,
BS2014_Log2(Ratio H/L normalized),,
UK2020_HCM_2,,
FSO2013_Ratio H/L normalized Rep2___2,0.518168127770322,
EP2017_Pervanadate R#3 normalized log2 ratio,0.5353077204612465,0.6452835718764168
RM2024_Intensity D4-3___3,,
RB2022_5_PreStrength,0.5035893687512263,
NJH2024_Sub4_MICT_Mid,,
TM2022_S2.4h.A,,
RB2022_5_PostStrength,0.4886732308555921,
GF2025_P6_Sph,0.5313285121481849,
RB2022_2_PreSprint,,
ZX2022_CB treated Replicate 3,0.4999199909599173,
RM2024_Intensity D6-2___3,,
WZ2023_Pe_025_10min,0.5183968114596613,0.6403885495819583
AS2011_Ratio H/L Normalized by Proteins RNAi_1,,
AST2020_anti-CD3+PDL2.1,0.5496843603852418,
KBE2022_Log2_Ex_34_U,0.5151406200120181,
WZ2023_Pu_005_10min,0.5109786480932008,0.6374329759033509
AS2011_Ratio H/L RNAi_2_1,,
NJH2024_Sub9_HIIT_Mid,,
CK2022_9 40-1,0.4951128556830456,
KTGR2014_Ratio H L Normalized Rep1_Rapamycin_0_15,,
LG2023_GSK3α-1_intensity,0.5099628448363911,
WZ2023_Pu_025_30min,0.506493458093031,0.6404280753449433
AH2018_SILAC_MR_2_X,0.5135620011496733,
HS2024_4_PD_T2,0.512215707659818,
NJH2024_Sub4_HIIT_Pre,,
RB2022_2_RecoverySprint,,
AS2011_Ratio H/L Protein RNAi_1,,
RM2024_Intensity D2-1___2,,
CR2017_Ratio Replicate 1.4,0.4867661109322607,
FR2021_Norm.Intensity.B,0.51854657264322,
RM2024_Intensity D6-2___1,,
YC2018_Log2(SKBR3-LR/SKBR3)_Rep.2-1,,
RB2022_5_PostSprint,0.5098059824098733,
EJN2021_3_Rest_Basal,0.5379630322758114,
CR2017_Ratio Replicate 1.3,0.5247711039715764,
AS2011_Ratio H/L Normalized by Protein RNAi_2,,
KTGR2014_Ratio-Rapa 7 mins,,
AMK2021_120R_p1,,
AH2018_SILAC_3_X,0.5090841784989985,
JJ2018_Ratio M/L normalized pP3,,
AH2018_SILAC_M_2_N,0.5235592202992598,
HS2024_7_PD_T2,0.5228857078573307,
FSO2013_Ratio H/L normalized Rep1___1,0.5119586883054652,
AH2018_LFQ_1_C,0.5198148828144686,
AS2011_Ratio H/L Normalized Inhi_1_3,,
KBE2022_Log2_Ex_28_T,0.5101132486315932,
HS2024_3_B_N1,0.508219312742993,
RM2024_Intensity D4-2___3,,
WZ2023_Pe_025_30min,0.5062864517238411,0.6371526073526219
CK2022_11 40-1,0.49637614915394285,
CW2012_10 µM Erl/control Experiment 3 Replicate B,,
AH2018_SILAC_2_X,0.5211867373774763,
MV2014_Ratio H/M normalized A2___2 (2 min),,
AS2011_Ratio H/L RNAi_1_2,,
KS2014_Intensity E15_1,,
FSO2013_Ratio H/L normalized Rep2,0.5159605303815838,
WZ2023_Pu_005_20min,0.48573682749336733,0.6360532246927971
NJH2024_Sub10_MICT_Post,,
RM2024_Intensity D2-3___1,,
CR2017_Ratio Replicate 1.5,0.5136239869017234,
CW2012_10 µM Gef/control Experiment 2 Replicate B,,
HS2024_7_B_T3,0.5304621339180506,
CKC2017_log2 normalized phosphoproteomics_60min_rep#1,,
AS2011_Ratio H/L RNAi_1,,
JC2019_Normalised_intensity_A_TiOx_Testis_sample_URO0059,0.5151088282600258,
AH2018_LFQ_M_1_C,0.5215083775436636,
NJH2025_Sub7_MICT_Pre,,
SR2019_SKBR3_Biol_repl_2,,
HS2024_9_B_T2,0.4982405212959304,
KTGR2014_Ratio-AA 7 mins,,
MV2014_Ratio L/H normalized B3___3 (5 min),,
HS2024_3_PD_T1,0.5269444229936119,
FSO2013_Ratio M/L normalized Rep3___2,0.5014720276747281,
SR2019_BT549_Biol_repl_3,,
RCJD2014_20min_mean,,
FR2021_Norm.Intensity.H,0.527372827274594,
RB2022_2_PreStrength,,
DB2022_LFQ intensity L1.2,,
HS2024_4_B_N1,0.5108979243171341,
KTGR2014_Ratio H M Normalized Rep2_Rapamycin_0_15,,
CK2022_1 16-1,0.47792761424414437,
CK2022_1 200-1,0.5140990072925488,
PG2020_Intensity Mock_10h_D,0.5070840669261565,
SR2019_MCF10A_Biol_repl_2,,
JJ2018_Ratio M/L normalized pP2___2,,
HS2024_6_PD_T1,0.49467431299257947,
JVO2010_Ratio M/L Normalized by Protein ThymON - Log2 G1/S,,
RB2022_6_RecoveryEndurance,,
FSO2012_Ratio -/+ 3-MB-PP1 exp. wt3b,,
EP2017_Mitotic R#2 normalized log2 ratio,0.5024058248274186,0.6476596188339272
RCJD2014_5min_1,,
RM2024_Intensity D4-1___1,,
DL2023_24h-1,0.5251039140007571,
YC2018_Log2(SKBR3-LR/SKBR3)_Rep.1-1,,
FSO2012_Ratio -/+ 3-MB-PP1 exp. as2b,,
TM2022_S2.4h.C,,
SAS2015_PLX/AZD_Exp2,,
CR2017_Ratio Replicate 3.3,0.5092110379828829,
PG2020_Intensity 2h_C,,
VOI2024_Veh2 di,,
ZX2022_CB treated Replicate 2,0.5008889120735394,
KBE2022_Log2_Ex_8_T,0.5115425261054074,
NJH2025_Sub10_MICT_Post,,
HS2024_6_I_T3,0.5176481600727205,
RN2012_L11,,
AS2011_Ratio H/L Normalized Inhi_2_2,,
IMM2018_normalised rep. int. Empty-1,0.5128078263410603,
HS2024_5_PD_T1,0.5193778049968679,
AH2018_LFQ_M_2_C,0.520449266799201,
CK2022_3 40-1,0.49943844472634163,
RBK2021_1260T Early,,
NJH2024_Sub4_HIIT_Post,,
HS2024_4_I_T1,0.5411644122985008,
YA2020_Reporter_intensity_Cancer_No.5,,
HH2022_Reporter intensity 8,,
ZQ2022_N2,0.5180647944142637,
FSO2012_Ratio -/+ 3-MB-PP1 exp. wt1b,,
FSO2013_Ratio H/L normalized Rep3___3,0.5076799128295824,
AH2018_TMTMS3_2_N,0.495738209580225,
EJN2021_5_Rest_Basal,0.5331891764953033,
NJH2025_Sub2_HIIT_Post,,
NJH2025_Sub1_MICT_Post,,
HS2024_9_B_T1,0.49132565961043995,
FSO2012_Ratio -/+ 3-MB-PP1 exp. wt1a,,
JAW2011_Ratio H/L LS2_1,,
JVO2010_Log2 Ratio H/M Normalized aphidicolin,,
NJH2024_Sub6_HIIT_Pre,,
AH2018_SILAC_3_N,0.5066655844333765,
YA2020_Reporter_intensity_Normal_No.1,,
HS2024_3_B_T1,0.5119962968343357,
JJ2018_Ratio H/L normalized___2,,
RM2024_Intensity D0-2,,
MV2014_Ratio M/L normalized B1___2 (5 min),,
RB2022_7_PostStrength,0.5050566987033437,
RB2022_1_PostEndurance,,
CR2017_Ratio Replicate 3,0.52635416309833,
SR2019_Hs578T_Biol_repl_3,,
MV2014_Ratio L/H normalized B3___1 (5 min),,
RBK2021_1244T Early,,
RB2022_3_PostSprint,0.5056555478060235,
NJH2024_Sub13_MICT_Mid,,
KTGR2014_Ratio-AA 2 mins,,
GF2025_P7_Sph,0.5159037847839637,
HS2024_8_I_T3,0.5151419039301927,
CF2017_EOC 3,0.5185469979692928,
LATM2013_Normalized Log2 Ratio (Medium/Light) Forward,,
HS2024_6_PD_T3,0.5201014235992573,
DL2023_12h-2,0.517627348211845,
RM2024_Intensity D6-3___1,,
FS2019_Ctr1,0.5208118202525587,
WZ2023_Pu_010_20min,0.4988694527184002,0.6426585825739066
AS2011_Ratio H/L_3,,
CK2022_1 40-1,0.5010705433516119,
RNJ2017_Log2_ratio_Tsup:Trest_D1,,
CK2022_8 16-1,0.49624129564466457,
KS2014_Intensity N3,0.5059532400082991,
RB2022_4_RecoveryEndurance,0.4880084414833299,
RB2022_5_RecoveryEndurance,,
JAW2011_Ratio H/L LS1a_2,,
NJH2024_Sub12_HIIT_Mid,,
AH2018_LFQ_IT_1_N,,
FSO2013_Ratio H/M normalized Rep2,0.5109824707150433,
RAM2015_Log2 A,0.5034688001714299,
HS2024_8_PD_T1,0.5093730815839479,
JJ2018_Ratio H/L normalized pP2,,
CF2017_OSE 27,0.5171616069229077,
KS2014_Intensity E15_2,,
BS2014_Log2(Ratio H/L protein),,
PG2020_Intensity 8h_A,0.4922476605206426,
HS2024_7_I_T1,0.5325259626290249,
VOI2024_Veh3 di,,
RKK2015_TNF-α+SC-514/basal,,
SR2019_JIMT1_Biol_repl_1,,
HW2015_Ratio H/L normalized Exp2,,
HS2024_3_I_N1,0.49999061104884074,
AH2018_SILAC_M_3_X,0.5094778427144877,
NJH2024_Sub9_HIIT_Post,,
AS2011_Ratio H/L RNAi_1_3,,
GRW2016_Ratio H/L normalized SILAC 1___2,0.5088917594239922,
NJH2025_Sub1_HIIT_Pre,,
YC2018_Log2(SKBR3-LR/SKBR3)_Rep.1-2,,
NJH2024_Sub4_HIIT_Mid,,
VOI2024_0.1uM 2 h_1 di,,
KBE2022_Log2_Ex_6_T,0.5096505831470396,
RM2024_Intensity D4-3___1,,
AH2018_LFQ_4_X,0.5203818035034806,
AS2011_Inhi 2_Ratio H/L normalized by corresponding protein level (H:TAL treatment; L: MA treatment),,
RB2022_8_PostEndurance,0.5146075629839596,
NJH2025_Sub4_MICT_Mid,,
YP2020_Intensity C30_R1_mult_log2,,
AST2020_anti-CD3.1,0.5500190455969889,
NJH2025_Sub4_HIIT_Post,,
EP2017_Untreated R#4 log2 ratio,0.5485615175376186,0.6196665449758589
HS2024_6_B_N1,0.5083593455622171,
KBE2022_Log2_Ex_27_T,0.5049420419222552,
CW2012_10 µM Gef/control Experiment 1 Replicate A,,
VOI2024_0.1uM 24 h_1 mono,,
AMK2021_120R_p5,,
AS2011_Ratio H/L Proteins,,
NJH2024_Sub7_HIIT_Post,,
NJH2015_TMT Subject 1 127_N/126 (Exercise/Basal) (normalized),,0.6357294747311013
AS2011_Ratio H/L RNAi_2_2,,
RB2022_7_RecoveryStrength,,
AH2018_SILAC_IT_3_X,0.520254465555731,
JAW2011_Ratio H/L,,
PG2020_Intensity 10h_C,,
FSO2013_Ratio M/L normalized Rep2,0.49978685181231347,
CP2009_Ratio H/M Normalized (50 nM dasatinib vs 5 nM dasatinib),,
HH2022_Reporter intensity 5,,
SR2019_HCC1954_Biol_repl_2,,
CK2022_14 40-1,0.4999062272439936,
RB2022_6_PreSprint,,
NJH2025_Sub12_MICT_Mid,,
PG2020_Intensity 4h_D,0.5121924907046751,
NJH2025_Sub2_MICT_Post,,
AH2018_LFQ_4_C,0.5234149125192478,
DL2023_control-1,0.5262812951118627,
AR2021_ALG 10 μM,0.4958969796629494,
JAW2011_Ratio H/L LS2_2,,
AH2018_SILAC_IT_3_N,0.5053462428805561,
EJN2021_4_Rest_Ins,0.5333114283691479,
RN2012_H05,0.5374574906722562,
NJH2024_Sub7_HIIT_Mid,,
GF2025_P2_Adh,0.5076286878913076,
FSO2012_Ratio -/+ 3-MB-PP1 exp. as4b,,
RB2022_8_PostSprint,0.5103296335766133,
EJN2021_1_Rest_Ins,0.5413237447982044,
HH2022_Reporter intensity 3,,
FSO2012_Ratio -/+ 3-MB-PP1 exp. wt4b,,
AH2018_SILAC_IT_1_C,0.5232757611862913,
JW2021_After_3,,
GF2025_P8_Sph,0.5171286730878604,
FSO2012_Ratio -/+ 3-MB-PP1 exp. wt4,,
JJ2018_Ratio M/L normalized pP2___1,,
AH2018_SILAC_2_N,0.5214747518049052,
CK2022_11 200-1,0.5081703888253626,
CK2022_12 200-1,0.5091127339623964,
AS2011_Ratio H/L Normalized by Protein RNAi_1,,
RM2024_Intensity D2-1___3,,
NJH2024_Sub1_MICT_Pre,,
HH2022_Reporter intensity 9,,
WZ2023_Su_010_20min,0.49721084266281135,0.64085530550678
AH2018_TMTMS2_2_N,0.46328740718181877,
NJH2024_Sub13_MICT_Pre,,
KBE2022_Log2_Ex_41_U,0.5103891650157,
NJH2015_TMT Subject 3 129_N/128_C (Exercise/Basal) (normalized),,0.6546002911953086
AH2018_TMTMS3_Pool,0.4882612483204207,
KS2014_Intensity N4,0.5053459061971665,
NJH2024_Sub1_HIIT_Post,,
MM2018_Ratio H/L replicate2,,
RM2024_Intensity D4-2___2,,
NJH2024_Sub13_HIIT_Pre,,
CF2017_OSE 26,0.5055026515731835,
CK2022_14 200-1,0.5091386173175179,
SR2019_Hs578T_Biol_repl_1,,
RB2022_7_PostSprint,0.5235889987377778,
TM2022_mock.4h.A,,
NJH2025_Sub12_HIIT_Pre,,
AH2018_TMTMS3_1_N,0.48892712783145764,
AST2020_anti-CD3+PDL2.2,0.5503090587796714,
PG2020_Intensity Mock_10h_A,0.49616187283627516,
JW2021_After_2,,
NJH2024_Sub2_MICT_Post,,
EJN2021_2_Rest_Ins,0.5302360333088519,
SR2019_LM2_Biol_repl_4,,
CP2009_Ratio H/M,,
JAW2011_Ratio H/L HS,,
CK2022_13 16-1,0.4743185690355354,
GF2025_P1_Adh,0.5040793255850443,
GF2025_P1_Sph,0.5403320445770924,
EJN2021_5_Ex_Basal,0.5373948829771067,
HS2024_7_I_T3,0.5272170579240234,
JJ2018_Ratio H/L normalized pP2___2,,
WZ2023_Pe_010_10min,0.5099493584733857,0.6374841283279823
CF2017_EOC 1,0.5132819563461655,
CK2022_3 200-1,0.5118430643685333,
AH2018_LFQ_IT_3_C,0.5195743860507613,
SR2019_Hs578T_Biol_repl_2,,
NJH2024_Sub12_HIIT_Post,,
JJ2018_Ratio H/L normalized pP1___2,,
MV2014_Ratio H/L normalized A1___2 (10 min),,
NJH2024_Sub10_MICT_Mid,,
NJH2024_Sub13_MICT_Post,,
BS2014_Log2(Ratio H/L normalized Rep_1),,
RB2022_3_RecoverySprint,0.47199667637397363,
NJH2025_Sub1_HIIT_Mid,,
RCJD2014_20min_2,,
FSO2012_Ratio -/+ 3-MB-PP1 exp. wt2,,
HS2024_6_PD_T2,0.5154163734102568,
HS2024_5_B_T1,0.5288760287670268,
CW2012_10 µM Gef/control Experiment 2 Replicate A,,
DL2023_12h-3,0.5177255454016029,
SR2019_MDAMB231_Biol_repl_2,,
HS2024_3_B_T2,0.5186623313178862,
RB2022_6_PreStrength,,
CK2022_2 40-1,0.5049906476138109,
RB2022_1_PostSprint,,
CK2022_4 200-1,0.5109048180403412,
JW2021_Before_2,,
TM2022_S2.12h.A,,
MV2014_Ratio L/M normalized B2___2 (30 min),,
CK2022_5 16-1,0.4980708120594931,
AR2021_ALG 1 μM,0.4961830196919118,0.6707911267883601
HS2024_4_B_T1,0.513366589056466,
MV2014_Ratio M/H normalized A3___1 (10 min),,
SR2019_BT549_Biol_repl_4,,
EJN2021_1_Rest_Basal,0.5356900549405357,
NJH2025_Sub8_MICT_Post,,
RCJD2014_5min_3,,
CR2017_Ratio Replicate 3.2,0.5173756521109409,
FSO2012_Ratio -/+ 3-MB-PP1 exp. as3a,,
GF2025_P7_Adh,0.5256847581036104,
CK2022_9 16-1,0.47561593861997375,
NJH2024_Sub6_HIIT_Post,,
AMK2021_30R_p3,,
AS2011_Ratio H/L Normalized RNAi_2,,
RM2024_Intensity D0-2___2,,
KS2014_Intensity pY_N4,,
CK2022_13 200-1,0.5091907293752032,
AS2011_Ratio H/L Normalized_2,,
PG2020_Intensity 6h_D,0.5064509181295908,
CK2022_16 16-1,0.47118876184915715,
FS2019_db/db3,0.5240097846269071,
CK2022_15 40-1,0.4990289330190303,
NJH2024_Sub9_MICT_Pre,,
BS2014_Log2(Ratio H/L unmodified peptide),,
WZ2023_Su_005_10min,0.4926474649810384,0.6403375082761232
RM2009_Ratio M/L (M:15 min timepoint;L:0 min. timepoint),,
KBE2022_Log2_Ex_41_T,0.5156767160535379,
AMK2021_Ctrl_p1,,
AH2018_LFQ_IT_3_X,0.5211539833000522,
HS2024_5_PD_T3,0.5116546066226904,
AH2018_TMTMS3_3_X,0.49475416444712184,
FSO2012_Ratio -/+ 3-MB-PP1 exp. as2,,
KBE2022_Log2_Ex_40_U,0.5101665099448252,
AH2018_LFQ_M_1_N,0.5275572324012358,
KBE2022_Log2_Ex_27_U,0.5022900883531854,
HW2015_Ratio M/L normalized Exp3,,
RKK2015_TNF-α/IKKb(K44M),,
AH2018_SILAC_M_1_N,0.5076034760552528,
HW2015_Ratio M/L normalized Exp1,,
RB2022_5_RecoveryStrength,0.4910895868915929,
YP2020_Intensity P10_R1_mult_log2,,
RB2022_7_PreStrength,,
YA2020_Reporter_intensity_Normal_No.4,,
NJH2025_Sub13_HIIT_Pre,,
PG2020_Intensity CT_D,0.5049109768813159,
NJH2025_Sub9_MICT_Post,,
VOI2024_Veh1 mono,,
CK2022_12 16-1,0.45569443120866204,
RN2012_L13,0.5122692605226283,
LG2023_Control-1_intensity,,
RM2024_Intensity D6-3___2,,
KBE2022_Log2_Ex_8_U,0.5069185699504655,
SR2019_SKBR3_Biol_repl_3,,
NJH2024_Sub1_MICT_Post,,
HS2024_3_I_T2,0.5250825173961913,
KTGR2014_Ratio M L Normalized Rep2_Rapamycin_0_15,,
RM2024_Intensity D0-3___3,,
HS2024_6_I_T2,0.527246392347402,
CW2012_10 µM Erl/control Experiment 2 Replicate B,,
AS2011_Ratio H/L Protein Inhi_1,,
FSO2013_Ratio H/M normalized Rep2___1,0.5153550280027523,
GRW2016_Ratio M/L normalized SILAC 5a___2,,
CK2022_10 40-1,0.49833962485973954,
NJH2024_Sub12_HIIT_Pre,,
NJH2024_Sub8_MICT_Pre,,
RM2024_Intensity D0-1___1,,
LY2019_P3+,0.5568194057488032,
HH2022_Reporter intensity 6,,
RB2022_2_RecoveryStrength,,
KTGR2014_Ratio-AA 15 mins,,
AS2011_Ratio H/L Normalized RNAi_2_2,,
KS2014_Intensity pY_N3,,
MV2014_Ratio H/L normalized B1___2 (30 min),,
LY2019_P5-,0.5044810234418743,
HW2015_Ratio M/L normalized Exp2,,
SR2019_HCC1419_Biol_repl_1,,
AH2018_TMTMS2_3_X,0.46571857700622427,
GF2025_P3_Adh,0.5262932732069223,
SR2019_JIMT1_Biol_repl_2,,
AH2018_TMTMS2_1_C,0.46396202625994787,
RM2024_Intensity D0-1___2,,
LY2019_P4+,0.5132441575757957,
KBE2022_Log2_Ex_19_U,0.5108390133363201,
CKC2017_log2 normalized phosphoproteomics_0min_rep#1,,
RB2022_4_PostStrength,0.5059442015038177,
LG2023_GSK3α-3_intensity,,
YA2020_Reporter_intensity_Cancer_No.1,,
AST2020_Control,0.5513552997916374,
JAW2011_Ratio H/L LS1a,,
RCJD2014_5min_mean,,
NJH2015_iTRAQ Subject 4 114/115 (Exercise/Basal) (normalized),,
NJH2025_Sub1_MICT_Mid,,
TM2022_S2.12h.C,,
NJH2025_Sub9_MICT_Mid,,
CKC2017_log2 normalized phosphoproteomics_120min_rep#2,,
AS2011_Ratio H/L Normalized Inhi_1_2,,
FSO2013_Ratio M/L normalized Rep2___1,0.5086779149309189,
LG2023_Control-2_intensity,,
NJH2024_Sub8_HIIT_Pre,,
KS2014_Intensity pY_N2,,
RB2022_5_RecoverySprint,0.5012840240871841,
RB2022_7_RecoverySprint,0.47421913147583095,
YA2020_Reporter_intensity_Normal_No.3,,
HS2024_8_B_T2,0.5309738893167242,
AH2018_LFQ_1_X,0.5245175066293077,
RM2024_Intensity D6-1___1,,
RCJD2014_10min_2,,
FR2021_Norm.Intensity.M,0.5127070981531061,
RM2024_Intensity D0-3___1,,
KS2014_Intensity N2,0.5124426456057312,
HH2022_Reporter intensity 1,,
HH2022_Reporter intensity 2,,
RM2024_Intensity D6-2___2,,
FSO2012_Ratio -/+ 3-MB-PP1 exp. as1,,
RM2024_Intensity D2-3___2,,
YA2020_Reporter_intensity_Normal_No.5,,
SR2019_MCF7_Biol_repl_1,,
FSO2012_Ratio -/+ 3-MB-PP1 exp. as1a,,
HS2024_8_B_T1,0.5102093189660646,
NJH2025_Sub6_HIIT_Pre,,
RNJ2017_Log2_ratio_Tsup:Tstim_D1,,
EP2017_Untreated R#2 log2 ratio,0.5212977852751087,0.6290256963795333
SR2019_LM2_Biol_repl_3,,
RB2022_4_RecoveryStrength,0.5102815184683331,
CR2017_Ratio Replicate 2,0.5405532606002997,
CW2012_10 µM Erl/control Experiment 2 Replicate A,,
FSO2013_Ratio H/M normalized Rep3,0.5043771029503497,
AR2021_KD 72h,0.5165761687336056,0.6079124209965067
MV2014_Ratio H/M normalized B2___3 (5 min),,
KBE2022_Log2_Ex_18_U,0.49645304165276827,
AS2011_Ratio H/L Inhi_1_1,,
NJH2024_Sub8_MICT_Post,,
AH2018_TMTMS3_3_C,0.49319826856023646,
KBE2022_Log2_Ex_9_U,0.5078942178072161,
AH2018_SILAC_M_3_N,0.5071283513544831,
KBE2022_Log2_Ex_13_T,0.5127878076826277,
RM2024_Intensity D0-3,,
SR2019_SKBR3_Biol_repl_1,,
PG2020_Intensity Mock_10h_C,0.5064187792225184,
CF2017_OSE 29,,
YB2013_Ratio_H_L_Normalized_in_experiment_1,,
NJH2025_Sub1_HIIT_Post,,
DL2023_24h-2,0.5259048790327298,
HS2024_7_B_N2,0.5301979168502323,
PG2020_Intensity 10h_A,,
RN2012_L12,,
MV2014_Ratio M/L normalized B1___3 (5 min),,
NJH2024_Sub8_MICT_Mid,,
AH2018_LFQ_IT_4_C,0.500346530460249,
SAS2015_PLX/AZD_Exp1,,
FR2021_Norm.Intensity.A,0.5154616368330136,
FSO2013_Ratio H/M normalized Rep1___1,0.5169255768519546,
JW2015_Intensity cap2,,
BS2014_Log2(Ratio H/L normalized Rep_2),,
NJH2024_Sub6_MICT_Post,,
CK2022_8 40-1,0.5038826682962108,
RB2022_7_RecoveryEndurance,0.5003673200889324,
NJH2025_Sub12_HIIT_Post,,
EJN2021_4_Ex_Basal,0.5391474850232885,
TM2022_S2.12h.B,,
RN2012_L15,0.5209012067130021,
KS2014_Intensity pY_PV3,,
TM2022_S2.4h.B,,
PG2020_Intensity 4h_A,0.4894523764613552,
FSO2013_Ratio H/M normalized Rep2___2,0.5087240596888732,
TM2022_mock.4h.B,,
KBE2022_Log2_Ex_24_U,0.5150756299990157,
NJH2025_Sub13_MICT_Mid,,
KS2014_Intensity C3,0.5150631138020466,
RB2022_1_PreSprint,,
HS2024_4_I_N1,0.5106223915238328,
CK2022_7 200-1,0.5196615593279331,
CK2022_5 200-1,0.5209849638732668,
CKC2017_log2 normalized phosphoproteomics_120min_rep#3,,
FSO2013_Ratio H/L normalized Rep2___1,0.5107973671439218,
NJH2024_Sub10_HIIT_Mid,,
RB2022_2_PostEndurance,,
AH2018_LFQ_2_C,0.5176009538835973,
AH2018_SILAC_MR_1_X,0.5252372171454431,
KTGR2014_Ratio H M Normalized Rep1_Rapamycin_0_15,,
IMM2018_normalised rep. int. Empty-2,0.5112804212603359,
RM2024_Intensity D4-1,,
KBE2022_Log2_Ex_25_U,0.5159986259808028,
AH2018_SILAC_3_C,0.5004101095966351,
EJN2021_5_Rest_Ins,0.5319304190900763,
VOI2024_0.1uM 24 h_3 di,,
RNJ2017_Log2_ratio_Tstim:Trest_D3,,
DB2022_LFQ intensity L2.1,,
FSO2013_Ratio H/M normalized Rep1,0.5157024278862403,
CK2022_4 16-1,0.4682337591054489,
AS2011_Ratio H/L,,
SR2019_MCF7_Biol_repl_4,,
EJN2021_2_Ex_Ins,0.5371935341352638,
AS2011_Ratio H/L Inhi_2_3,,
JAW2011_Ratio H/L LS1a_1,,
AH2018_LFQ_1_N,0.524555437018943,
SAS2015_PLX/DMSO_Exp1,,
SFR2015_HL_log2_ratio_avg_c,0.5180002928363092,
JJ2018_Ratio M/L normalized pP2,,
NJH2024_Sub7_MICT_Mid,,
PG2020_Intensity 6h_B,0.49906041083464847,
FSO2013_Ratio H/L normalized Rep3,0.5148203467825025,
GRW2016_Ratio H/L normalized SILAC 2___2,0.5407954289608045,
RKK2015_IKKb(K44M)+TNF-α/TNF-α,,
JJ2018_Ratio M/L normalized,,
KTGR2014_Ratio-AA 30 mins,,
JW2021_After_1,,
NJH2025_Sub2_MICT_Mid,,
HS2024_6_B_N2,0.4952661474101135,
KBE2022_Log2_Ex_9_T,0.503844424573104,
AH2018_SILAC_IT_2_N,0.5074464198305929,
AH2018_SILAC_IT_1_X,0.5185822031308988,
HW2015_Ratio H/L normalized Exp3,,
HS2024_7_PD_T1,0.5136872722859206,
UK2020_UA_2,,
RM2024_Intensity D2-1___1,,
GF2025_P10_Sph,0.5347631330982939,
WZ2023_Pe_025_20min,0.516793108445584,0.6352206295075599
JVO2010_Log2 Ratio M/L Normalized aphidicolin,,
AH2018_LFQ_2_N,0.5262311969284261,
HS2024_4_I_N2,0.5213785044611514,
AH2018_TMTMS2_3_N,0.45984508046472927,
RN2012_H06,0.5204701584469706,
AS2011_Inhi 1_Ratio H/L normalized by corresponding protein level (H:TAL treatment; L: MA treatment),,
HS2024_4_PD_T3,0.514462278819553,
WZ2023_Su_005_30min,0.48523094333890615,0.6365163159653382
SR2019_HCC1419_Biol_repl_4,,
JJ2018_Ratio H/M normalized___2,,
SR2019_JIMT1_Biol_repl_3,,
AS2011_Ratio H/L Protein,,
UK2020_HCM_3,,
NJH2024_Sub10_HIIT_Post,,
CR2017_Ratio Replicate 3.1,0.5622918050396599,
WZ2023_Su_025_10min,0.4844778424935736,0.636474630302077
AH2018_LFQ_IT_4_X,0.5090585772281352,
CP2009_Ratio H/L,,
VOI2024_0.1uM 24 h_3 mono,,
RB2022_4_RecoverySprint,0.5086724135901636,
RM2024_Intensity D6-3,,
WZ2023_Su_005_20min,0.48655164589740263,0.6406122709080121
CW2012_10 µM Gef/control Experiment 1 Replicate B,,
SFR2015_HL_log2_ratio_avg_a,0.5148497118454268,
CW2012_10 µM Erl/control Experiment 3 Replicate A,,
RB2022_1_PreEndurance,,
FSO2012_Ratio -/+ 3-MB-PP1 exp. wt3a,,
LG2023_GSK3α-2_intensity,,
EP2017_Pervanadate R#1 log2 ratio,0.547052217000238,0.642029998633116
NJH2025_Sub6_HIIT_Post,,
RB2022_6_RecoverySprint,,
KS2014_Intensity,0.5171575070484414,
MV2014_Ratio H/M normalized A2___1 (2 min),,
PG2020_Intensity 8h_D,0.5126894927340642,
LY2019_P7+,0.5305846021613144,
EP2017_Untreated R#1 normalized log2 ratio,0.48121724120772513,0.6279866737632158
RN2012_L10,,
PG2020_Intensity 4h_C,,
EP2017_Mitotic R#3 normalized log2 ratio,0.5084457814056447,0.6474827318010997
FSO2012_Ratio -/+ 3-MB-PP1 exp. as4,,
DB2022_LFQ intensity L1,,
KBE2022_Log2_Ex_24_T,0.5136836488261223,
RB2022_8_PostStrength,0.49648542943128504,
AH2018_SILAC_IT_2_X,0.5199708334739296,
HS2024_4_B_T3,0.5361061316861215,
NJH2024_Sub2_HIIT_Post,,
HS2024_8_B_N2,0.5190347808846776,
NJH2025_Sub8_HIIT_Pre,,
JJ2018_Ratio H/L normalized pP2___1,,
HS2024_8_I_T2,0.5274510015459634,
KBE2022_Log2_Ex_6_U,0.5048219400754349,
LATM2013_Normalized Log2 Ratio (Light/Medium) Reverse,,
CR2017_Ratio Replicate 1.1,0.5642478014214062,
CKC2017_log2 normalized phosphoproteomics_30min_rep#1,,
MV2014_Ratio M/H normalized B3___2 (30 min),,
CK2022_16 200-1,0.5085441848606126,
VOI2024_0.1uM 2 h_3 di,,
EP2017_Mitotic R#1 normalized log2 ratio,0.4724726850272092,0.6496713238503756
GF2025_P9_Sph,0.5377230975664974,
CK2022_6 200-1,0.5249520887537774,
NJH2024_Sub7_MICT_Post,,
AH2018_TMTMS3_2_X,0.49896532768294044,
NJH2024_Sub8_HIIT_Post,,
DB2022_LFQ intensity R1,,
JW2015_Intensity cap3,,
SR2019_HCC1954_Biol_repl_1,,
HS2024_4_I_T2,0.5230911706672952,
NJH2024_Sub2_MICT_Mid,,
VOI2024_0.1uM 2 h_2 mono,,
CP2009_Ratio M/L Normalized (5 nM dasatinib vs Ctrl),,
FSO2012_Ratio -/+ 3-MB-PP1 exp. as3b,,
HS2024_4_PD_T1,0.5198371702582648,
SAS2015_AZD/DMSO_Exp1,,
NJH2024_Sub1_MICT_Mid,,
IMM2018_normalised rep. int. CDK5L-3,0.5096311045109925,
HS2024_3_B_T3,0.5198067762463191,
MV2014_Ratio L/H normalized A3___2 (2 min),,
NJH2025_Sub13_MICT_Pre,,
SR2019_MDAMB231_Biol_repl_3,,
GRW2016_Ratio H/L normalized SILAC 4___1,,
MM2018_Ratio H/L replicate1,,
PG2020_Intensity 2h_D,0.5061997672016676,
EP2017_Untreated R#3 normalized log2 ratio,0.50341243675831,0.6377607417342764
MV2014_Ratio M/H normalized A3___3 (10 min),,
NJH2024_Sub7_HIIT_Pre,,
JAW2011_Ratio H/L LS2,,
CK2022_8 200-1,0.5208849415894403,
KS2014_Intensity pY_C4,,
CR2017_Ratio Replicate 3.5,0.5175802155464843,
RB2022_7_PostEndurance,,
NJH2025_Sub4_HIIT_Pre,,
CKC2017_log2 normalized phosphoproteomics_90min_rep#3,,
TM2022_mock.12h.A,,
JJ2018_Ratio H/L normalized pP1,,
EP2017_Pervanadate R#2 normalized log2 ratio,0.49731205646798426,0.6465841871864276
AS2011_Ratio H/L Normalized by Protein (Unnormalized),,
KS2014_Intensity pY_E5_4,,
RM2024_Intensity D4-3___2,,
CKC2017_log2 normalized phosphoproteomics_15min_rep#1,,
AH2018_SILAC_2_C,0.519590844618879,
AS2011_RNAi 2_Ratio H/L normalized by corresponding protein level (H: shPlk1; L: shEg5),,
HS2024_7_I_N1,0.5324426834403548,
KBE2022_Log2_Ex_29_T,0.5013179887534503,
HS2024_7_I_T2,0.5318561826738075,
AS2011_Ratio H/L Normalized RNAi_2_3,,
CW2012_10 µM Gef/control Experiment 3 Replicate B,,
HS2024_6_B_T2,0.5048344442286207,
AMK2021_45I_p5,,
CW2012_10 µM Erl/control Experiment 1 Replicate A,,
SAS2015_PLX/DMSO_Exp2,,
EJN2021_1_Ex_Basal,0.534746019901567,
FR2021_Intensity.M,0.5127070981531061,
RB2022_2_PostSprint,,
AH2018_SILAC_MR_3_N,0.5222765380752709,
MV2014_Ratio H/L normalized B1___3 (30 min),,
CF2017_FTE 13,0.5167093783081261,
PG2020_Intensity CT_C,,
ZCP2016_Ratio H/L Rep 1,,
FS2019_db/db2,0.5215655610730653,
KS2014_Intensity pY_PV4,,
KBE2022_Log2_Ex_39_U,0.5177945601152741,
EP2017_Untreated R#3 log2 ratio,0.504611136642081,0.6386158647666101
RB2022_2_PostStrength,,
AS2011_Ratio H/L Normalized_1,,
MV2014_Ratio M/H normalized A3___2 (10 min),,
CR2017_Ratio Replicate 3.4,0.5071737458891163,
HS2024_8_PD_T2,0.5182635937027221,
FS2019_Ctr2,0.5122400816253609,
RB2022_6_PreEndurance,,
FR2021_Norm.Intensity.G,0.508129979365718,
NJH2025_Sub9_HIIT_Post,,
CKC2017_log2 normalized phosphoproteomics_0min_rep#3,,
RM2024_Intensity D4-3,,
HS2024_8_B_N1,0.5255717028351955,
NJH2025_Sub10_MICT_Mid,,
KBE2022_Log2_Ex_15_U,0.5102593223643541,
AS2011_Ratio H/L Normalized Inhi_2,,
RKK2015_TNF-α/SC-514,,
RB2022_3_PreSprint,,
CR2017_Ratio Replicate 2.3,0.5348664293034601,
RM2009_Ratio M/L Normalized by Corresponding Protein Level (M:15 min timepoint;L:0 min. timepoint),,
CP2009_Ratio H/L Normalized (50 nM dasatinib vs Ctrl),,
GF2025_P4_Adh,0.5389837219042847,
YA2020_Reporter_intensity_Normal_No.2,,
YP2020_Intensity P30_R2_mult_log2,,
NJH2025_Sub13_MICT_Post,,
HS2024_4_B_N2,0.5259410948501293,
HS2024_3_PD_T3,0.5064546295280273,
AMK2021_120R_p3,,
MV2014_Ratio L/H normalized A3___3 (2 min),,
NJH2025_Sub10_HIIT_Pre,,
FR2021_Intensity.G,0.5107901102125357,
RAM2015_Log2 C,0.5046859034880096,
AS2011_Ratio H/L Proteins Inhi_1,,
FSO2013_Ratio H/M normalized Rep1___3,0.5141256489089969,
AH2018_LFQ_M_2_N,0.5295759817790409,
MV2014_Ratio M/L normalized A1___3 (2 min),,
KBE2022_Log2_Ex_40_T,0.5112144139795706,
CK2022_2 16-1,0.4943673957493463,
RAM2015_Log2 B,0.5097261828427633,
YP2020_Intensity C10_R1_mult_log2,,
FSO2013_Ratio M/L normalized Rep1___2,0.5081882612719398,
NJH2025_Sub8_MICT_Pre,,
EJN2021_4_Rest_Basal,0.5305677256642682,
YB2013_Ratio_H_L_Normalized_in_experiment_2,,
JJ2018_Ratio H/M normalized pP3___1,,
VOI2024_Veh2 mono,,
HS2024_6_B_T1,0.49957958280109754,
UK2020_HCM_5,,
NJH2025_Sub10_HIIT_Post,,
VOI2024_0.1uM 2 h_3 mono,,
JW2015_Intensity pre3,,
AS2011_Ratio H/L Normalized Inhi_2_1,,
DL2023_24h-3,0.517211183098257,
HS2024_7_PD_T3,0.5160966801631448,
PG2020_Intensity Mock_10h_B,0.4959994998625184,
WZ2023_Su_025_30min,0.5168334178729104,0.6415072626174284
AH2018_LFQ_4_N,0.5228104499490533,
CR2017_Ratio Replicate 1.2,0.5317264412572099,
AS2011_Ratio H/L Normalized by Proteins,,
RB2022_6_RecoveryStrength,,
HS2024_8_I_N1,0.51128362257011,
AMK2021_Ctrl_p3,,
AS2011_Ratio H/L Protein Inhi_2,,
HH2022_Reporter intensity 7,,
AH2018_SILAC_M_1_X,0.5077318724171807,
RB2022_7_PreEndurance,0.4909103613526602,
VOI2024_0.1uM 24 h_2 di,,
DL2023_control-2,,
LY2019_P6+,0.5032997934116987,
DB2022_LFQ intensity R2,,
GF2025_P6_Adh,0.5131208462486911,
VOI2024_Veh1 di,,
AS2011_Ratio H/L RNAi_2,,
FSO2012_Ratio -/+ 3-MB-PP1 exp. as3,,
VOI2024_Veh3 mono,,
HS2024_5_I_T2,0.5093960973472389,
NJH2025_Sub7_HIIT_Mid,,
MV2014_Ratio H/L normalized B1___1 (30 min),,
RM2009_Ratio H/L (H:60 min timepoint;L:0 min. timepoint),,
RB2022_6_PostSprint,,
KTGR2014_Ratio H L Normalized Rep2_Rapamycin_0_15,,
AS2011_Ratio H/L Inhi_1,,
AS2011_Ratio H/L Normalized RNAi_1_2,,
AH2018_TMTMS3_2_C,0.4919286173295513,
SR2019_Hs578T_Biol_repl_4,,
RB2022_8_PreStrength,,
KS2014_Intensity C5,,
RM2024_Intensity D0-1,,
CW2012_10 µM Gef/control Experiment 3 Replicate A,,
YP2020_Intensity P30_R1_mult_log2,,
NJH2025_Sub2_HIIT_Pre,,
RB2022_3_RecoveryEndurance,,
RNJ2017_Log2_ratio_Tstim:Trest_D2,,
GF2025_P9_Adh,0.5332642472681018,
RB2022_3_PostStrength,0.5041451088471403,
TM2022_S2.8h.A,,
AS2011_Ratio H/L RNAi_1_1,,
AS2011_Ratio H/L Normalized by Proteins RNAi_2,,
FSO2012_Ratio -/+ 3-MB-PP1 exp. wt1,,
AS2011_Ratio H/L Normalized by Protein Inhi_1,,
NJH2025_Sub2_MICT_Pre,,
MV2014_Ratio L/M normalized A2___3 (10 min),,
MV2014_Ratio H/M normalized A2___3 (2 min),,
HS2024_4_B_T2,0.5335856473649712,
SR2019_BT549_Biol_repl_1,,
AH2018_LFQ_M_4_N,0.5265056919093747,
NJH2024_Sub8_HIIT_Mid,,
PG2020_Intensity 8h_B,0.5057691389925882,
AH2018_LFQ_2_X,0.5121047159343871,
PG2020_Intensity 2h_B,,
AS2011_Ratio H/L Proteins RNAi_1,,
RB2022_4_PostSprint,0.5033525006319518,
KS2014_Intensity E15_3,,
GF2025_P3_Sph,0.5387631474661567,
DB2022_LFQ intensity L2,,
MV2014_Ratio H/L normalized A1___1 (10 min),,
AH2018_SILAC_1_C,0.5257642500942997,
NJH2024_Sub1_HIIT_Pre,,
FSO2013_Ratio M/L normalized Rep2___2,0.48791688917856874,
NJH2015_TMT Subject 4 130_N/129_C (Exercise/Basal) (normalized),,0.633423057797368
AS2011_Ratio H/L RNAi_2_3,,
AH2018_SILAC_IT_1_N,0.4991690960924246,
KTGR2014_Ratio H M Normalized Rep2_AA_starvation_0_15,,
RB2022_4_PreEndurance,0.5109025253843554,
JJ2018_Ratio M/L normalized pP1,,
CR2017_Ratio Replicate 2.4,0.49665833906451395,
ZQ2022_N1,0.5107429571302242,
LY2019_P6-,0.5053500971452377,
RM2024_Intensity D2-3,,
UK2020_HCM_1,,
JW2015_Intensity pre2,,
KTGR2014_Ratio M L Normalized Rep1_AA_starvation_0_15,,
RM2024_Intensity D2-1,,
NJH2025_Sub12_MICT_Post,,
MV2014_Ratio H/M normalized B2___2 (5 min),,
RN2012_L14,0.5165116428278421,
AH2018_LFQ_3_N,0.5199701636402074,
RKK2015_TNF-α/IKKb,,
SFR2015_HL_log2_ratio_std_b,0.4841054173387953,
UK2020_UA_1,,
KBE2022_Log2_Ex_13_U,0.5084161689470157,
AS2011_Ratio H/L Normalized Inhi_1,,
RNJ2017_Log2_ratio_Tsup:Trest_D2,,
RB2022_1_RecoverySprint,,
CKC2017_log2 normalized phosphoproteomics_120min_rep#1,,
JJ2018_Ratio H/L normalized pP3,,
CK2022_7 40-1,0.5042606778334398,
AS2011_Ratio H/L Inhi_1_3,,
NJH2025_Sub10_HIIT_Mid,,
KTGR2014_Ratio H L Normalized Rep2_AA_starvation_0_15,,
JAW2011_Ratio H/L LS1b_1,,
PG2020_Intensity 4h_B,0.5074229371709358,
SR2019_BT549_Biol_repl_2,,
RM2024_Intensity D4-2,,
DB2022_LFQ intensity R2.2,,
JJ2018_Ratio H/L normalized,,
RB2022_5_PostEndurance,0.49779156882555253,
HS2024_5_PD_T2,0.511666897095748,
WZ2023_Su_025_20min,0.48848324023763745,0.6426513071540442
RM2024_Intensity D2-2___1,,
IMM2018_normalised rep. int. CDK5L-2,0.5083159566732415,
LY2019_P8-,0.5214393802606826,
JVO2010_Ratio H/M Normalized by Protein ThymON - Log2 G2,,
CKC2017_log2 normalized phosphoproteomics_15min_rep#3,,
FSO2013_Ratio H/L normalized Rep1,0.5125620833974011,
NJH2024_Sub2_HIIT_Pre,,
CKC2017_log2 normalized phosphoproteomics_60min_rep#2,,
CK2022_13 40-1,0.5003075432435151,
FSO2012_Ratio -/+ 3-MB-PP1 exp. wt4a,,
RN2012_H02,,
PG2020_Intensity 10h_D,,
RB2022_8_PreEndurance,,
HS2024_3_B_N2,0.5082393241025588,
EJN2021_4_Ex_Ins,0.5303446360667734,
AS2011_Ratio H/L Normalized by Protein,,
EJN2021_1_Ex_Ins,0.5279349756454448,
EP2017_Pervanadate R#3 log2 ratio,0.5344776999450868,0.6450125774861961
FSO2013_Ratio M/L normalized Rep1___3,0.5030132601310773,
NJH2025_Sub4_HIIT_Mid,,
RCJD2014_5min_2,,
RB2022_6_PostStrength,,
AH2018_SILAC_MR_3_C,0.5188483247888456,
AH2018_LFQ_M_4_C,0.5271672612051085,
NJH2024_Sub4_MICT_Pre,,
AS2011_Ratio H/L Normalized Inhi_1_1,,
DL2023_12h-1,0.5180087951949341,
MV2014_Ratio L/M normalized B2___1 (30 min),,
DB2022_LFQ intensity L1.1,,
NJH2025_Sub6_MICT_Pre,,
NJH2025_Sub6_MICT_Post,,
CKC2017_log2 normalized phosphoproteomics_60min_rep#3,,
RN2012_H04,0.5326172510218724,
CK2022_6 40-1,0.5062362923598156,
DB2022_LFQ intensity R2.1,,
KBE2022_Log2_Ex_42_U,0.5056246422847529,
LY2019_P3-,0.557057251365409,
FR2021_Intensity.A,0.5126850474102851,
EJN2021_3_Ex_Ins,0.5390563116740986,
MV2014_Ratio M/L normalized A1___1 (2 min),,
WZ2023_Pe_005_30min,0.5226314920331597,0.6375843811812265
HS2024_8_PD_T3,0.5083936692182731,
EJN2021_3_Ex_Basal,0.5394016001560168,
AST2020_Control.1,0.5497514313219894,
JW2015_Intensity cap1,,
PG2020_Intensity CT_A,,
FS2019_Ctr3,0.5121945371884103,
WZ2023_Pu_025_20min,0.49210627868990336,0.638311196045307
NJH2025_Sub4_MICT_Post,,
JVO2010_Ratio H/M Normalized by Protein Noco3h - Log2 Late S,,
GF2025_P10_Adh,0.5271217253474042,
RB2022_1_RecoveryStrength,,
SR2019_HCC1954_Biol_repl_4,,
FR2021_Norm.Intensity.N,0.5185157758731799,
HS2024_5_B_N1,0.5010110033838747,
FSO2013_Ratio H/M normalized Rep3___3,0.4868740474817817,
AH2018_TMTMS2_2_C,0.4550189409122043,
RB2022_4_PreSprint,,
DB2022_Intensity R2,,
AH2018_TMTMS2_Pool,0.4914385966296803,
HS2024_8_I_N2,0.5151439627930811,
RB2022_3_RecoveryStrength,0.516281333145563,
NJH2024_Sub6_HIIT_Mid,,
AH2018_SILAC_M_1_C,0.5084230134502007,
LY2019_P8+,0.5132768697706042,
RB2022_2_RecoveryEndurance,,
JJ2018_Ratio H/M normalized pP2___1,,
JAW2011_Ratio H/L HS_1,,
RB2022_3_PostEndurance,0.5024695726672656,
KS2014_Intensity pY_PV1,,
JAW2011_Ratio H/L LS1b_2,,
SR2019_MCF7_Biol_repl_2,,
NJH2015_TMT Subject 2 128_N/127_C (Exercise/Basal) (normalized),,0.6374351326949932
AS2011_Ratio H/L Normalized RNAi_1_1,,
AH2018_LFQ_M_4_X,0.5277511327415888,
NJH2024_Sub6_MICT_Pre,,
JJ2018_Ratio M/L normalized pP1___2,,
YP2020_Intensity C30_R2_mult_log2,,
NJH2024_Sub9_HIIT_Pre,,
AS2011_Ratio H/L Normalized Inhi_2_3,,
RM2024_Intensity D0-1___3,,
FSO2012_Ratio -/+ 3-MB-PP1 exp. wt3,,
KBE2022_Log2_Ex_28_U,0.5113474744748583,
GRW2016_Ratio H/L normalized SILAC 1___1,,
CF2017_FTE 17,0.5023308747985351,
LY2019_P2-,0.499382848577155,
AH2018_LFQ_IT_1_X,,
JJ2018_Ratio H/L normalized pP3___1,,
RB2022_8_RecoveryStrength,0.5351992279079509,
WZ2023_Pe_005_20min,0.5162696658522095,0.6383885641494521
AST2020_Control.2,0.5513277487444765,
NJH2025_Sub6_MICT_Mid,,
RCJD2014_10min_1,,
FSO2013_Ratio H/L normalized Rep2___3,0.5183148057655708,
JVO2010_Ratio M/L Normalized by Protein Noco3h - Log2 G1,,
HS2024_3_I_T1,0.511967006598541,
FSO2012_Ratio -/+ 3-MB-PP1 exp. as2a,,
CK2022_4 40-1,0.499954058351666,
SR2019_MCF10A_Biol_repl_4,,
KS2014_Intensity pY_C5,,
NJH2025_Sub4_MICT_Pre,,
NJH2024_Sub9_MICT_Post,,
CF2017_OSE 28,0.5176013466656784,
HS2024_5_B_T2,0.518124544149004,
HS2024_6_I_T1,0.5261483708672837,
HS2024_5_B_T3,0.5137890411138116,
JJ2018_Ratio H/M normalized pP1___1,,
KBE2022_Log2_Ex_36_U,0.5002944221764499,
AH2018_TMTMS3_3_N,0.49190194529497144,
SR2019_HCC1419_Biol_repl_2,,
FR2021_Intensity.N,0.5185044450933387,
AS2011_Ratio H/L Inhi_2_1,,
AH2018_SILAC_MR_1_C,0.5223017546730113,
NJH2024_Sub1_HIIT_Mid,,
NJH2025_Sub8_HIIT_Mid,,
EP2017_Mitotic R#3 log2 ratio,0.5133120247954973,0.6499179100609399
KBE2022_Log2_Ex_36_T,0.500232723256118,
NJH2025_Sub6_HIIT_Mid,,
WZ2023_Pu_005_30min,0.5233461960073343,0.6423195126020891
KS2014_Intensity C2,0.5119995043374275,
FSO2013_Ratio H/L normalized Rep1___2,0.5183201831477979,
RM2024_Intensity D2-2,,
KBE2022_Log2_Ex_42_T,0.5103609244413794,
CK2022_9 200-1,0.5107247972356013,
GRW2016_Ratio H/L normalized SILAC 2___1,,
JJ2018_Ratio H/M normalized pP3___2,,
DB2022_LFQ intensity R1.1,,
CK2022_10 200-1,0.5079931321036497,
NJH2024_Sub9_MICT_Mid,,
JAW2011_Ratio H/L_2,,
HS2024_7_I_N2,0.5308569666077708,
RBK2021_1332T Late,,
LY2019_P1-,0.49893313355133767,
RKK2015_TNF-α/basal.1,,
RKK2015_TNF-α/TNF-α+SC-514,,
CR2017_Ratio Replicate 2.5,0.5019229638841299,
HS2024_3_I_T3,0.5274358698759031,
CKC2017_log2 normalized phosphoproteomics_90min_rep#2,,
AS2011_Ratio H/L Normalized RNAi_1,,
KS2014_Intensity E15_4,,
ZQ2022_C3,0.5082126787174143,
EJN2021_3_Rest_Ins,0.5332634291134175,
YP2020_Intensity P10_R2_mult_log2,,
MV2014_Ratio H/L normalized A1___3 (10 min),,
NJH2025_Sub1_MICT_Pre,,
KBE2022_Log2_Ex_39_T,0.5170787311139003,
FSO2013_Ratio H/M normalized Rep3___2,0.5025774171696308,
RM2024_Intensity D6-2,,
EP2017_Untreated R#1 log2 ratio,0.48210671068830346,0.6287596044211722
RKK2015_SC-514/basal,,
RM2024_Intensity D6-1___3,,
WZ2023_Pu_010_10min,0.5230064520960691,0.6403698193774069
NJH2025_Sub9_HIIT_Mid,,
SR2019_SKBR3_Biol_repl_4,,
HS2024_5_I_T3,0.5156277686695611,
KS2014_Intensity N1,0.5114211066613024,
NJH2024_Sub12_MICT_Post,,
TM2022_S2.8h.C,,
CR2017_Ratio Replicate 1,0.5259995439239911,
AS2011_RNAi 1_Ratio H/L normalized by corresponding protein level (H: shPlk1; L: shEg5),,
CKC2017_log2 normalized phosphoproteomics_30min_rep#3,,
JJ2018_Ratio H/M normalized pP3,,
AH2018_SILAC_MR_2_C,0.5220705001187744,
LATM2013_Log2 Ratio (Medium/Light) Forward,,
PG2020_Intensity 2h_A,,
NJH2024_Sub6_MICT_Mid,,
NJH2025_Sub13_HIIT_Post,,
AH2018_SILAC_MR_3_X,0.5146878423882696,
JJ2018_Ratio H/M normalized___1,,
RCJD2014_15min_2,,
AS2011_Ratio H/L_2,,
AS2011_Ratio H/L Normalized,,
RN2012_H03,,
HS2024_5_B_N2,0.5045048023280717,
HS2024_5_I_N1,0.5198421795933046,
HS2024_6_I_N1,0.5110697176778549,
AR2021_KD 48h,0.5227303224529178,0.5896628290536485
FR2021_Intensity.B,0.518522827249678,
RB2022_3_PreEndurance,0.5127447713939476,
HS2024_5_I_T1,0.5093651855316108,
NJH2024_Sub10_MICT_Pre,,
SR2019_LM2_Biol_repl_2,,
AST2020_anti-CD3,0.5516163716146882,
SR2019_MDAMB231_Biol_repl_1,,
RM2024_Intensity D2-3___3,,
WZ2023_Pe_005_10min,0.5173852468271427,0.6390229487221394
KBE2022_Log2_Ex_29_U,0.5023471434744596,
HS2024_7_B_T1,0.525027349676804,
AH2018_LFQ_M_2_X,0.517721004308916,
AH2018_LFQ_IT_4_N,0.5066688372768036,
CK2022_15 200-1,0.5092571002657265,
RM2024_Intensity D4-1___2,,
JJ2018_Ratio H/M normalized,,
JJ2018_Ratio M/L normalized pP3___1,,
KBE2022_Log2_Ex_34_T,0.5156277098309489,
CKC2017_log2 normalized phosphoproteomics_0min_rep#2,,
LY2019_P2+,0.49541207223803735,
LATM2013_Log2 Ratio (Light/Medium) Reverse,,
CK2022_2 200-1,0.5191494060834463,
AS2011_Ratio H/L Protein RNAi_2,,
MV2014_Ratio L/H normalized A3___1 (2 min),,
WZ2023_Su_010_30min,0.5229103305220533,0.6424263854508808
RN2012_H01,,
KTGR2014_Ratio-Rapa 2 mins,,
EJN2021_2_Rest_Basal,0.5463330694168806,
KS2014_Intensity pY_E5_3,,
MM2018_Ratio H/L replicate 3,,
EP2017_Pervanadate R#1 normalized log2 ratio,0.5475060160951251,0.6422366672073152
HS2024_8_B_T3,0.5163540301807367,
YA2020_Reporter_intensity_Cancer_No.3,,
KBE2022_Log2_Ex_44_U,0.5054357073865547,
WZ2023_Pe_010_20min,0.5157683249414371,0.6407999313935084
KS2014_Intensity pY_C6,,
AS2011_Ratio H/L Normalized_3,,
RCJD2014_15min_mean,,
RB2022_3_PreStrength,0.49295184382200635,
NJH2015_iTRAQ Subject 3 116/117 (Exercise/Basal) (normalized),,
RCJD2014_10min_mean,,
KS2014_Intensity C1,,
FSO2013_Ratio H/M normalized Rep3___1,0.5088548900211316,
AH2018_SILAC_M_3_C,0.501348904564924,
RKK2015_TNF-α+IKKb/TNF-α,,
RM2024_Intensity D0-3___2,,
FSO2012_Ratio -/+ 3-MB-PP1 exp. wt2a,,
AH2018_SILAC_M_2_C,0.5216331241301343,
AH2018_SILAC_M_2_X,0.5215201774482472,
KTGR2014_Ratio-Rapa 15 mins,,
RM2024_Intensity D4-2___1,,
KBE2022_Log2_Ex_15_T,0.5107392595364973,
VOI2024_0.1uM 24 h_1 di,,
WZ2023_Su_010_10min,0.5230482355968118,0.6408899797594062
PG2020_Intensity 6h_C,0.50288145693949,
JVO2010_Ratio M/L Normalized by Protein Noco45 - Log2 mitosis,,
JJ2018_Ratio M/L normalized pP1___1,,
AH2018_LFQ_M_3_N,0.5245413450895303,
VOI2024_0.1uM 24 h_2 mono,,
AH2018_TMTMS2_3_C,0.46511816204066264,
CK2022_15 16-1,0.4842827153511141,
CK2022_3 16-1,0.4743766212429771,
LY2019_P4-,0.5184492582606278,
FSO2013_Ratio H/L normalized Rep3___2,0.5205335605627083,
KS2014_Intensity pY_PV2,,
HS2024_3_I_N2,0.5020695621510536,
GF2025_P8_Adh,0.5108962660890559,
YC2018_Log2(SKBR3-LR/SKBR3)_Rep.2-2,,
GF2025_P5_Sph,0.5339457452670386,
CK2022_10 16-1,0.4746040273042119,
KTGR2014_Ratio H L Normalized Rep1_AA_starvation_0_15,,
VOI2024_0.1uM 2 h_2 di,,
NJH2015_TMT Pool 131/130_C (Exercise/Basal) (normalized),,0.6371236064205132
NJH2024_Sub2_HIIT_Mid,,
AMK2021_45I_p3,,
NJH2024_Sub13_HIIT_Mid,,
DB2022_LFQ intensity R1.2,,
DB2022_Intensity R1,,
NJH2024_Sub12_MICT_Mid,,
KTGR2014_Ratio M L Normalized Rep1_Rapamycin_0_15,,
UK2020_HCM_4,,
SAS2015_AZD/DMSO_Exp2,,
IMM2018_normalised rep. int. CDK5L-1,0.5109458236217572,
DB2022_LFQ intensity L2.2,,
KTGR2014_Ratio H M Normalized Rep1_AA_starvation_0_15,,
EP2017_Mitotic R#1 log2 ratio,0.47779633245785225,0.6519572122139845
EJN2021_2_Ex_Basal,0.5287610881503253,
RM2009_Ratio H/L Normalized by Corresponding Protein Level (H:60 min timepoint;L:0 min. timepoint),,
KTGR2014_Ratio-Rapa 30 mins,,
CKC2017_log2 normalized phosphoproteomics_90min_rep#1,,
CF2017_FTE 16,0.5209502792560028,
AR2021_L41 10 μM,0.5410153941592388,0.6686725194578887
CF2017_EOC 2,0.5186255567953223,
RB2022_6_PostEndurance,,
AH2018_SILAC_1_N,,
NJH2024_Sub10_HIIT_Pre,,
AS2011_Ratio H/L Inhi_1_2,,
UK2020_HCM_6,,
RB2022_7_PreSprint,0.4909647709955984,
NJH2024_Sub2_MICT_Pre,,
HS2024_3_PD_T2,0.5032390722725085,
CK2022_6 16-1,0.5007930542889999,
ZX2022_CB treated Replicate 1,0.4832439090411433,
BS2014_Log2(Ratio H/L normalized Rep_3),,
TM2022_mock.12h.C,,
GRW2016_Ratio M/L normalized SILAC 5a___1,,
HH2022_Reporter intensity 0,,
RM2024_Intensity D2-2___2,,
JC2019_Normalised_intensity_B_TiOx_Testis_sample_URO0126,0.5202059194544536,
RB2022_1_PreStrength,,
JJ2018_Ratio H/M normalized pP2___2,,
AH2018_TMTMS2_2_X,0.46382255480108187,
AR2021_L41 1 μM,0.5350501090627954,0.6612726665428806
JJ2018_Ratio H/M normalized pP1___2,,
AH2018_TMTMS2_1_N,0.46223013272120234,
NJH2025_Sub10_MICT_Pre,,
JVO2010_Ratio H/M Normalized by Protein Noco45 - Log2 early S,,
ZX2022_Control Replicate 3,0.48493591510568773,
KS2014_Intensity C4,,
AS2011_Ratio H/L Inhi_2,,
KBE2022_Log2_Ex_18_T,0.5002987850366645,
NJH2025_Sub9_MICT_Pre,,
RCJD2014_20min_1,,
MV2014_Ratio H/M normalized B2___1 (5 min),,
FSO2013_Ratio M/L normalized Rep2___3,0.5107971642483684,
JC2019_Normalised_intensity_C_TiOx_Testis_sample_URO0158,0.5252734520100869,
SR2019_MCF10A_Biol_repl_3,,
HS2024_7_B_T2,0.5054010793332687,
SAS2015_PLX/DMSO_Exp3,,
AMK2021_Ctrl_p5,,
NJH2025_Sub2_HIIT_Mid,,
AH2018_LFQ_M_3_C,0.5308259549529271,
CKC2017_log2 normalized phosphoproteomics_15min_rep#2,,
YA2020_Reporter_intensity_Cancer_No.2,,
FSO2013_Ratio H/M normalized Rep2___3,0.5136652058843343,
RB2022_8_PreSprint,,
AH2018_SILAC_IT_3_C,0.5100410526803297,
WZ2023_Pu_025_10min,0.5172809363477209,0.6395483646640062
RM2024_Intensity D2-2___3,,
AS2011_Ratio H/L_1,,
RCJD2014_10min_3,,
FSO2013_Ratio M/L normalized Rep3___1,0.5119373455725555,
SR2019_JIMT1_Biol_repl_4,,
YP2020_Intensity C10_R2_mult_log2,,
ZCP2016_Ratio H/L Rep 2,,
CF2017_EOC 4,0.5122082411431274,
JJ2018_Ratio H/L normalized pP1___1,,
WZ2023_Pe_010_30min,0.5094588308407694,0.6416158690601405
MV2014_Ratio L/M normalized B2___3 (30 min),,
AH2018_LFQ_IT_3_N,0.5214315107328138,
KS2014_Intensity C6,0.5137136585974702,
ZQ2022_N3,0.513467586163316,
HW2015_Ratio H/L normalized Exp1,,
CK2022_12 40-1,0.4981072693711237,
NJH2024_Sub7_MICT_Pre,,
ZX2022_Control Replicate 1,0.49006073458332555,
JJ2018_Ratio H/M normalized pP1,,
CK2022_16 40-1,0.4998682634103224,
AH2018_SILAC_IT_2_C,0.5121444759220067,
CK2022_5 40-1,0.5044152552579306,
AH2018_LFQ_3_X,0.5188815995786782,
UK2020_UA_3,,
LY2019_P7-,0.5227697802203191,
GF2025_P5_Adh,0.5411175259408363,
RB2022_1_PostStrength,,
JAW2011_Ratio H/L LS1b,,
FSO2013_Ratio H/L normalized Rep3___1,0.5099194647416717,
SR2019_HCC1954_Biol_repl_3,,
CR2017_Ratio Replicate 2.2,0.5479879588924909,
VOI2024_0.1uM 2 h_1 mono,,
MV2014_Ratio L/M normalized A2___1 (10 min),,
RNJ2017_Log2_ratio_Tsup:Tstim_D3,,
CK2022_11 16-1,0.46346526188729686,
ZQ2022_C1,0.5116344248747313,
CR2017_Ratio Replicate 2.1,0.564269019831664,
PG2020_Intensity CT_B,,
JJ2018_Ratio M/L normalized___2,,
AH2018_SILAC_MR_1_N,0.5149986212462558,
KS2014_Intensity pY_E5_1,,
JW2021_Before_3,,
NJH2015_iTRAQ Subject 2 117/116 (Exercise/Basal) (normalized),,
MV2014_Ratio M/H normalized B3___3 (30 min),,
FS2019_db/db1,0.5392154035497435,
NJH2025_Sub9_HIIT_Pre,,
JAW2011_Ratio H/L_1,,
RCJD2014_20min_3,,
AH2018_LFQ_3_C,0.5271315868442432,
JJ2018_Ratio M/L normalized pP3___2,,
AMK2021_45I_p1,,
NJH2025_Sub8_HIIT_Post,,
AH2018_LFQ_M_3_X,0.522845959239959,
YA2020_Reporter_intensity_Cancer_No.4,,
KS2014_Intensity pY_E5_2,,
FSO2013_Ratio H/L normalized Rep1___3,0.5352059010114435,
GF2025_P4_Sph,0.5283120871134865,
RB2022_2_PreEndurance,,
JW2021_Before_1,,
KBE2022_Log2_Ex_25_T,0.5136276183605643,
AS2011_Ratio H/L Normalized by Proteins Inhi_2,,
MV2014_Ratio L/M normalized A2___2 (10 min),,
JJ2018_Ratio M/L normalized___1,,
FR2021_Intensity.H,0.527372827274594,
CK2022_14 16-1,0.46962330987190104,
AST2020_anti-CD3+PDL2,0.5512069192851209,
MV2014_Ratio M/L normalized B1___1 (5 min),,
KBE2022_Log2_Ex_19_T,0.5030930564771368,
KS2014_Intensity pY_N1,,
RB2022_1_RecoveryEndurance,,
FSO2013_Ratio H/M normalized Rep1___2,0.5140844431648215,
HS2024_8_I_T1,0.5150277164700564,
NJH2015_iTRAQ Subject 1 115/114 (Exercise/Basal) (normalized),,
EP2017_Mitotic R#2 log2 ratio,0.5063818333098601,0.649798283044926
AH2018_TMTMS2_1_X,0.46889849838262854,
KTGR2014_Ratio M L Normalized Rep2_AA_starvation_0_15,,
ZCP2016_Ratio H/L Rep 3,,
AS2011_Ratio H/L Normalized RNAi_1_3,,
SR2019_MCF10A_Biol_repl_1,,
NJH2025_Sub8_MICT_Mid,,
EJN2021_5_Ex_Ins,0.5354921750600682,
HS2024_6_I_N2,0.48915600949365035,
HH2022_Reporter intensity 4,,
RBK2021_1326T Late,,
TM2022_mock.12h.B,,
NJH2024_Sub12_MICT_Pre,,
RCJD2014_15min_3,,
MV2014_Ratio L/H normalized B3___2 (5 min),,
LG2023_Control-3_intensity,,
JJ2018_Ratio H/L normalized pP3___2,,
CF2017_FTE 15,0.5091234583507152,
HS2024_4_I_T3,0.5168575039043313,
AH2018_SILAC_1_X,,
PG2020_Intensity 10h_B,,
AH2018_TMTMS3_1_X,0.49168012035740116,
CF2017_FTE 14,0.5067619821403241,
NJH2024_Sub13_HIIT_Post,,
RM2024_Intensity D6-3___3,,
NJH2025_Sub7_HIIT_Pre,,
RBK2021_1259T Early,,
RKK2015_IKK+TNF-α/IKKb,,
FSO2012_Ratio -/+ 3-MB-PP1 exp. as1b,,
PG2020_Intensity 6h_A,0.5071496235851111,
SR2019_HCC1419_Biol_repl_3,,
KBE2022_Log2_Ex_14_T,0.5156595222228275,
EP2017_Untreated R#2 normalized log2 ratio,0.5199881533422575,0.6282829739113976
RM2024_Intensity D0-2___1,,
DB2022_Intensity L1,,
LY2019_P5+,0.504103257570806,
HS2024_5_I_N2,0.5182719270050348,
SAS2015_PLX/AZD_Exp3,,
EP2017_Pervanadate R#2 log2 ratio,0.4961242370969713,0.6463420575485266
AS2011_Ratio H/L Normalized RNAi_2_1,,
