DatasetName,GTSE1_C(326) GTSE1_S(138) GTSE1_S(146) GTSE1_S(150) GTSE1_S(152) GTSE1_S(155) GTSE1_S(167) GTSE1_S(168) GTSE1_S(174) GTSE1_S(189) GTSE1_S(228) GTSE1_S(243) GTSE1_S(25) GTSE1_S(257) GTSE1_S(276) GTSE1_S(303) GTSE1_S(324) GTSE1_S(326) GTSE1_S(349) GTSE1_S(352) GTSE1_S(435) GTSE1_S(457) GTSE1_S(461) GTSE1_S(464) GTSE1_S(477) GTSE1_S(480) GTSE1_S(494) GTSE1_S(495) GTSE1_S(509) GTSE1_S(516) GTSE1_S(520) GTSE1_S(536) GTSE1_S(539) GTSE1_S(575) GTSE1_S(580) GTSE1_S(583) GTSE1_S(592) GTSE1_S(596) GTSE1_S(688) GTSE1_S(698) GTSE1_S(699) GTSE1_S(705) GTSE1_S(715) GTSE1_S(95) GTSE1_T(146) GTSE1_T(446) GTSE1_T(466) GTSE1_T(479) GTSE1_T(485) GTSE1_T(489) GTSE1_T(513) GTSE1_T(526) GTSE1_T(656) GTSE1_T(675) GTSE1_T(677),GTSE1_C(480) GTSE1_S(478) GTSE1_S(488) GTSE1_S(513) GTSE1_S(563) GTSE1_T(174) GTSE1_T(516)
RM2024_Intensity D4-1___3,,
RB2022_4_PostEndurance,,
FSO2013_Ratio M/L normalized Rep3,0.5196227523473184,
SR2019_MCF7_Biol_repl_3,0.5207310817694913,
RKK2015_IKKb(K44M)+TNF-α/IKKb(K44M),0.5400818269539164,
SR2019_LM2_Biol_repl_1,,
RCJD2014_15min_1,0.522986461226936,
AS2011_Ratio H/L Normalized by Proteins Inhi_1,,
CK2022_7 16-1,0.5201724345234229,
NJH2025_Sub12_HIIT_Mid,,
AH2018_LFQ_IT_1_C,0.5222806126892136,
RKK2015_TNF-α/basal,0.5216737100207336,
JJ2018_Ratio H/M normalized pP2,0.5172959660936438,
NJH2025_Sub12_MICT_Pre,,
NJH2025_Sub7_MICT_Post,,
DL2023_control-3,,
ZX2022_Control Replicate 2,0.5243053170514226,
HS2024_6_B_T3,0.5351687511588142,
JW2015_Intensity pre1,,
IMM2018_normalised rep. int. Empty-3,0.5214186674988596,
AMK2021_30R_p5,,
FSO2013_Ratio M/L normalized Rep1,0.5156756156248014,
SR2019_MDAMB231_Biol_repl_4,0.5181602550821885,
GF2025_P2_Sph,,
FSO2012_Ratio -/+ 3-MB-PP1 exp. wt2b,,
NJH2025_Sub13_HIIT_Mid,,
CP2009_Ratio M/L,,
NJH2025_Sub7_HIIT_Post,,
KBE2022_Log2_Ex_44_T,,
DB2022_Intensity L2,,
TM2022_mock.4h.C,0.519610376544296,
AST2020_anti-CD3.2,0.5214602371161987,
CW2012_10 µM Erl/control Experiment 1 Replicate B,,
HS2024_7_B_N1,0.519838906634149,
FSO2013_Ratio M/L normalized Rep1___1,0.5173626642875466,
SAS2015_AZD/DMSO_Exp3,0.5260881175737866,
RM2024_Intensity D0-2___3,,
RM2024_Intensity D6-1,,
RB2022_8_RecoverySprint,,
RB2022_5_PreEndurance,,
CKC2017_log2 normalized phosphoproteomics_30min_rep#2,,
EP2017_Untreated R#4 normalized log2 ratio,0.4992571571778689,
WZ2023_Pu_010_30min,0.520038699954932,0.20083466598062905
AS2011_Ratio H/L Proteins RNAi_2,,
RB2022_4_PreStrength,,
NJH2024_Sub4_MICT_Post,,
AH2018_LFQ_M_1_X,0.5262207676059069,
RB2022_8_RecoveryEndurance,,
KBE2022_Log2_Ex_14_U,,
FSO2013_Ratio M/L normalized Rep3___3,0.5104399306806581,
AH2018_TMTMS3_1_C,0.5230062514096357,
JJ2018_Ratio H/L normalized___1,0.5220472844903196,
ZQ2022_C2,,
RB2022_5_PreSprint,,
PG2020_Intensity 8h_C,0.5190620344704724,
AH2018_SILAC_MR_2_N,0.5284269067502047,
MV2014_Ratio M/L normalized A1___2 (2 min),0.5227137192851877,
TM2022_S2.8h.B,0.5223979005014953,
MV2014_Ratio M/H normalized B3___1 (30 min),,
FSO2012_Ratio -/+ 3-MB-PP1 exp. as4a,,
RNJ2017_Log2_ratio_Tsup:Tstim_D2,,
RM2024_Intensity D6-1___2,,
NJH2025_Sub7_MICT_Mid,,
LY2019_P1+,0.5201974295924626,
AS2011_Ratio H/L Proteins Inhi_2,,
BS2014_Log2(Ratio H/L normalized),0.5272705455578163,
UK2020_HCM_2,,
FSO2013_Ratio H/L normalized Rep2___2,0.5181439414870367,
EP2017_Pervanadate R#3 normalized log2 ratio,0.5210230977095829,
RM2024_Intensity D4-3___3,,
RB2022_5_PreStrength,,
NJH2024_Sub4_MICT_Mid,,
TM2022_S2.4h.A,0.5206026985820185,
RB2022_5_PostStrength,,
GF2025_P6_Sph,,
RB2022_2_PreSprint,,
ZX2022_CB treated Replicate 3,0.5259261824459365,
RM2024_Intensity D6-2___3,,
WZ2023_Pe_025_10min,0.5292398364969874,0.19779470220049225
AS2011_Ratio H/L Normalized by Proteins RNAi_1,,
AST2020_anti-CD3+PDL2.1,0.5217325701472444,
KBE2022_Log2_Ex_34_U,,
WZ2023_Pu_005_10min,0.5161930158492962,0.14267728846629657
AS2011_Ratio H/L RNAi_2_1,,
NJH2024_Sub9_HIIT_Mid,,
CK2022_9 40-1,0.521456486270157,
KTGR2014_Ratio H L Normalized Rep1_Rapamycin_0_15,,
LG2023_GSK3α-1_intensity,0.5192773883226212,
WZ2023_Pu_025_30min,0.5104815609557489,0.19523836124046687
AH2018_SILAC_MR_2_X,0.527453526422497,
HS2024_4_PD_T2,0.5371969346911343,
NJH2024_Sub4_HIIT_Pre,,
RB2022_2_RecoverySprint,,
AS2011_Ratio H/L Protein RNAi_1,0.5203498048695254,
RM2024_Intensity D2-1___2,,
CR2017_Ratio Replicate 1.4,0.5226207249869967,
FR2021_Norm.Intensity.B,,
RM2024_Intensity D6-2___1,,
YC2018_Log2(SKBR3-LR/SKBR3)_Rep.2-1,0.5245515099359558,
RB2022_5_PostSprint,,
EJN2021_3_Rest_Basal,,
CR2017_Ratio Replicate 1.3,0.5192875572335526,
AS2011_Ratio H/L Normalized by Protein RNAi_2,,
KTGR2014_Ratio-Rapa 7 mins,,
AMK2021_120R_p1,,
AH2018_SILAC_3_X,0.5179866825642644,
JJ2018_Ratio M/L normalized pP3,0.5235853304870222,
AH2018_SILAC_M_2_N,0.5179749345742007,
HS2024_7_PD_T2,0.5195267792867856,
FSO2013_Ratio H/L normalized Rep1___1,0.5167560842336053,
AH2018_LFQ_1_C,0.5247218196093542,
AS2011_Ratio H/L Normalized Inhi_1_3,0.5233535833831191,
KBE2022_Log2_Ex_28_T,,
HS2024_3_B_N1,0.5120341653607132,
RM2024_Intensity D4-2___3,,
WZ2023_Pe_025_30min,0.5285012045425292,0.19799039579212455
CK2022_11 40-1,0.5214763855495589,
CW2012_10 µM Erl/control Experiment 3 Replicate B,,
AH2018_SILAC_2_X,0.5182983897794439,
MV2014_Ratio H/M normalized A2___2 (2 min),,
AS2011_Ratio H/L RNAi_1_2,,
KS2014_Intensity E15_1,0.529982616038888,
FSO2013_Ratio H/L normalized Rep2,0.5235957319699778,
WZ2023_Pu_005_20min,0.5200020400525813,0.16064759587401353
NJH2024_Sub10_MICT_Post,,
RM2024_Intensity D2-3___1,,
CR2017_Ratio Replicate 1.5,0.5195242515570687,
CW2012_10 µM Gef/control Experiment 2 Replicate B,,
HS2024_7_B_T3,0.5120357009817065,
CKC2017_log2 normalized phosphoproteomics_60min_rep#1,,
AS2011_Ratio H/L RNAi_1,0.5182283134292418,
JC2019_Normalised_intensity_A_TiOx_Testis_sample_URO0059,0.5222075486247129,
AH2018_LFQ_M_1_C,0.5275186265872588,
NJH2025_Sub7_MICT_Pre,,
SR2019_SKBR3_Biol_repl_2,0.5192004270291926,
HS2024_9_B_T2,0.5096721410921529,
KTGR2014_Ratio-AA 7 mins,,
MV2014_Ratio L/H normalized B3___3 (5 min),,
HS2024_3_PD_T1,0.5176338085241168,
FSO2013_Ratio M/L normalized Rep3___2,0.5182064675187397,
SR2019_BT549_Biol_repl_3,,
RCJD2014_20min_mean,0.5223631062873049,
FR2021_Norm.Intensity.H,,
RB2022_2_PreStrength,,
DB2022_LFQ intensity L1.2,,
HS2024_4_B_N1,0.5293984102203769,
KTGR2014_Ratio H M Normalized Rep2_Rapamycin_0_15,,
CK2022_1 16-1,0.521322707747377,
CK2022_1 200-1,0.5231064051073704,
PG2020_Intensity Mock_10h_D,0.5109667196420518,
SR2019_MCF10A_Biol_repl_2,,
JJ2018_Ratio M/L normalized pP2___2,,
HS2024_6_PD_T1,0.5194273249492571,
JVO2010_Ratio M/L Normalized by Protein ThymON - Log2 G1/S,,
RB2022_6_RecoveryEndurance,,
FSO2012_Ratio -/+ 3-MB-PP1 exp. wt3b,0.5188236095407305,
EP2017_Mitotic R#2 normalized log2 ratio,0.5109321360107718,
RCJD2014_5min_1,0.5217651876989351,
RM2024_Intensity D4-1___1,,
DL2023_24h-1,0.5212391905321205,
YC2018_Log2(SKBR3-LR/SKBR3)_Rep.1-1,0.5247954410810752,
FSO2012_Ratio -/+ 3-MB-PP1 exp. as2b,0.5227912687829979,
TM2022_S2.4h.C,0.519257153451999,
SAS2015_PLX/AZD_Exp2,0.5229942729403984,
CR2017_Ratio Replicate 3.3,,
PG2020_Intensity 2h_C,0.5197641668429822,
VOI2024_Veh2 di,,
ZX2022_CB treated Replicate 2,0.5209775401952258,
KBE2022_Log2_Ex_8_T,,
NJH2025_Sub10_MICT_Post,,
HS2024_6_I_T3,0.5153699816232657,
RN2012_L11,,
AS2011_Ratio H/L Normalized Inhi_2_2,,
IMM2018_normalised rep. int. Empty-1,0.5215624306272133,
HS2024_5_PD_T1,0.5094265272401591,
AH2018_LFQ_M_2_C,0.5263102751379504,
CK2022_3 40-1,0.5219518301445576,
RBK2021_1260T Early,,
NJH2024_Sub4_HIIT_Post,,
HS2024_4_I_T1,0.5238082935548811,
YA2020_Reporter_intensity_Cancer_No.5,,
HH2022_Reporter intensity 8,0.5183694381977756,
ZQ2022_N2,,
FSO2012_Ratio -/+ 3-MB-PP1 exp. wt1b,0.5226090068033802,
FSO2013_Ratio H/L normalized Rep3___3,,
AH2018_TMTMS3_2_N,0.5256988774424382,
EJN2021_5_Rest_Basal,,
NJH2025_Sub2_HIIT_Post,,
NJH2025_Sub1_MICT_Post,,
HS2024_9_B_T1,0.5180640237487903,
FSO2012_Ratio -/+ 3-MB-PP1 exp. wt1a,,
JAW2011_Ratio H/L LS2_1,,
JVO2010_Log2 Ratio H/M Normalized aphidicolin,0.5238790134623879,
NJH2024_Sub6_HIIT_Pre,,
AH2018_SILAC_3_N,0.5191103777336841,
YA2020_Reporter_intensity_Normal_No.1,,
HS2024_3_B_T1,0.5445472535817398,
JJ2018_Ratio H/L normalized___2,,
RM2024_Intensity D0-2,0.5196619086008409,
MV2014_Ratio M/L normalized B1___2 (5 min),,
RB2022_7_PostStrength,,
RB2022_1_PostEndurance,,
CR2017_Ratio Replicate 3,0.5262619506736418,
SR2019_Hs578T_Biol_repl_3,0.5235081150642971,
MV2014_Ratio L/H normalized B3___1 (5 min),,
RBK2021_1244T Early,,
RB2022_3_PostSprint,,
NJH2024_Sub13_MICT_Mid,,
KTGR2014_Ratio-AA 2 mins,,
GF2025_P7_Sph,,
HS2024_8_I_T3,0.5189236910277044,
CF2017_EOC 3,,
LATM2013_Normalized Log2 Ratio (Medium/Light) Forward,,
HS2024_6_PD_T3,0.5157376916706812,
DL2023_12h-2,0.5211163331828805,
RM2024_Intensity D6-3___1,,
FS2019_Ctr1,,
WZ2023_Pu_010_20min,0.517894824659392,0.18062772104769612
AS2011_Ratio H/L_3,,
CK2022_1 40-1,0.5221626792864307,
RNJ2017_Log2_ratio_Tsup:Trest_D1,,
CK2022_8 16-1,0.5201632150860152,
KS2014_Intensity N3,0.5445954752507771,
RB2022_4_RecoveryEndurance,,
RB2022_5_RecoveryEndurance,,
JAW2011_Ratio H/L LS1a_2,,
NJH2024_Sub12_HIIT_Mid,,
AH2018_LFQ_IT_1_N,0.5216641447968959,
FSO2013_Ratio H/M normalized Rep2,0.5198440742844351,
RAM2015_Log2 A,0.5150144779810407,0.17442791106976532
HS2024_8_PD_T1,0.5147157212690734,
JJ2018_Ratio H/L normalized pP2,0.5223830066288738,
CF2017_OSE 27,,
KS2014_Intensity E15_2,0.5229402595361038,
BS2014_Log2(Ratio H/L protein),,
PG2020_Intensity 8h_A,,
HS2024_7_I_T1,0.5134976626545994,
VOI2024_Veh3 di,,
RKK2015_TNF-α+SC-514/basal,0.5332391448741168,
SR2019_JIMT1_Biol_repl_1,,
HW2015_Ratio H/L normalized Exp2,,
HS2024_3_I_N1,0.5338558272386902,
AH2018_SILAC_M_3_X,0.5221617506760106,
NJH2024_Sub9_HIIT_Post,,
AS2011_Ratio H/L RNAi_1_3,0.5159458768077223,
GRW2016_Ratio H/L normalized SILAC 1___2,,
NJH2025_Sub1_HIIT_Pre,,
YC2018_Log2(SKBR3-LR/SKBR3)_Rep.1-2,0.5192540879994418,
NJH2024_Sub4_HIIT_Mid,,
VOI2024_0.1uM 2 h_1 di,,
KBE2022_Log2_Ex_6_T,,
RM2024_Intensity D4-3___1,,
AH2018_LFQ_4_X,0.5250634304041701,
AS2011_Inhi 2_Ratio H/L normalized by corresponding protein level (H:TAL treatment; L: MA treatment),,
RB2022_8_PostEndurance,,
NJH2025_Sub4_MICT_Mid,,
YP2020_Intensity C30_R1_mult_log2,,
AST2020_anti-CD3.1,0.5215739418368741,
NJH2025_Sub4_HIIT_Post,,
EP2017_Untreated R#4 log2 ratio,0.4960750349444634,
HS2024_6_B_N1,0.5162287129862349,
KBE2022_Log2_Ex_27_T,0.5200865025016889,
CW2012_10 µM Gef/control Experiment 1 Replicate A,,
VOI2024_0.1uM 24 h_1 mono,,
AMK2021_120R_p5,,
AS2011_Ratio H/L Proteins,,
NJH2024_Sub7_HIIT_Post,,
NJH2015_TMT Subject 1 127_N/126 (Exercise/Basal) (normalized),,
AS2011_Ratio H/L RNAi_2_2,,
RB2022_7_RecoveryStrength,,
AH2018_SILAC_IT_3_X,0.5214745285243566,
JAW2011_Ratio H/L,,
PG2020_Intensity 10h_C,,
FSO2013_Ratio M/L normalized Rep2,0.5132183840533867,
CP2009_Ratio H/M Normalized (50 nM dasatinib vs 5 nM dasatinib),,
HH2022_Reporter intensity 5,0.5209817369589383,
SR2019_HCC1954_Biol_repl_2,,
CK2022_14 40-1,0.522155741045341,
RB2022_6_PreSprint,,
NJH2025_Sub12_MICT_Mid,,
PG2020_Intensity 4h_D,0.5040896021509769,
NJH2025_Sub2_MICT_Post,,
AH2018_LFQ_4_C,0.5251018390248234,
DL2023_control-1,0.5199671325533796,
AR2021_ALG 10 μM,0.5506185891222279,
JAW2011_Ratio H/L LS2_2,,
AH2018_SILAC_IT_3_N,0.5189574172686127,
EJN2021_4_Rest_Ins,,
RN2012_H05,,
NJH2024_Sub7_HIIT_Mid,,
GF2025_P2_Adh,,
FSO2012_Ratio -/+ 3-MB-PP1 exp. as4b,,
RB2022_8_PostSprint,,
EJN2021_1_Rest_Ins,,
HH2022_Reporter intensity 3,0.5237751500125681,
FSO2012_Ratio -/+ 3-MB-PP1 exp. wt4b,,
AH2018_SILAC_IT_1_C,0.5231426514179156,
JW2021_After_3,,
GF2025_P8_Sph,,
FSO2012_Ratio -/+ 3-MB-PP1 exp. wt4,0.5220228788171831,
JJ2018_Ratio M/L normalized pP2___1,0.525975225372848,
AH2018_SILAC_2_N,0.5169021564858018,
CK2022_11 200-1,0.5212372968685659,
CK2022_12 200-1,0.5213992246700724,
AS2011_Ratio H/L Normalized by Protein RNAi_1,,
RM2024_Intensity D2-1___3,,
NJH2024_Sub1_MICT_Pre,,
HH2022_Reporter intensity 9,0.5214274611655363,
WZ2023_Su_010_20min,0.5220905586676434,0.20957468105168212
AH2018_TMTMS2_2_N,0.5256969194487876,
NJH2024_Sub13_MICT_Pre,,
KBE2022_Log2_Ex_41_U,,
NJH2015_TMT Subject 3 129_N/128_C (Exercise/Basal) (normalized),,
AH2018_TMTMS3_Pool,0.5235038555798319,
KS2014_Intensity N4,0.5506129097851815,
NJH2024_Sub1_HIIT_Post,,
MM2018_Ratio H/L replicate2,,
RM2024_Intensity D4-2___2,,
NJH2024_Sub13_HIIT_Pre,,
CF2017_OSE 26,,
CK2022_14 200-1,0.5246124600472359,
SR2019_Hs578T_Biol_repl_1,0.5234026433495572,
RB2022_7_PostSprint,,
TM2022_mock.4h.A,0.5220710754025739,
NJH2025_Sub12_HIIT_Pre,,
AH2018_TMTMS3_1_N,0.5204656498538257,
AST2020_anti-CD3+PDL2.2,0.5214725027887044,
PG2020_Intensity Mock_10h_A,0.5182938547521719,
JW2021_After_2,,
NJH2024_Sub2_MICT_Post,,
EJN2021_2_Rest_Ins,,
SR2019_LM2_Biol_repl_4,,
CP2009_Ratio H/M,,
JAW2011_Ratio H/L HS,,
CK2022_13 16-1,0.521713084985818,
GF2025_P1_Adh,,
GF2025_P1_Sph,,
EJN2021_5_Ex_Basal,,
HS2024_7_I_T3,0.5137947940197327,
JJ2018_Ratio H/L normalized pP2___2,,
WZ2023_Pe_010_10min,0.5288906593145049,0.20265951962324227
CF2017_EOC 1,,
CK2022_3 200-1,0.5234064560422194,
AH2018_LFQ_IT_3_C,0.5183118371033765,
SR2019_Hs578T_Biol_repl_2,0.5226294229131532,
NJH2024_Sub12_HIIT_Post,,
JJ2018_Ratio H/L normalized pP1___2,,
MV2014_Ratio H/L normalized A1___2 (10 min),,
NJH2024_Sub10_MICT_Mid,,
NJH2024_Sub13_MICT_Post,,
BS2014_Log2(Ratio H/L normalized Rep_1),0.5204745445065782,
RB2022_3_RecoverySprint,,
NJH2025_Sub1_HIIT_Mid,,
RCJD2014_20min_2,0.518317117529697,
FSO2012_Ratio -/+ 3-MB-PP1 exp. wt2,,
HS2024_6_PD_T2,0.5267522740281166,
HS2024_5_B_T1,0.530842051211402,
CW2012_10 µM Gef/control Experiment 2 Replicate A,,
DL2023_12h-3,0.521504906982714,
SR2019_MDAMB231_Biol_repl_2,,
HS2024_3_B_T2,0.5385205586284991,
RB2022_6_PreStrength,,
CK2022_2 40-1,0.5220096512779143,
RB2022_1_PostSprint,,
CK2022_4 200-1,0.5232144534473088,
JW2021_Before_2,,
TM2022_S2.12h.A,0.5223843494456172,
MV2014_Ratio L/M normalized B2___2 (30 min),,
CK2022_5 16-1,0.5201862783883271,
AR2021_ALG 1 μM,0.5214459011010039,
HS2024_4_B_T1,0.5184573422434655,
MV2014_Ratio M/H normalized A3___1 (10 min),,
SR2019_BT549_Biol_repl_4,,
EJN2021_1_Rest_Basal,,
NJH2025_Sub8_MICT_Post,,
RCJD2014_5min_3,0.5253452647085433,
CR2017_Ratio Replicate 3.2,0.5201599189144795,
FSO2012_Ratio -/+ 3-MB-PP1 exp. as3a,,
GF2025_P7_Adh,,
CK2022_9 16-1,0.5199511516828706,
NJH2024_Sub6_HIIT_Post,,
AMK2021_30R_p3,,
AS2011_Ratio H/L Normalized RNAi_2,,
RM2024_Intensity D0-2___2,,
KS2014_Intensity pY_N4,0.5210164967726361,
CK2022_13 200-1,0.5246254777424921,
AS2011_Ratio H/L Normalized_2,,
PG2020_Intensity 6h_D,0.5150385048076258,
CK2022_16 16-1,0.5217015564667538,
FS2019_db/db3,,
CK2022_15 40-1,0.5222817627445402,
NJH2024_Sub9_MICT_Pre,,
BS2014_Log2(Ratio H/L unmodified peptide),,
WZ2023_Su_005_10min,0.5167913022496504,0.19347751822632478
RM2009_Ratio M/L (M:15 min timepoint;L:0 min. timepoint),0.5238273802484921,
KBE2022_Log2_Ex_41_T,,
AMK2021_Ctrl_p1,,
AH2018_LFQ_IT_3_X,0.5182997747320583,
HS2024_5_PD_T3,0.5387133582406858,
AH2018_TMTMS3_3_X,0.5252922089632382,
FSO2012_Ratio -/+ 3-MB-PP1 exp. as2,,
KBE2022_Log2_Ex_40_U,,
AH2018_LFQ_M_1_N,0.5242731668421464,
KBE2022_Log2_Ex_27_U,0.5202264675086707,
HW2015_Ratio M/L normalized Exp3,,
RKK2015_TNF-α/IKKb(K44M),0.5367321385319678,
AH2018_SILAC_M_1_N,0.5192223911295929,
HW2015_Ratio M/L normalized Exp1,,
RB2022_5_RecoveryStrength,,
YP2020_Intensity P10_R1_mult_log2,,
RB2022_7_PreStrength,,
YA2020_Reporter_intensity_Normal_No.4,,
NJH2025_Sub13_HIIT_Pre,,
PG2020_Intensity CT_D,0.514952981268518,
NJH2025_Sub9_MICT_Post,,
VOI2024_Veh1 mono,,
CK2022_12 16-1,0.5207183667116866,
RN2012_L13,,
LG2023_Control-1_intensity,,
RM2024_Intensity D6-3___2,,
KBE2022_Log2_Ex_8_U,,
SR2019_SKBR3_Biol_repl_3,0.5214013844100063,
NJH2024_Sub1_MICT_Post,,
HS2024_3_I_T2,0.5300192914459663,
KTGR2014_Ratio M L Normalized Rep2_Rapamycin_0_15,,
RM2024_Intensity D0-3___3,,
HS2024_6_I_T2,0.5139716379875273,
CW2012_10 µM Erl/control Experiment 2 Replicate B,,
AS2011_Ratio H/L Protein Inhi_1,0.521068978916336,
FSO2013_Ratio H/M normalized Rep2___1,0.5262143812224291,
GRW2016_Ratio M/L normalized SILAC 5a___2,,
CK2022_10 40-1,0.5213133281670551,
NJH2024_Sub12_HIIT_Pre,,
NJH2024_Sub8_MICT_Pre,,
RM2024_Intensity D0-1___1,,
LY2019_P3+,0.5228040103964492,
HH2022_Reporter intensity 6,0.5209365759182262,
RB2022_2_RecoveryStrength,,
KTGR2014_Ratio-AA 15 mins,,
AS2011_Ratio H/L Normalized RNAi_2_2,,
KS2014_Intensity pY_N3,0.520985646365397,
MV2014_Ratio H/L normalized B1___2 (30 min),,
LY2019_P5-,0.522657286841115,
HW2015_Ratio M/L normalized Exp2,,
SR2019_HCC1419_Biol_repl_1,0.5198219018759614,
AH2018_TMTMS2_3_X,0.5256394467092401,
GF2025_P3_Adh,,
SR2019_JIMT1_Biol_repl_2,0.5182754715888007,
AH2018_TMTMS2_1_C,0.5254838238443292,
RM2024_Intensity D0-1___2,0.5200016104944525,
LY2019_P4+,0.5237490582688032,
KBE2022_Log2_Ex_19_U,,
CKC2017_log2 normalized phosphoproteomics_0min_rep#1,,
RB2022_4_PostStrength,,
LG2023_GSK3α-3_intensity,0.5194835113661869,
YA2020_Reporter_intensity_Cancer_No.1,,
AST2020_Control,0.5213589591255786,
JAW2011_Ratio H/L LS1a,,
RCJD2014_5min_mean,0.5184082843008394,
NJH2015_iTRAQ Subject 4 114/115 (Exercise/Basal) (normalized),,
NJH2025_Sub1_MICT_Mid,,
TM2022_S2.12h.C,0.5220727962473486,
NJH2025_Sub9_MICT_Mid,,
CKC2017_log2 normalized phosphoproteomics_120min_rep#2,,
AS2011_Ratio H/L Normalized Inhi_1_2,0.5233535833831191,
FSO2013_Ratio M/L normalized Rep2___1,0.5201619190283642,
LG2023_Control-2_intensity,0.5223724407517417,
NJH2024_Sub8_HIIT_Pre,,
KS2014_Intensity pY_N2,0.5205103045613576,
RB2022_5_RecoverySprint,,
RB2022_7_RecoverySprint,,
YA2020_Reporter_intensity_Normal_No.3,,
HS2024_8_B_T2,0.5204768218442322,
AH2018_LFQ_1_X,0.5243598796668688,
RM2024_Intensity D6-1___1,,
RCJD2014_10min_2,0.5140180577563924,
FR2021_Norm.Intensity.M,,
RM2024_Intensity D0-3___1,,
KS2014_Intensity N2,0.5576082633750921,
HH2022_Reporter intensity 1,0.5236724068532144,
HH2022_Reporter intensity 2,0.5237243246495848,
RM2024_Intensity D6-2___2,,
FSO2012_Ratio -/+ 3-MB-PP1 exp. as1,0.5201196453180856,
RM2024_Intensity D2-3___2,0.5202721141821254,
YA2020_Reporter_intensity_Normal_No.5,,
SR2019_MCF7_Biol_repl_1,0.521205941020704,
FSO2012_Ratio -/+ 3-MB-PP1 exp. as1a,,
HS2024_8_B_T1,0.5070437518006978,
NJH2025_Sub6_HIIT_Pre,,
RNJ2017_Log2_ratio_Tsup:Tstim_D1,,
EP2017_Untreated R#2 log2 ratio,0.5630761910774593,
SR2019_LM2_Biol_repl_3,,
RB2022_4_RecoveryStrength,,
CR2017_Ratio Replicate 2,0.5031444274029215,
CW2012_10 µM Erl/control Experiment 2 Replicate A,,
FSO2013_Ratio H/M normalized Rep3,0.5165400783407209,
AR2021_KD 72h,0.528060872080512,
MV2014_Ratio H/M normalized B2___3 (5 min),,
KBE2022_Log2_Ex_18_U,0.5196695123252287,
AS2011_Ratio H/L Inhi_1_1,,
NJH2024_Sub8_MICT_Post,,
AH2018_TMTMS3_3_C,0.5234890988207088,
KBE2022_Log2_Ex_9_U,0.5210376894700351,
AH2018_SILAC_M_3_N,0.5217598411819613,
KBE2022_Log2_Ex_13_T,,
RM2024_Intensity D0-3,,
SR2019_SKBR3_Biol_repl_1,0.5211379094684164,
PG2020_Intensity Mock_10h_C,0.5097945900408173,
CF2017_OSE 29,,
YB2013_Ratio_H_L_Normalized_in_experiment_1,,
NJH2025_Sub1_HIIT_Post,,
DL2023_24h-2,,
HS2024_7_B_N2,0.5174703809190369,
PG2020_Intensity 10h_A,0.5187416961799586,
RN2012_L12,,
MV2014_Ratio M/L normalized B1___3 (5 min),,
NJH2024_Sub8_MICT_Mid,,
AH2018_LFQ_IT_4_C,0.5226382529139806,
SAS2015_PLX/AZD_Exp1,0.5219289255808368,
FR2021_Norm.Intensity.A,,
FSO2013_Ratio H/M normalized Rep1___1,0.5244843189910098,
JW2015_Intensity cap2,,
BS2014_Log2(Ratio H/L normalized Rep_2),0.5171569595495462,
NJH2024_Sub6_MICT_Post,,
CK2022_8 40-1,0.5214782817966594,
RB2022_7_RecoveryEndurance,,
NJH2025_Sub12_HIIT_Post,,
EJN2021_4_Ex_Basal,,
TM2022_S2.12h.B,0.5226033818454983,
RN2012_L15,,
KS2014_Intensity pY_PV3,,
TM2022_S2.4h.B,0.5220205980903162,
PG2020_Intensity 4h_A,0.4922122303614715,
FSO2013_Ratio H/M normalized Rep2___2,0.5163047484985769,
TM2022_mock.4h.B,0.5208451717142283,
KBE2022_Log2_Ex_24_U,,
NJH2025_Sub13_MICT_Mid,,
KS2014_Intensity C3,0.5268357388300581,
RB2022_1_PreSprint,,
HS2024_4_I_N1,0.521821341899924,
CK2022_7 200-1,0.5207773007744839,
CK2022_5 200-1,0.5208944295987545,
CKC2017_log2 normalized phosphoproteomics_120min_rep#3,,
FSO2013_Ratio H/L normalized Rep2___1,0.5256158503901588,
NJH2024_Sub10_HIIT_Mid,,
RB2022_2_PostEndurance,,
AH2018_LFQ_2_C,0.5232457188537882,
AH2018_SILAC_MR_1_X,0.5245683824621314,
KTGR2014_Ratio H M Normalized Rep1_Rapamycin_0_15,,
IMM2018_normalised rep. int. Empty-2,0.5217915790982787,
RM2024_Intensity D4-1,0.5198591120648575,
KBE2022_Log2_Ex_25_U,,
AH2018_SILAC_3_C,0.5226437997182591,
EJN2021_5_Rest_Ins,,
VOI2024_0.1uM 24 h_3 di,,
RNJ2017_Log2_ratio_Tstim:Trest_D3,,
DB2022_LFQ intensity L2.1,,
FSO2013_Ratio H/M normalized Rep1,0.5225646211639,
CK2022_4 16-1,0.5214208396139304,
AS2011_Ratio H/L,0.520745176782872,
SR2019_MCF7_Biol_repl_4,0.5211850009246161,
EJN2021_2_Ex_Ins,,
AS2011_Ratio H/L Inhi_2_3,,
JAW2011_Ratio H/L LS1a_1,,
AH2018_LFQ_1_N,0.5222837694334502,
SAS2015_PLX/DMSO_Exp1,0.5270530896200275,
SFR2015_HL_log2_ratio_avg_c,0.5046937026943688,
JJ2018_Ratio M/L normalized pP2,0.5259829717919506,
NJH2024_Sub7_MICT_Mid,,
PG2020_Intensity 6h_B,0.5117087137222334,
FSO2013_Ratio H/L normalized Rep3,0.5252731557705939,
GRW2016_Ratio H/L normalized SILAC 2___2,,
RKK2015_IKKb(K44M)+TNF-α/TNF-α,0.5225471742414894,
JJ2018_Ratio M/L normalized,0.5241095862586937,
KTGR2014_Ratio-AA 30 mins,,
JW2021_After_1,,
NJH2025_Sub2_MICT_Mid,,
HS2024_6_B_N2,0.5142108663811068,
KBE2022_Log2_Ex_9_T,0.5205764550240445,
AH2018_SILAC_IT_2_N,0.5168948357263389,
AH2018_SILAC_IT_1_X,0.5214299615272031,
HW2015_Ratio H/L normalized Exp3,,
HS2024_7_PD_T1,0.5222733849829831,
UK2020_UA_2,,
RM2024_Intensity D2-1___1,,
GF2025_P10_Sph,,
WZ2023_Pe_025_20min,0.5305098809253003,0.1736371315685549
JVO2010_Log2 Ratio M/L Normalized aphidicolin,0.5241508505069855,
AH2018_LFQ_2_N,0.5250494145593627,
HS2024_4_I_N2,0.5356588407418322,
AH2018_TMTMS2_3_N,0.5241065672461781,
RN2012_H06,,
AS2011_Inhi 1_Ratio H/L normalized by corresponding protein level (H:TAL treatment; L: MA treatment),0.5265441530484032,
HS2024_4_PD_T3,0.5334757585939156,
WZ2023_Su_005_30min,0.5189156334564256,0.1735388863068072
SR2019_HCC1419_Biol_repl_4,0.5159173334132141,
JJ2018_Ratio H/M normalized___2,,
SR2019_JIMT1_Biol_repl_3,,
AS2011_Ratio H/L Protein,,
UK2020_HCM_3,,
NJH2024_Sub10_HIIT_Post,,
CR2017_Ratio Replicate 3.1,0.5256495706913891,
WZ2023_Su_025_10min,0.520146638775062,0.1793834515519486
AH2018_LFQ_IT_4_X,0.5179839444053578,
CP2009_Ratio H/L,,
VOI2024_0.1uM 24 h_3 mono,,
RB2022_4_RecoverySprint,,
RM2024_Intensity D6-3,,
WZ2023_Su_005_20min,0.5175431202927646,0.16380634225292415
CW2012_10 µM Gef/control Experiment 1 Replicate B,,
SFR2015_HL_log2_ratio_avg_a,0.5238557442466899,
CW2012_10 µM Erl/control Experiment 3 Replicate A,,
RB2022_1_PreEndurance,,
FSO2012_Ratio -/+ 3-MB-PP1 exp. wt3a,,
LG2023_GSK3α-2_intensity,,
EP2017_Pervanadate R#1 log2 ratio,0.5063659609232042,
NJH2025_Sub6_HIIT_Post,,
RB2022_6_RecoverySprint,,
KS2014_Intensity,0.5392829802382516,
MV2014_Ratio H/M normalized A2___1 (2 min),,
PG2020_Intensity 8h_D,0.5179770134304713,
LY2019_P7+,0.521807052348319,
EP2017_Untreated R#1 normalized log2 ratio,0.5190321057982703,
RN2012_L10,,
PG2020_Intensity 4h_C,0.5163666009606606,
EP2017_Mitotic R#3 normalized log2 ratio,0.5093826314459603,
FSO2012_Ratio -/+ 3-MB-PP1 exp. as4,,
DB2022_LFQ intensity L1,,
KBE2022_Log2_Ex_24_T,,
RB2022_8_PostStrength,,
AH2018_SILAC_IT_2_X,0.5214148131412699,
HS2024_4_B_T3,0.5292258477871239,
NJH2024_Sub2_HIIT_Post,,
HS2024_8_B_N2,0.5202867321523076,
NJH2025_Sub8_HIIT_Pre,,
JJ2018_Ratio H/L normalized pP2___1,0.5223780460366457,
HS2024_8_I_T2,0.5135104843620778,
KBE2022_Log2_Ex_6_U,,
LATM2013_Normalized Log2 Ratio (Light/Medium) Reverse,,
CR2017_Ratio Replicate 1.1,0.5184364853076397,
CKC2017_log2 normalized phosphoproteomics_30min_rep#1,,
MV2014_Ratio M/H normalized B3___2 (30 min),,
CK2022_16 200-1,0.5249949230301139,
VOI2024_0.1uM 2 h_3 di,,
EP2017_Mitotic R#1 normalized log2 ratio,0.5102954110872672,
GF2025_P9_Sph,,
CK2022_6 200-1,0.5207290983770059,
NJH2024_Sub7_MICT_Post,,
AH2018_TMTMS3_2_X,0.5271849924227885,
NJH2024_Sub8_HIIT_Post,,
DB2022_LFQ intensity R1,,
JW2015_Intensity cap3,,
SR2019_HCC1954_Biol_repl_1,,
HS2024_4_I_T2,0.5323867293774441,
NJH2024_Sub2_MICT_Mid,,
VOI2024_0.1uM 2 h_2 mono,,
CP2009_Ratio M/L Normalized (5 nM dasatinib vs Ctrl),,
FSO2012_Ratio -/+ 3-MB-PP1 exp. as3b,,
HS2024_4_PD_T1,0.5326480086602252,
SAS2015_AZD/DMSO_Exp1,0.5290858158590257,
NJH2024_Sub1_MICT_Mid,,
IMM2018_normalised rep. int. CDK5L-3,0.522372224470926,
HS2024_3_B_T3,0.5236526271124872,
MV2014_Ratio L/H normalized A3___2 (2 min),,
NJH2025_Sub13_MICT_Pre,,
SR2019_MDAMB231_Biol_repl_3,0.5218570529345316,
GRW2016_Ratio H/L normalized SILAC 4___1,,
MM2018_Ratio H/L replicate1,,
PG2020_Intensity 2h_D,0.5176058208089332,
EP2017_Untreated R#3 normalized log2 ratio,0.5205614428342714,
MV2014_Ratio M/H normalized A3___3 (10 min),,
NJH2024_Sub7_HIIT_Pre,,
JAW2011_Ratio H/L LS2,,
CK2022_8 200-1,0.5206979459280674,
KS2014_Intensity pY_C4,,
CR2017_Ratio Replicate 3.5,0.517003890033835,
RB2022_7_PostEndurance,,
NJH2025_Sub4_HIIT_Pre,,
CKC2017_log2 normalized phosphoproteomics_90min_rep#3,,
TM2022_mock.12h.A,0.5217704625395011,
JJ2018_Ratio H/L normalized pP1,0.5205392323568665,
EP2017_Pervanadate R#2 normalized log2 ratio,0.5203079820624074,
AS2011_Ratio H/L Normalized by Protein (Unnormalized),,
KS2014_Intensity pY_E5_4,,
RM2024_Intensity D4-3___2,,
CKC2017_log2 normalized phosphoproteomics_15min_rep#1,,
AH2018_SILAC_2_C,0.5183136612672935,
AS2011_RNAi 2_Ratio H/L normalized by corresponding protein level (H: shPlk1; L: shEg5),,
HS2024_7_I_N1,0.5092914893599959,
KBE2022_Log2_Ex_29_T,0.5218885495785643,
HS2024_7_I_T2,0.5172857802063341,
AS2011_Ratio H/L Normalized RNAi_2_3,,
CW2012_10 µM Gef/control Experiment 3 Replicate B,,
HS2024_6_B_T2,0.5338068641925982,
AMK2021_45I_p5,,
CW2012_10 µM Erl/control Experiment 1 Replicate A,,
SAS2015_PLX/DMSO_Exp2,0.5373425682015616,
EJN2021_1_Ex_Basal,,
FR2021_Intensity.M,,
RB2022_2_PostSprint,,
AH2018_SILAC_MR_3_N,0.5217789037099243,
MV2014_Ratio H/L normalized B1___3 (30 min),,
CF2017_FTE 13,,
PG2020_Intensity CT_C,0.5024842974843902,
ZCP2016_Ratio H/L Rep 1,0.5244797591084199,
FS2019_db/db2,,
KS2014_Intensity pY_PV4,,
KBE2022_Log2_Ex_39_U,,
EP2017_Untreated R#3 log2 ratio,0.5158341307387966,
RB2022_2_PostStrength,,
AS2011_Ratio H/L Normalized_1,0.5211064241324362,
MV2014_Ratio M/H normalized A3___2 (10 min),,
CR2017_Ratio Replicate 3.4,0.515884645972548,
HS2024_8_PD_T2,0.5175477580868083,
FS2019_Ctr2,,
RB2022_6_PreEndurance,,
FR2021_Norm.Intensity.G,,
NJH2025_Sub9_HIIT_Post,,
CKC2017_log2 normalized phosphoproteomics_0min_rep#3,,
RM2024_Intensity D4-3,,
HS2024_8_B_N1,0.5131200089376614,
NJH2025_Sub10_MICT_Mid,,
KBE2022_Log2_Ex_15_U,,
AS2011_Ratio H/L Normalized Inhi_2,,
RKK2015_TNF-α/SC-514,0.5062047052489941,
RB2022_3_PreSprint,,
CR2017_Ratio Replicate 2.3,0.5194594871345,
RM2009_Ratio M/L Normalized by Corresponding Protein Level (M:15 min timepoint;L:0 min. timepoint),0.5242789089906523,
CP2009_Ratio H/L Normalized (50 nM dasatinib vs Ctrl),,
GF2025_P4_Adh,,
YA2020_Reporter_intensity_Normal_No.2,,
YP2020_Intensity P30_R2_mult_log2,,
NJH2025_Sub13_MICT_Post,,
HS2024_4_B_N2,0.5174326449681466,
HS2024_3_PD_T3,0.5246747597591529,
AMK2021_120R_p3,,
MV2014_Ratio L/H normalized A3___3 (2 min),,
NJH2025_Sub10_HIIT_Pre,,
FR2021_Intensity.G,,
RAM2015_Log2 C,0.515774170685891,0.2097453256336434
AS2011_Ratio H/L Proteins Inhi_1,0.5224258451402516,
FSO2013_Ratio H/M normalized Rep1___3,0.5222291684466347,
AH2018_LFQ_M_2_N,0.5241735837389587,
MV2014_Ratio M/L normalized A1___3 (2 min),,
KBE2022_Log2_Ex_40_T,,
CK2022_2 16-1,0.5213246808145052,
RAM2015_Log2 B,0.5067704803753424,0.17924103512829317
YP2020_Intensity C10_R1_mult_log2,,
FSO2013_Ratio M/L normalized Rep1___2,0.5200017303201022,
NJH2025_Sub8_MICT_Pre,,
EJN2021_4_Rest_Basal,,
YB2013_Ratio_H_L_Normalized_in_experiment_2,,
JJ2018_Ratio H/M normalized pP3___1,0.5246568366436438,
VOI2024_Veh2 mono,,
HS2024_6_B_T1,0.5316960782391401,
UK2020_HCM_5,,
NJH2025_Sub10_HIIT_Post,,
VOI2024_0.1uM 2 h_3 mono,,
JW2015_Intensity pre3,,
AS2011_Ratio H/L Normalized Inhi_2_1,,
DL2023_24h-3,0.5182628147477385,
HS2024_7_PD_T3,0.5228356048718934,
PG2020_Intensity Mock_10h_B,0.516307727006197,
WZ2023_Su_025_30min,0.5202144893290562,0.20098450776773383
AH2018_LFQ_4_N,0.5236170004099296,
CR2017_Ratio Replicate 1.2,0.5237478536652747,
AS2011_Ratio H/L Normalized by Proteins,,
RB2022_6_RecoveryStrength,,
HS2024_8_I_N1,0.5079506740609971,
AMK2021_Ctrl_p3,,
AS2011_Ratio H/L Protein Inhi_2,,
HH2022_Reporter intensity 7,0.5212802534653372,
AH2018_SILAC_M_1_X,0.5162575733441199,
RB2022_7_PreEndurance,,
VOI2024_0.1uM 24 h_2 di,,
DL2023_control-2,0.5206682630630721,
LY2019_P6+,0.5258743071371019,
DB2022_LFQ intensity R2,,
GF2025_P6_Adh,,
VOI2024_Veh1 di,,
AS2011_Ratio H/L RNAi_2,,
FSO2012_Ratio -/+ 3-MB-PP1 exp. as3,,
VOI2024_Veh3 mono,,
HS2024_5_I_T2,0.5238560535211612,
NJH2025_Sub7_HIIT_Mid,,
MV2014_Ratio H/L normalized B1___1 (30 min),,
RM2009_Ratio H/L (H:60 min timepoint;L:0 min. timepoint),,
RB2022_6_PostSprint,,
KTGR2014_Ratio H L Normalized Rep2_Rapamycin_0_15,,
AS2011_Ratio H/L Inhi_1,0.5227066142291681,
AS2011_Ratio H/L Normalized RNAi_1_2,0.524713522578239,
AH2018_TMTMS3_2_C,0.5232054640221051,
SR2019_Hs578T_Biol_repl_4,0.5230650769519812,
RB2022_8_PreStrength,,
KS2014_Intensity C5,0.5148466897938333,
RM2024_Intensity D0-1,0.5191511512214939,
CW2012_10 µM Gef/control Experiment 3 Replicate A,,
YP2020_Intensity P30_R1_mult_log2,,
NJH2025_Sub2_HIIT_Pre,,
RB2022_3_RecoveryEndurance,,
RNJ2017_Log2_ratio_Tstim:Trest_D2,,
GF2025_P9_Adh,,
RB2022_3_PostStrength,,
TM2022_S2.8h.A,0.5199476249386865,
AS2011_Ratio H/L RNAi_1_1,,
AS2011_Ratio H/L Normalized by Proteins RNAi_2,,
FSO2012_Ratio -/+ 3-MB-PP1 exp. wt1,0.5224450330939586,
AS2011_Ratio H/L Normalized by Protein Inhi_1,,
NJH2025_Sub2_MICT_Pre,,
MV2014_Ratio L/M normalized A2___3 (10 min),,
MV2014_Ratio H/M normalized A2___3 (2 min),,
HS2024_4_B_T2,0.5296946027382844,
SR2019_BT549_Biol_repl_1,,
AH2018_LFQ_M_4_N,0.5195228060181878,
NJH2024_Sub8_HIIT_Mid,,
PG2020_Intensity 8h_B,,
AH2018_LFQ_2_X,0.5259244383366236,
PG2020_Intensity 2h_B,0.5033898131113453,
AS2011_Ratio H/L Proteins RNAi_1,0.5183285098409722,
RB2022_4_PostSprint,,
KS2014_Intensity E15_3,0.5120168312106012,
GF2025_P3_Sph,,
DB2022_LFQ intensity L2,,
MV2014_Ratio H/L normalized A1___1 (10 min),,
AH2018_SILAC_1_C,0.5222779028188773,
NJH2024_Sub1_HIIT_Pre,,
FSO2013_Ratio M/L normalized Rep2___2,0.5151681463625902,
NJH2015_TMT Subject 4 130_N/129_C (Exercise/Basal) (normalized),,
AS2011_Ratio H/L RNAi_2_3,,
AH2018_SILAC_IT_1_N,0.5223123516967875,
KTGR2014_Ratio H M Normalized Rep2_AA_starvation_0_15,,
RB2022_4_PreEndurance,,
JJ2018_Ratio M/L normalized pP1,0.5205551987335113,
CR2017_Ratio Replicate 2.4,0.516550033340956,
ZQ2022_N1,,
LY2019_P6-,0.5237301738851652,
RM2024_Intensity D2-3,0.5198715402977745,
UK2020_HCM_1,,
JW2015_Intensity pre2,,
KTGR2014_Ratio M L Normalized Rep1_AA_starvation_0_15,,
RM2024_Intensity D2-1,,
NJH2025_Sub12_MICT_Post,,
MV2014_Ratio H/M normalized B2___2 (5 min),,
RN2012_L14,,
AH2018_LFQ_3_N,0.5242560127303016,
RKK2015_TNF-α/IKKb,0.534033176472382,
SFR2015_HL_log2_ratio_std_b,0.5148281905296545,
UK2020_UA_1,,
KBE2022_Log2_Ex_13_U,,
AS2011_Ratio H/L Normalized Inhi_1,0.5227082806712423,
RNJ2017_Log2_ratio_Tsup:Trest_D2,,
RB2022_1_RecoverySprint,,
CKC2017_log2 normalized phosphoproteomics_120min_rep#1,,
JJ2018_Ratio H/L normalized pP3,0.5259362940181853,
CK2022_7 40-1,0.5215291018383407,
AS2011_Ratio H/L Inhi_1_3,0.5223110906088531,
NJH2025_Sub10_HIIT_Mid,,
KTGR2014_Ratio H L Normalized Rep2_AA_starvation_0_15,,
JAW2011_Ratio H/L LS1b_1,,
PG2020_Intensity 4h_B,0.5144757378952961,
SR2019_BT549_Biol_repl_2,,
RM2024_Intensity D4-2,,
DB2022_LFQ intensity R2.2,,
JJ2018_Ratio H/L normalized,0.5220458061141902,
RB2022_5_PostEndurance,,
HS2024_5_PD_T2,0.5213890012900256,
WZ2023_Su_025_20min,0.5204564544449802,0.20251963279471033
RM2024_Intensity D2-2___1,,
IMM2018_normalised rep. int. CDK5L-2,0.5220229850383545,
LY2019_P8-,0.5215400841815875,
JVO2010_Ratio H/M Normalized by Protein ThymON - Log2 G2,0.5243200152497428,
CKC2017_log2 normalized phosphoproteomics_15min_rep#3,,
FSO2013_Ratio H/L normalized Rep1,0.5142626107577841,
NJH2024_Sub2_HIIT_Pre,,
CKC2017_log2 normalized phosphoproteomics_60min_rep#2,,
CK2022_13 40-1,0.5221441127914558,
FSO2012_Ratio -/+ 3-MB-PP1 exp. wt4a,0.5229826566671327,
RN2012_H02,,
PG2020_Intensity 10h_D,,
RB2022_8_PreEndurance,,
HS2024_3_B_N2,0.5269749864520864,
EJN2021_4_Ex_Ins,,
AS2011_Ratio H/L Normalized by Protein,,
EJN2021_1_Ex_Ins,,
EP2017_Pervanadate R#3 log2 ratio,0.5287039846220651,
FSO2013_Ratio M/L normalized Rep1___3,0.51635793064784,
NJH2025_Sub4_HIIT_Mid,,
RCJD2014_5min_2,0.5207169088711728,
RB2022_6_PostStrength,,
AH2018_SILAC_MR_3_C,0.5246814512529813,
AH2018_LFQ_M_4_C,0.5275690504525812,
NJH2024_Sub4_MICT_Pre,,
AS2011_Ratio H/L Normalized Inhi_1_1,0.5223110906088531,
DL2023_12h-1,,
MV2014_Ratio L/M normalized B2___1 (30 min),,
DB2022_LFQ intensity L1.1,,
NJH2025_Sub6_MICT_Pre,,
NJH2025_Sub6_MICT_Post,,
CKC2017_log2 normalized phosphoproteomics_60min_rep#3,,
RN2012_H04,,
CK2022_6 40-1,0.5215357900805004,
DB2022_LFQ intensity R2.1,,
KBE2022_Log2_Ex_42_U,,
LY2019_P3-,0.5200092691027647,
FR2021_Intensity.A,,
EJN2021_3_Ex_Ins,,
MV2014_Ratio M/L normalized A1___1 (2 min),,
WZ2023_Pe_005_30min,0.5282514030920413,0.17725655325404802
HS2024_8_PD_T3,0.5213609875150899,
EJN2021_3_Ex_Basal,,
AST2020_Control.1,0.5213473739078494,
JW2015_Intensity cap1,,
PG2020_Intensity CT_A,0.5169388411889282,
FS2019_Ctr3,,
WZ2023_Pu_025_20min,0.5226914895264134,0.19834718689915884
NJH2025_Sub4_MICT_Post,,
JVO2010_Ratio H/M Normalized by Protein Noco3h - Log2 Late S,0.5251989985555476,
GF2025_P10_Adh,,
RB2022_1_RecoveryStrength,,
SR2019_HCC1954_Biol_repl_4,,
FR2021_Norm.Intensity.N,,
HS2024_5_B_N1,0.5110871223621725,
FSO2013_Ratio H/M normalized Rep3___3,0.5099939935489828,
AH2018_TMTMS2_2_C,0.5274473814888093,
RB2022_4_PreSprint,,
DB2022_Intensity R2,,
AH2018_TMTMS2_Pool,0.5209786814947583,
HS2024_8_I_N2,0.5069823189484981,
RB2022_3_RecoveryStrength,,
NJH2024_Sub6_HIIT_Mid,,
AH2018_SILAC_M_1_C,0.5211352782516961,
LY2019_P8+,0.5220126299698218,
RB2022_2_RecoveryEndurance,,
JJ2018_Ratio H/M normalized pP2___1,0.5165385706947143,
JAW2011_Ratio H/L HS_1,,
RB2022_3_PostEndurance,,
KS2014_Intensity pY_PV1,,
JAW2011_Ratio H/L LS1b_2,,
SR2019_MCF7_Biol_repl_2,0.5209701241141982,
NJH2015_TMT Subject 2 128_N/127_C (Exercise/Basal) (normalized),,
AS2011_Ratio H/L Normalized RNAi_1_1,0.5159458768077223,
AH2018_LFQ_M_4_X,0.5251769729256046,
NJH2024_Sub6_MICT_Pre,,
JJ2018_Ratio M/L normalized pP1___2,,
YP2020_Intensity C30_R2_mult_log2,,
NJH2024_Sub9_HIIT_Pre,,
AS2011_Ratio H/L Normalized Inhi_2_3,,
RM2024_Intensity D0-1___3,,
FSO2012_Ratio -/+ 3-MB-PP1 exp. wt3,0.5184708366118957,
KBE2022_Log2_Ex_28_U,,
GRW2016_Ratio H/L normalized SILAC 1___1,,
CF2017_FTE 17,,
LY2019_P2-,0.5222033511527304,
AH2018_LFQ_IT_1_X,0.5195633686400596,
JJ2018_Ratio H/L normalized pP3___1,0.5259681693050003,
RB2022_8_RecoveryStrength,,
WZ2023_Pe_005_20min,0.5308758055949816,0.21267806724454516
AST2020_Control.2,0.521294513176556,
NJH2025_Sub6_MICT_Mid,,
RCJD2014_10min_1,0.5192019702105668,
FSO2013_Ratio H/L normalized Rep2___3,,
JVO2010_Ratio M/L Normalized by Protein Noco3h - Log2 G1,0.5235688411759987,
HS2024_3_I_T1,0.5275868963848229,
FSO2012_Ratio -/+ 3-MB-PP1 exp. as2a,,
CK2022_4 40-1,0.521979754178372,
SR2019_MCF10A_Biol_repl_4,,
KS2014_Intensity pY_C5,,
NJH2025_Sub4_MICT_Pre,,
NJH2024_Sub9_MICT_Post,,
CF2017_OSE 28,,
HS2024_5_B_T2,0.5344249328660475,
HS2024_6_I_T1,0.5169374189565945,
HS2024_5_B_T3,0.5334400601453729,
JJ2018_Ratio H/M normalized pP1___1,0.5219575674066484,
KBE2022_Log2_Ex_36_U,0.5218410436440767,
AH2018_TMTMS3_3_N,0.5212615024199151,
SR2019_HCC1419_Biol_repl_2,0.5200631598254182,
FR2021_Intensity.N,,
AS2011_Ratio H/L Inhi_2_1,,
AH2018_SILAC_MR_1_C,0.5230147229300852,
NJH2024_Sub1_HIIT_Mid,,
NJH2025_Sub8_HIIT_Mid,,
EP2017_Mitotic R#3 log2 ratio,0.5781520392154248,
KBE2022_Log2_Ex_36_T,0.5217316101369195,
NJH2025_Sub6_HIIT_Mid,,
WZ2023_Pu_005_30min,0.5192300568600323,0.1551369911134007
KS2014_Intensity C2,0.5241166906269652,
FSO2013_Ratio H/L normalized Rep1___2,0.5198958564973473,
RM2024_Intensity D2-2,,
KBE2022_Log2_Ex_42_T,,
CK2022_9 200-1,0.5205534935365673,
GRW2016_Ratio H/L normalized SILAC 2___1,,
JJ2018_Ratio H/M normalized pP3___2,,
DB2022_LFQ intensity R1.1,,
CK2022_10 200-1,0.5204660627294553,
NJH2024_Sub9_MICT_Mid,,
JAW2011_Ratio H/L_2,,
HS2024_7_I_N2,0.5123599326688926,
RBK2021_1332T Late,,
LY2019_P1-,0.5225625580038337,
RKK2015_TNF-α/basal.1,0.5257279722282308,
RKK2015_TNF-α/TNF-α+SC-514,0.5116553672615397,
CR2017_Ratio Replicate 2.5,0.5141866997009074,
HS2024_3_I_T3,0.5282844895716363,
CKC2017_log2 normalized phosphoproteomics_90min_rep#2,,
AS2011_Ratio H/L Normalized RNAi_1,0.5201531779149142,
KS2014_Intensity E15_4,0.5159811327968827,
ZQ2022_C3,,
EJN2021_3_Rest_Ins,,
YP2020_Intensity P10_R2_mult_log2,,
MV2014_Ratio H/L normalized A1___3 (10 min),,
NJH2025_Sub1_MICT_Pre,,
KBE2022_Log2_Ex_39_T,,
FSO2013_Ratio H/M normalized Rep3___2,0.5167382746431367,
RM2024_Intensity D6-2,,
EP2017_Untreated R#1 log2 ratio,0.5151052492684927,
RKK2015_SC-514/basal,0.5339189882322094,
RM2024_Intensity D6-1___3,,
WZ2023_Pu_010_10min,0.5204857293644708,0.17462496528270396
NJH2025_Sub9_HIIT_Mid,,
SR2019_SKBR3_Biol_repl_4,0.5213023577458226,
HS2024_5_I_T3,0.5133856720893477,
KS2014_Intensity N1,0.5476970100483857,
NJH2024_Sub12_MICT_Post,,
TM2022_S2.8h.C,0.5189858067143543,
CR2017_Ratio Replicate 1,0.5116217091035917,
AS2011_RNAi 1_Ratio H/L normalized by corresponding protein level (H: shPlk1; L: shEg5),0.5260725828788286,
CKC2017_log2 normalized phosphoproteomics_30min_rep#3,,
JJ2018_Ratio H/M normalized pP3,0.5246642950065562,
AH2018_SILAC_MR_2_C,0.5260896549145968,
LATM2013_Log2 Ratio (Medium/Light) Forward,,
PG2020_Intensity 2h_A,0.5096597613702947,
NJH2024_Sub6_MICT_Mid,,
NJH2025_Sub13_HIIT_Post,,
AH2018_SILAC_MR_3_X,0.523321697821007,
JJ2018_Ratio H/M normalized___1,0.5220587471132011,
RCJD2014_15min_2,0.5146441932329315,
AS2011_Ratio H/L_2,,
AS2011_Ratio H/L Normalized,0.5196443520752706,
RN2012_H03,,
HS2024_5_B_N2,0.5374823421828795,
HS2024_5_I_N1,0.5388534526254904,
HS2024_6_I_N1,0.5091635767947643,
AR2021_KD 48h,0.5249035142405345,
FR2021_Intensity.B,,
RB2022_3_PreEndurance,,
HS2024_5_I_T1,0.5322472258698454,
NJH2024_Sub10_MICT_Pre,,
SR2019_LM2_Biol_repl_2,,
AST2020_anti-CD3,0.5214101125467032,
SR2019_MDAMB231_Biol_repl_1,0.5178509392453854,
RM2024_Intensity D2-3___3,,
WZ2023_Pe_005_10min,0.5264193084577257,0.18568102907763104
KBE2022_Log2_Ex_29_U,0.5217838151733859,
HS2024_7_B_T1,0.5123980293755409,
AH2018_LFQ_M_2_X,0.5234937194190835,
AH2018_LFQ_IT_4_N,0.519104262769751,
CK2022_15 200-1,0.5249277741039373,
RM2024_Intensity D4-1___2,,
JJ2018_Ratio H/M normalized,0.5220767793961054,
JJ2018_Ratio M/L normalized pP3___1,0.5235895201192654,
KBE2022_Log2_Ex_34_T,,
CKC2017_log2 normalized phosphoproteomics_0min_rep#2,,
LY2019_P2+,0.5206720623334694,
LATM2013_Log2 Ratio (Light/Medium) Reverse,,
CK2022_2 200-1,0.5232072819302117,
AS2011_Ratio H/L Protein RNAi_2,,
MV2014_Ratio L/H normalized A3___1 (2 min),,
WZ2023_Su_010_30min,0.5252489305393666,0.20037709497731557
RN2012_H01,,
KTGR2014_Ratio-Rapa 2 mins,,
EJN2021_2_Rest_Basal,,
KS2014_Intensity pY_E5_3,,
MM2018_Ratio H/L replicate 3,,
EP2017_Pervanadate R#1 normalized log2 ratio,0.49869635939563467,
HS2024_8_B_T3,0.50796754849434,
YA2020_Reporter_intensity_Cancer_No.3,,
KBE2022_Log2_Ex_44_U,,
WZ2023_Pe_010_20min,0.5282899404501441,0.197097264694881
KS2014_Intensity pY_C6,,
AS2011_Ratio H/L Normalized_3,,
RCJD2014_15min_mean,0.5252072055338394,
RB2022_3_PreStrength,,
NJH2015_iTRAQ Subject 3 116/117 (Exercise/Basal) (normalized),,
RCJD2014_10min_mean,0.5247114413358807,
KS2014_Intensity C1,0.5244518343181689,
FSO2013_Ratio H/M normalized Rep3___1,0.5211971214107608,
AH2018_SILAC_M_3_C,0.5262987523119803,
RKK2015_TNF-α+IKKb/TNF-α,0.5145908337257117,
RM2024_Intensity D0-3___2,,
FSO2012_Ratio -/+ 3-MB-PP1 exp. wt2a,,
AH2018_SILAC_M_2_C,0.5178815862948113,
AH2018_SILAC_M_2_X,0.5171743063714093,
KTGR2014_Ratio-Rapa 15 mins,,
RM2024_Intensity D4-2___1,,
KBE2022_Log2_Ex_15_T,,
VOI2024_0.1uM 24 h_1 di,,
WZ2023_Su_010_10min,0.5214098959583733,0.19923722156397589
PG2020_Intensity 6h_C,0.5172156861110393,
JVO2010_Ratio M/L Normalized by Protein Noco45 - Log2 mitosis,0.520052253140374,
JJ2018_Ratio M/L normalized pP1___1,0.5205060788154141,
AH2018_LFQ_M_3_N,0.5224868057194836,
VOI2024_0.1uM 24 h_2 mono,,
AH2018_TMTMS2_3_C,0.5262695274798881,
CK2022_15 16-1,0.5219744666283599,
CK2022_3 16-1,0.5215765556990142,
LY2019_P4-,0.5220995727327766,
FSO2013_Ratio H/L normalized Rep3___2,0.5192509921251571,
KS2014_Intensity pY_PV2,,
HS2024_3_I_N2,0.5290745022200667,
GF2025_P8_Adh,,
YC2018_Log2(SKBR3-LR/SKBR3)_Rep.2-2,0.5201989723041679,
GF2025_P5_Sph,,
CK2022_10 16-1,0.5197678486010121,
KTGR2014_Ratio H L Normalized Rep1_AA_starvation_0_15,,
VOI2024_0.1uM 2 h_2 di,,
NJH2015_TMT Pool 131/130_C (Exercise/Basal) (normalized),,
NJH2024_Sub2_HIIT_Mid,,
AMK2021_45I_p3,,
NJH2024_Sub13_HIIT_Mid,,
DB2022_LFQ intensity R1.2,,
DB2022_Intensity R1,,
NJH2024_Sub12_MICT_Mid,,
KTGR2014_Ratio M L Normalized Rep1_Rapamycin_0_15,,
UK2020_HCM_4,,
SAS2015_AZD/DMSO_Exp2,0.5233707177280275,
IMM2018_normalised rep. int. CDK5L-1,0.5223842750092016,
DB2022_LFQ intensity L2.2,,
KTGR2014_Ratio H M Normalized Rep1_AA_starvation_0_15,,
EP2017_Mitotic R#1 log2 ratio,0.5852943967109459,
EJN2021_2_Ex_Basal,,
RM2009_Ratio H/L Normalized by Corresponding Protein Level (H:60 min timepoint;L:0 min. timepoint),0.522749083390321,
KTGR2014_Ratio-Rapa 30 mins,,
CKC2017_log2 normalized phosphoproteomics_90min_rep#1,,
CF2017_FTE 16,,
AR2021_L41 10 μM,0.5267266101079033,
CF2017_EOC 2,,
RB2022_6_PostEndurance,,
AH2018_SILAC_1_N,0.5216550647999602,
NJH2024_Sub10_HIIT_Pre,,
AS2011_Ratio H/L Inhi_1_2,,
UK2020_HCM_6,,
RB2022_7_PreSprint,,
NJH2024_Sub2_MICT_Pre,,
HS2024_3_PD_T2,0.5310243199477549,
CK2022_6 16-1,0.5199313883811277,
ZX2022_CB treated Replicate 1,0.5239143231144536,
BS2014_Log2(Ratio H/L normalized Rep_3),0.5269305825119125,
TM2022_mock.12h.C,0.5219951098773219,
GRW2016_Ratio M/L normalized SILAC 5a___1,,
HH2022_Reporter intensity 0,0.5236879739966559,
RM2024_Intensity D2-2___2,0.5202963220955042,
JC2019_Normalised_intensity_B_TiOx_Testis_sample_URO0126,0.5230923328852107,
RB2022_1_PreStrength,,
JJ2018_Ratio H/M normalized pP2___2,,
AH2018_TMTMS2_2_X,0.5249714698839351,
AR2021_L41 1 μM,0.5167616134775281,
JJ2018_Ratio H/M normalized pP1___2,,
AH2018_TMTMS2_1_N,0.5239015913097494,
NJH2025_Sub10_MICT_Pre,,
JVO2010_Ratio H/M Normalized by Protein Noco45 - Log2 early S,0.5227723321667777,
ZX2022_Control Replicate 3,0.5244949338273474,
KS2014_Intensity C4,0.5269797046842892,
AS2011_Ratio H/L Inhi_2,,
KBE2022_Log2_Ex_18_T,0.5209885100094795,
NJH2025_Sub9_MICT_Pre,,
RCJD2014_20min_1,0.5229455532581863,
MV2014_Ratio H/M normalized B2___1 (5 min),,
FSO2013_Ratio M/L normalized Rep2___3,0.5050264535709357,
JC2019_Normalised_intensity_C_TiOx_Testis_sample_URO0158,0.5256961155162938,
SR2019_MCF10A_Biol_repl_3,,
HS2024_7_B_T2,0.5103381646921048,
SAS2015_PLX/DMSO_Exp3,0.5261490412057122,
AMK2021_Ctrl_p5,,
NJH2025_Sub2_HIIT_Mid,,
AH2018_LFQ_M_3_C,0.5242826960046845,
CKC2017_log2 normalized phosphoproteomics_15min_rep#2,,
YA2020_Reporter_intensity_Cancer_No.2,,
FSO2013_Ratio H/M normalized Rep2___3,0.5120950062050309,
RB2022_8_PreSprint,,
AH2018_SILAC_IT_3_C,0.5221006534186285,
WZ2023_Pu_025_10min,0.5127110655342141,0.19862542625480778
RM2024_Intensity D2-2___3,,
AS2011_Ratio H/L_1,0.5221292598145192,
RCJD2014_10min_3,0.5256609781904984,
FSO2013_Ratio M/L normalized Rep3___1,0.5239247273176637,
SR2019_JIMT1_Biol_repl_4,0.5184728125330879,
YP2020_Intensity C10_R2_mult_log2,,
ZCP2016_Ratio H/L Rep 2,0.5082377057548744,
CF2017_EOC 4,,
JJ2018_Ratio H/L normalized pP1___1,0.5202300469048999,
WZ2023_Pe_010_30min,0.5287930648053297,0.19627424437720165
MV2014_Ratio L/M normalized B2___3 (30 min),,
AH2018_LFQ_IT_3_N,0.5168978321405959,
KS2014_Intensity C6,0.5231523591574126,
ZQ2022_N3,,
HW2015_Ratio H/L normalized Exp1,,
CK2022_12 40-1,0.5216679143673019,
NJH2024_Sub7_MICT_Pre,,
ZX2022_Control Replicate 1,0.5270915697793281,
JJ2018_Ratio H/M normalized pP1,0.5219521267001822,
CK2022_16 40-1,0.5221819553974886,
AH2018_SILAC_IT_2_C,0.5201068485878062,
CK2022_5 40-1,0.5216051633468579,
AH2018_LFQ_3_X,0.5250777214464705,
UK2020_UA_3,,
LY2019_P7-,0.5207937227087992,
GF2025_P5_Adh,,
RB2022_1_PostStrength,,
JAW2011_Ratio H/L LS1b,,
FSO2013_Ratio H/L normalized Rep3___1,0.5270482527071257,
SR2019_HCC1954_Biol_repl_3,,
CR2017_Ratio Replicate 2.2,0.5203428600173401,
VOI2024_0.1uM 2 h_1 mono,,
MV2014_Ratio L/M normalized A2___1 (10 min),,
RNJ2017_Log2_ratio_Tsup:Tstim_D3,,
CK2022_11 16-1,0.520336671446783,
ZQ2022_C1,,
CR2017_Ratio Replicate 2.1,0.5409956495625631,
PG2020_Intensity CT_B,0.5091706947890275,
JJ2018_Ratio M/L normalized___2,,
AH2018_SILAC_MR_1_N,0.5230217788183771,
KS2014_Intensity pY_E5_1,,
JW2021_Before_3,,
NJH2015_iTRAQ Subject 2 117/116 (Exercise/Basal) (normalized),,
MV2014_Ratio M/H normalized B3___3 (30 min),,
FS2019_db/db1,,
NJH2025_Sub9_HIIT_Pre,,
JAW2011_Ratio H/L_1,,
RCJD2014_20min_3,0.5211634703725733,
AH2018_LFQ_3_C,0.5242233964847205,
JJ2018_Ratio M/L normalized pP3___2,,
AMK2021_45I_p1,,
NJH2025_Sub8_HIIT_Post,,
AH2018_LFQ_M_3_X,0.5216525252896526,
YA2020_Reporter_intensity_Cancer_No.4,,
KS2014_Intensity pY_E5_2,,
FSO2013_Ratio H/L normalized Rep1___3,,
GF2025_P4_Sph,,
RB2022_2_PreEndurance,,
JW2021_Before_1,,
KBE2022_Log2_Ex_25_T,,
AS2011_Ratio H/L Normalized by Proteins Inhi_2,,
MV2014_Ratio L/M normalized A2___2 (10 min),,
JJ2018_Ratio M/L normalized___1,0.5241369275813722,
FR2021_Intensity.H,,
CK2022_14 16-1,0.5215703162540227,
AST2020_anti-CD3+PDL2,0.5215227475312938,
MV2014_Ratio M/L normalized B1___1 (5 min),,
KBE2022_Log2_Ex_19_T,,
KS2014_Intensity pY_N1,,
RB2022_1_RecoveryEndurance,,
FSO2013_Ratio H/M normalized Rep1___2,0.5186254744259241,
HS2024_8_I_T1,0.5138382575139463,
NJH2015_iTRAQ Subject 1 115/114 (Exercise/Basal) (normalized),,
EP2017_Mitotic R#2 log2 ratio,0.5833642051795102,
AH2018_TMTMS2_1_X,0.5223063803541546,
KTGR2014_Ratio M L Normalized Rep2_AA_starvation_0_15,,
ZCP2016_Ratio H/L Rep 3,0.5293288311846591,
AS2011_Ratio H/L Normalized RNAi_1_3,0.524713522578239,
SR2019_MCF10A_Biol_repl_1,,
NJH2025_Sub8_MICT_Mid,,
EJN2021_5_Ex_Ins,,
HS2024_6_I_N2,0.5169135821867711,
HH2022_Reporter intensity 4,0.5216747741454344,
RBK2021_1326T Late,,
TM2022_mock.12h.B,0.5220153236696439,
NJH2024_Sub12_MICT_Pre,,
RCJD2014_15min_3,0.520533109948414,
MV2014_Ratio L/H normalized B3___2 (5 min),,
LG2023_Control-3_intensity,0.5213221134273394,
JJ2018_Ratio H/L normalized pP3___2,,
CF2017_FTE 15,,
HS2024_4_I_T3,0.532529469459979,
AH2018_SILAC_1_X,0.5195548527559314,
PG2020_Intensity 10h_B,,
AH2018_TMTMS3_1_X,0.5240831676374087,
CF2017_FTE 14,,
NJH2024_Sub13_HIIT_Post,,
RM2024_Intensity D6-3___3,,
NJH2025_Sub7_HIIT_Pre,,
RBK2021_1259T Early,,
RKK2015_IKK+TNF-α/IKKb,0.5283158298268451,
FSO2012_Ratio -/+ 3-MB-PP1 exp. as1b,0.5201511579669198,
PG2020_Intensity 6h_A,0.5201514176453976,
SR2019_HCC1419_Biol_repl_3,0.5189911612187905,
KBE2022_Log2_Ex_14_T,,
EP2017_Untreated R#2 normalized log2 ratio,0.5674219750332281,
RM2024_Intensity D0-2___1,,
DB2022_Intensity L1,,
LY2019_P5+,0.5218966555669545,
HS2024_5_I_N2,0.5242541582308322,
SAS2015_PLX/AZD_Exp3,0.5324139234811618,
EP2017_Pervanadate R#2 log2 ratio,0.5289407844562772,
AS2011_Ratio H/L Normalized RNAi_2_1,,
