DatasetName,HRH1_S(229) HRH1_S(230) HRH1_S(233) HRH1_S(255) HRH1_S(271) HRH1_S(275) HRH1_S(277) HRH1_S(284) HRH1_S(285) HRH1_S(363) HRH1_S(378) HRH1_S(380) HRH1_S(695) HRH1_T(279) HRH1_T(377) HRH1_T(382) HRH1_Y(321) HRH1_Y(386) HRH1_Y(401),HRH1_S(357) HRH1_S(6) HRH1_S(7)
RM2024_Intensity D4-1___3,,
RB2022_4_PostEndurance,,
FSO2013_Ratio M/L normalized Rep3,0.5192376452315123,
SR2019_MCF7_Biol_repl_3,,
RKK2015_IKKb(K44M)+TNF-α/IKKb(K44M),,
SR2019_LM2_Biol_repl_1,0.5302457556545782,
RCJD2014_15min_1,0.5289575124701327,
AS2011_Ratio H/L Normalized by Proteins Inhi_1,,
CK2022_7 16-1,,
NJH2025_Sub12_HIIT_Mid,,
AH2018_LFQ_IT_1_C,0.5206890128595493,
RKK2015_TNF-α/basal,,
JJ2018_Ratio H/M normalized pP2,,0.13438912785931392
NJH2025_Sub12_MICT_Pre,,
NJH2025_Sub7_MICT_Post,,
DL2023_control-3,0.5196650059630821,
ZX2022_Control Replicate 2,,
HS2024_6_B_T3,0.5000925568125354,
JW2015_Intensity pre1,,
IMM2018_normalised rep. int. Empty-3,0.5301394354472074,
AMK2021_30R_p5,,
FSO2013_Ratio M/L normalized Rep1,0.5205665467631563,
SR2019_MDAMB231_Biol_repl_4,0.528996734377835,
GF2025_P2_Sph,0.5238353975587823,
FSO2012_Ratio -/+ 3-MB-PP1 exp. wt2b,0.5190282163360378,
NJH2025_Sub13_HIIT_Mid,,
CP2009_Ratio M/L,,
NJH2025_Sub7_HIIT_Post,,
KBE2022_Log2_Ex_44_T,,
DB2022_Intensity L2,,
TM2022_mock.4h.C,,
AST2020_anti-CD3.2,,
CW2012_10 µM Erl/control Experiment 1 Replicate B,,
HS2024_7_B_N1,0.5397942159201548,
FSO2013_Ratio M/L normalized Rep1___1,0.5207689734532783,
SAS2015_AZD/DMSO_Exp3,0.5260586912725363,
RM2024_Intensity D0-2___3,,
RM2024_Intensity D6-1,0.5233901364576905,
RB2022_8_RecoverySprint,,
RB2022_5_PreEndurance,,
CKC2017_log2 normalized phosphoproteomics_30min_rep#2,,
EP2017_Untreated R#4 normalized log2 ratio,0.5089759738872656,
WZ2023_Pu_010_30min,0.5273656632221384,
AS2011_Ratio H/L Proteins RNAi_2,,
RB2022_4_PreStrength,,
NJH2024_Sub4_MICT_Post,,
AH2018_LFQ_M_1_X,0.5190684573315749,
RB2022_8_RecoveryEndurance,,
KBE2022_Log2_Ex_14_U,,
FSO2013_Ratio M/L normalized Rep3___3,,
AH2018_TMTMS3_1_C,0.5329426391827139,
JJ2018_Ratio H/L normalized___1,,
ZQ2022_C2,0.5143780837892212,
RB2022_5_PreSprint,,
PG2020_Intensity 8h_C,,
AH2018_SILAC_MR_2_N,0.514168007212801,
MV2014_Ratio M/L normalized A1___2 (2 min),0.5212251996357007,
TM2022_S2.8h.B,,
MV2014_Ratio M/H normalized B3___1 (30 min),0.5194881080383864,
FSO2012_Ratio -/+ 3-MB-PP1 exp. as4a,0.53454108682906,
RNJ2017_Log2_ratio_Tsup:Tstim_D2,,
RM2024_Intensity D6-1___2,0.5193509394700536,
NJH2025_Sub7_MICT_Mid,,
LY2019_P1+,,
AS2011_Ratio H/L Proteins Inhi_2,,
BS2014_Log2(Ratio H/L normalized),,
UK2020_HCM_2,,
FSO2013_Ratio H/L normalized Rep2___2,,
EP2017_Pervanadate R#3 normalized log2 ratio,0.5180962726298336,
RM2024_Intensity D4-3___3,0.5240748894869429,
RB2022_5_PreStrength,,
NJH2024_Sub4_MICT_Mid,,
TM2022_S2.4h.A,,
RB2022_5_PostStrength,,
GF2025_P6_Sph,0.5412992549309821,
RB2022_2_PreSprint,,
ZX2022_CB treated Replicate 3,,
RM2024_Intensity D6-2___3,0.5212479937886026,
WZ2023_Pe_025_10min,0.5313480007746133,
AS2011_Ratio H/L Normalized by Proteins RNAi_1,,
AST2020_anti-CD3+PDL2.1,,
KBE2022_Log2_Ex_34_U,,
WZ2023_Pu_005_10min,0.5334191186657088,
AS2011_Ratio H/L RNAi_2_1,,
NJH2024_Sub9_HIIT_Mid,,
CK2022_9 40-1,,
KTGR2014_Ratio H L Normalized Rep1_Rapamycin_0_15,,
LG2023_GSK3α-1_intensity,,
WZ2023_Pu_025_30min,0.539253171034171,
AH2018_SILAC_MR_2_X,0.508197464098557,
HS2024_4_PD_T2,0.5283759424626803,
NJH2024_Sub4_HIIT_Pre,,
RB2022_2_RecoverySprint,,
AS2011_Ratio H/L Protein RNAi_1,,
RM2024_Intensity D2-1___2,0.5231453412734937,
CR2017_Ratio Replicate 1.4,0.5154701785035577,
FR2021_Norm.Intensity.B,,
RM2024_Intensity D6-2___1,,
YC2018_Log2(SKBR3-LR/SKBR3)_Rep.2-1,,
RB2022_5_PostSprint,,
EJN2021_3_Rest_Basal,,
CR2017_Ratio Replicate 1.3,0.5225955990124107,
AS2011_Ratio H/L Normalized by Protein RNAi_2,,
KTGR2014_Ratio-Rapa 7 mins,,
AMK2021_120R_p1,,
AH2018_SILAC_3_X,0.5213841555877089,
JJ2018_Ratio M/L normalized pP3,,0.19458655387446333
AH2018_SILAC_M_2_N,0.5243218492683267,
HS2024_7_PD_T2,0.5272033961394205,
FSO2013_Ratio H/L normalized Rep1___1,0.5322263520554814,
AH2018_LFQ_1_C,,
AS2011_Ratio H/L Normalized Inhi_1_3,,
KBE2022_Log2_Ex_28_T,,
HS2024_3_B_N1,0.5411882569692383,
RM2024_Intensity D4-2___3,0.5225846481578406,
WZ2023_Pe_025_30min,0.536261885330992,
CK2022_11 40-1,,
CW2012_10 µM Erl/control Experiment 3 Replicate B,,
AH2018_SILAC_2_X,0.5238225184301871,
MV2014_Ratio H/M normalized A2___2 (2 min),0.542155053134425,
AS2011_Ratio H/L RNAi_1_2,,
KS2014_Intensity E15_1,,
FSO2013_Ratio H/L normalized Rep2,0.5454088799498337,
WZ2023_Pu_005_20min,0.5332473075612295,
NJH2024_Sub10_MICT_Post,,
RM2024_Intensity D2-3___1,,
CR2017_Ratio Replicate 1.5,0.5154678179494698,
CW2012_10 µM Gef/control Experiment 2 Replicate B,,
HS2024_7_B_T3,0.5122588109547647,
CKC2017_log2 normalized phosphoproteomics_60min_rep#1,,
AS2011_Ratio H/L RNAi_1,,
JC2019_Normalised_intensity_A_TiOx_Testis_sample_URO0059,0.5244673295945171,
AH2018_LFQ_M_1_C,,
NJH2025_Sub7_MICT_Pre,,
SR2019_SKBR3_Biol_repl_2,,
HS2024_9_B_T2,0.5364411301603204,
KTGR2014_Ratio-AA 7 mins,,
MV2014_Ratio L/H normalized B3___3 (5 min),,
HS2024_3_PD_T1,0.5365160075463706,
FSO2013_Ratio M/L normalized Rep3___2,,
SR2019_BT549_Biol_repl_3,0.5344032697198904,
RCJD2014_20min_mean,0.5276575735279319,
FR2021_Norm.Intensity.H,,
RB2022_2_PreStrength,,
DB2022_LFQ intensity L1.2,,
HS2024_4_B_N1,0.5255466117946199,
KTGR2014_Ratio H M Normalized Rep2_Rapamycin_0_15,,
CK2022_1 16-1,,
CK2022_1 200-1,,
PG2020_Intensity Mock_10h_D,,
SR2019_MCF10A_Biol_repl_2,,
JJ2018_Ratio M/L normalized pP2___2,,0.20944536271102945
HS2024_6_PD_T1,0.5136310006316311,
JVO2010_Ratio M/L Normalized by Protein ThymON - Log2 G1/S,,
RB2022_6_RecoveryEndurance,,
FSO2012_Ratio -/+ 3-MB-PP1 exp. wt3b,0.5459659360765731,
EP2017_Mitotic R#2 normalized log2 ratio,0.531077156162955,
RCJD2014_5min_1,0.5272765024418797,
RM2024_Intensity D4-1___1,,
DL2023_24h-1,,
YC2018_Log2(SKBR3-LR/SKBR3)_Rep.1-1,,
FSO2012_Ratio -/+ 3-MB-PP1 exp. as2b,0.535735515852023,
TM2022_S2.4h.C,,
SAS2015_PLX/AZD_Exp2,0.5242446816316221,
CR2017_Ratio Replicate 3.3,0.5498443243710672,
PG2020_Intensity 2h_C,,
VOI2024_Veh2 di,,
ZX2022_CB treated Replicate 2,,
KBE2022_Log2_Ex_8_T,,
NJH2025_Sub10_MICT_Post,,
HS2024_6_I_T3,0.5111489191430415,
RN2012_L11,0.5224721990591721,
AS2011_Ratio H/L Normalized Inhi_2_2,,
IMM2018_normalised rep. int. Empty-1,0.5331157571529134,
HS2024_5_PD_T1,0.5362948948408865,
AH2018_LFQ_M_2_C,,
CK2022_3 40-1,,
RBK2021_1260T Early,,
NJH2024_Sub4_HIIT_Post,,
HS2024_4_I_T1,0.5167537402725323,
YA2020_Reporter_intensity_Cancer_No.5,0.5296653436436918,
HH2022_Reporter intensity 8,0.5203776641336125,
ZQ2022_N2,0.544927690448954,
FSO2012_Ratio -/+ 3-MB-PP1 exp. wt1b,,
FSO2013_Ratio H/L normalized Rep3___3,,
AH2018_TMTMS3_2_N,0.5329084370772839,
EJN2021_5_Rest_Basal,,
NJH2025_Sub2_HIIT_Post,,
NJH2025_Sub1_MICT_Post,,
HS2024_9_B_T1,0.5171233914396076,
FSO2012_Ratio -/+ 3-MB-PP1 exp. wt1a,0.5420144397690108,
JAW2011_Ratio H/L LS2_1,,
JVO2010_Log2 Ratio H/M Normalized aphidicolin,,
NJH2024_Sub6_HIIT_Pre,,
AH2018_SILAC_3_N,0.5198820967982942,
YA2020_Reporter_intensity_Normal_No.1,0.5322613924327874,
HS2024_3_B_T1,0.529893079608375,
JJ2018_Ratio H/L normalized___2,,0.1576406101428974
RM2024_Intensity D0-2,0.523785166846106,
MV2014_Ratio M/L normalized B1___2 (5 min),0.5246852470686477,
RB2022_7_PostStrength,,
RB2022_1_PostEndurance,,
CR2017_Ratio Replicate 3,0.5265346419938917,
SR2019_Hs578T_Biol_repl_3,0.5255637702311056,
MV2014_Ratio L/H normalized B3___1 (5 min),0.5284490830204531,
RBK2021_1244T Early,,
RB2022_3_PostSprint,,
NJH2024_Sub13_MICT_Mid,,
KTGR2014_Ratio-AA 2 mins,,
GF2025_P7_Sph,0.5220222963955583,
HS2024_8_I_T3,0.534484209427959,
CF2017_EOC 3,0.5111008366082976,
LATM2013_Normalized Log2 Ratio (Medium/Light) Forward,0.5484366255644559,
HS2024_6_PD_T3,0.5283751476665749,
DL2023_12h-2,0.5190252968127207,
RM2024_Intensity D6-3___1,,
FS2019_Ctr1,,
WZ2023_Pu_010_20min,0.5340972107156501,
AS2011_Ratio H/L_3,,
CK2022_1 40-1,,
RNJ2017_Log2_ratio_Tsup:Trest_D1,,
CK2022_8 16-1,,
KS2014_Intensity N3,,
RB2022_4_RecoveryEndurance,,
RB2022_5_RecoveryEndurance,,
JAW2011_Ratio H/L LS1a_2,,
NJH2024_Sub12_HIIT_Mid,,
AH2018_LFQ_IT_1_N,0.5231416219592336,
FSO2013_Ratio H/M normalized Rep2,0.5250929563308098,
RAM2015_Log2 A,0.5332327046069998,
HS2024_8_PD_T1,0.5271609670398893,
JJ2018_Ratio H/L normalized pP2,,0.13420546823440085
CF2017_OSE 27,0.5219929195787089,
KS2014_Intensity E15_2,,
BS2014_Log2(Ratio H/L protein),,
PG2020_Intensity 8h_A,,
HS2024_7_I_T1,0.5134931401119861,
VOI2024_Veh3 di,,
RKK2015_TNF-α+SC-514/basal,,
SR2019_JIMT1_Biol_repl_1,,
HW2015_Ratio H/L normalized Exp2,,
HS2024_3_I_N1,0.5263206062912325,
AH2018_SILAC_M_3_X,0.5218698924697805,
NJH2024_Sub9_HIIT_Post,,
AS2011_Ratio H/L RNAi_1_3,,
GRW2016_Ratio H/L normalized SILAC 1___2,,
NJH2025_Sub1_HIIT_Pre,,
YC2018_Log2(SKBR3-LR/SKBR3)_Rep.1-2,,
NJH2024_Sub4_HIIT_Mid,,
VOI2024_0.1uM 2 h_1 di,,
KBE2022_Log2_Ex_6_T,,
RM2024_Intensity D4-3___1,,
AH2018_LFQ_4_X,,
AS2011_Inhi 2_Ratio H/L normalized by corresponding protein level (H:TAL treatment; L: MA treatment),,
RB2022_8_PostEndurance,,
NJH2025_Sub4_MICT_Mid,,
YP2020_Intensity C30_R1_mult_log2,,
AST2020_anti-CD3.1,,
NJH2025_Sub4_HIIT_Post,,
EP2017_Untreated R#4 log2 ratio,0.5097875809113264,
HS2024_6_B_N1,0.5170999601100156,
KBE2022_Log2_Ex_27_T,,
CW2012_10 µM Gef/control Experiment 1 Replicate A,,
VOI2024_0.1uM 24 h_1 mono,0.5244988025254305,
AMK2021_120R_p5,,
AS2011_Ratio H/L Proteins,,
NJH2024_Sub7_HIIT_Post,,
NJH2015_TMT Subject 1 127_N/126 (Exercise/Basal) (normalized),,
AS2011_Ratio H/L RNAi_2_2,,
RB2022_7_RecoveryStrength,,
AH2018_SILAC_IT_3_X,0.5222865679813544,
JAW2011_Ratio H/L,,
PG2020_Intensity 10h_C,,
FSO2013_Ratio M/L normalized Rep2,0.5126485002894045,
CP2009_Ratio H/M Normalized (50 nM dasatinib vs 5 nM dasatinib),,
HH2022_Reporter intensity 5,0.525959940636891,
SR2019_HCC1954_Biol_repl_2,,
CK2022_14 40-1,,
RB2022_6_PreSprint,,
NJH2025_Sub12_MICT_Mid,,
PG2020_Intensity 4h_D,,
NJH2025_Sub2_MICT_Post,,
AH2018_LFQ_4_C,0.5142784723185081,
DL2023_control-1,0.51976784654354,
AR2021_ALG 10 μM,0.5270517369541037,
JAW2011_Ratio H/L LS2_2,,
AH2018_SILAC_IT_3_N,0.5188756635881192,
EJN2021_4_Rest_Ins,,
RN2012_H05,0.5352439930170909,
NJH2024_Sub7_HIIT_Mid,,
GF2025_P2_Adh,0.5200965764230732,
FSO2012_Ratio -/+ 3-MB-PP1 exp. as4b,0.5449167211375446,
RB2022_8_PostSprint,,
EJN2021_1_Rest_Ins,,
HH2022_Reporter intensity 3,0.535543882717597,
FSO2012_Ratio -/+ 3-MB-PP1 exp. wt4b,0.5058040458691684,
AH2018_SILAC_IT_1_C,0.5206257994527419,
JW2021_After_3,,
GF2025_P8_Sph,0.5316550365272472,
FSO2012_Ratio -/+ 3-MB-PP1 exp. wt4,0.5050976052194078,
JJ2018_Ratio M/L normalized pP2___1,,
AH2018_SILAC_2_N,0.523919829821529,
CK2022_11 200-1,,
CK2022_12 200-1,,
AS2011_Ratio H/L Normalized by Protein RNAi_1,,
RM2024_Intensity D2-1___3,,
NJH2024_Sub1_MICT_Pre,,
HH2022_Reporter intensity 9,0.5231470248175961,
WZ2023_Su_010_20min,0.5299455604308856,
AH2018_TMTMS2_2_N,0.5350149020847258,
NJH2024_Sub13_MICT_Pre,,
KBE2022_Log2_Ex_41_U,,
NJH2015_TMT Subject 3 129_N/128_C (Exercise/Basal) (normalized),,
AH2018_TMTMS3_Pool,0.5327511436569312,
KS2014_Intensity N4,,
NJH2024_Sub1_HIIT_Post,,
MM2018_Ratio H/L replicate2,,
RM2024_Intensity D4-2___2,0.5202734344507275,
NJH2024_Sub13_HIIT_Pre,,
CF2017_OSE 26,,
CK2022_14 200-1,,
SR2019_Hs578T_Biol_repl_1,0.5243047885035561,
RB2022_7_PostSprint,,
TM2022_mock.4h.A,,
NJH2025_Sub12_HIIT_Pre,,
AH2018_TMTMS3_1_N,0.5351446630211357,
AST2020_anti-CD3+PDL2.2,,
PG2020_Intensity Mock_10h_A,,
JW2021_After_2,,
NJH2024_Sub2_MICT_Post,,
EJN2021_2_Rest_Ins,,
SR2019_LM2_Biol_repl_4,0.5276543027316881,
CP2009_Ratio H/M,,
JAW2011_Ratio H/L HS,,
CK2022_13 16-1,,
GF2025_P1_Adh,0.5309929280461009,
GF2025_P1_Sph,0.5229550943376222,
EJN2021_5_Ex_Basal,,
HS2024_7_I_T3,0.5304221922038281,
JJ2018_Ratio H/L normalized pP2___2,,0.20944536271102945
WZ2023_Pe_010_10min,0.5354515952920994,
CF2017_EOC 1,0.5141727261927617,
CK2022_3 200-1,,
AH2018_LFQ_IT_3_C,0.5218930227898113,
SR2019_Hs578T_Biol_repl_2,0.5253939247463657,
NJH2024_Sub12_HIIT_Post,,
JJ2018_Ratio H/L normalized pP1___2,,
MV2014_Ratio H/L normalized A1___2 (10 min),0.5362861630563251,
NJH2024_Sub10_MICT_Mid,,
NJH2024_Sub13_MICT_Post,,
BS2014_Log2(Ratio H/L normalized Rep_1),,
RB2022_3_RecoverySprint,,
NJH2025_Sub1_HIIT_Mid,,
RCJD2014_20min_2,0.5467379460512563,
FSO2012_Ratio -/+ 3-MB-PP1 exp. wt2,0.5283295133398977,
HS2024_6_PD_T2,0.5280803766292703,
HS2024_5_B_T1,0.5363830933813699,
CW2012_10 µM Gef/control Experiment 2 Replicate A,,
DL2023_12h-3,,
SR2019_MDAMB231_Biol_repl_2,0.5291907161240637,
HS2024_3_B_T2,0.5116942806071771,
RB2022_6_PreStrength,,
CK2022_2 40-1,,
RB2022_1_PostSprint,,
CK2022_4 200-1,,
JW2021_Before_2,,
TM2022_S2.12h.A,,
MV2014_Ratio L/M normalized B2___2 (30 min),0.5280958191628455,
CK2022_5 16-1,,
AR2021_ALG 1 μM,0.5168981258876988,
HS2024_4_B_T1,0.5135629350458829,
MV2014_Ratio M/H normalized A3___1 (10 min),0.5250637800433395,
SR2019_BT549_Biol_repl_4,0.5343747838995491,
EJN2021_1_Rest_Basal,,
NJH2025_Sub8_MICT_Post,,
RCJD2014_5min_3,0.5205693991178312,
CR2017_Ratio Replicate 3.2,0.5638203497877405,
FSO2012_Ratio -/+ 3-MB-PP1 exp. as3a,0.5281699863859459,
GF2025_P7_Adh,0.5351289631102474,
CK2022_9 16-1,,
NJH2024_Sub6_HIIT_Post,,
AMK2021_30R_p3,,
AS2011_Ratio H/L Normalized RNAi_2,,
RM2024_Intensity D0-2___2,0.5257103457492389,
KS2014_Intensity pY_N4,,
CK2022_13 200-1,,
AS2011_Ratio H/L Normalized_2,,
PG2020_Intensity 6h_D,,
CK2022_16 16-1,,
FS2019_db/db3,,
CK2022_15 40-1,,
NJH2024_Sub9_MICT_Pre,,
BS2014_Log2(Ratio H/L unmodified peptide),,
WZ2023_Su_005_10min,0.527005650565117,
RM2009_Ratio M/L (M:15 min timepoint;L:0 min. timepoint),,
KBE2022_Log2_Ex_41_T,,
AMK2021_Ctrl_p1,,
AH2018_LFQ_IT_3_X,0.5238241364579085,
HS2024_5_PD_T3,0.5145781691296619,
AH2018_TMTMS3_3_X,0.530435562832437,
FSO2012_Ratio -/+ 3-MB-PP1 exp. as2,0.5242056811212202,
KBE2022_Log2_Ex_40_U,,
AH2018_LFQ_M_1_N,0.5176978974597631,
KBE2022_Log2_Ex_27_U,,
HW2015_Ratio M/L normalized Exp3,,
RKK2015_TNF-α/IKKb(K44M),,
AH2018_SILAC_M_1_N,0.5161574036931071,
HW2015_Ratio M/L normalized Exp1,,
RB2022_5_RecoveryStrength,,
YP2020_Intensity P10_R1_mult_log2,,
RB2022_7_PreStrength,,
YA2020_Reporter_intensity_Normal_No.4,0.5347331432404803,
NJH2025_Sub13_HIIT_Pre,,
PG2020_Intensity CT_D,,
NJH2025_Sub9_MICT_Post,,
VOI2024_Veh1 mono,0.5221462462365546,
CK2022_12 16-1,,
RN2012_L13,0.5017918662259895,
LG2023_Control-1_intensity,,
RM2024_Intensity D6-3___2,0.5208370741256543,
KBE2022_Log2_Ex_8_U,,
SR2019_SKBR3_Biol_repl_3,,
NJH2024_Sub1_MICT_Post,,
HS2024_3_I_T2,0.5251817989445953,
KTGR2014_Ratio M L Normalized Rep2_Rapamycin_0_15,,
RM2024_Intensity D0-3___3,0.5261072746260123,
HS2024_6_I_T2,0.5216675671536117,
CW2012_10 µM Erl/control Experiment 2 Replicate B,,
AS2011_Ratio H/L Protein Inhi_1,,
FSO2013_Ratio H/M normalized Rep2___1,0.5272370201564704,
GRW2016_Ratio M/L normalized SILAC 5a___2,,
CK2022_10 40-1,,
NJH2024_Sub12_HIIT_Pre,,
NJH2024_Sub8_MICT_Pre,,
RM2024_Intensity D0-1___1,0.5220226560173945,
LY2019_P3+,,
HH2022_Reporter intensity 6,0.5212895999467415,
RB2022_2_RecoveryStrength,,
KTGR2014_Ratio-AA 15 mins,,
AS2011_Ratio H/L Normalized RNAi_2_2,,
KS2014_Intensity pY_N3,,
MV2014_Ratio H/L normalized B1___2 (30 min),0.5249792251391622,
LY2019_P5-,,
HW2015_Ratio M/L normalized Exp2,,
SR2019_HCC1419_Biol_repl_1,,
AH2018_TMTMS2_3_X,0.532601756408489,
GF2025_P3_Adh,0.5207166107577921,
SR2019_JIMT1_Biol_repl_2,,
AH2018_TMTMS2_1_C,0.5347017859814815,
RM2024_Intensity D0-1___2,0.5259140522005985,
LY2019_P4+,,
KBE2022_Log2_Ex_19_U,,
CKC2017_log2 normalized phosphoproteomics_0min_rep#1,,
RB2022_4_PostStrength,,
LG2023_GSK3α-3_intensity,,
YA2020_Reporter_intensity_Cancer_No.1,0.5284117218489249,
AST2020_Control,,
JAW2011_Ratio H/L LS1a,,
RCJD2014_5min_mean,0.5229714145832474,
NJH2015_iTRAQ Subject 4 114/115 (Exercise/Basal) (normalized),,
NJH2025_Sub1_MICT_Mid,,
TM2022_S2.12h.C,,
NJH2025_Sub9_MICT_Mid,,
CKC2017_log2 normalized phosphoproteomics_120min_rep#2,,
AS2011_Ratio H/L Normalized Inhi_1_2,,
FSO2013_Ratio M/L normalized Rep2___1,0.5123828407073173,
LG2023_Control-2_intensity,,
NJH2024_Sub8_HIIT_Pre,,
KS2014_Intensity pY_N2,,
RB2022_5_RecoverySprint,,
RB2022_7_RecoverySprint,,
YA2020_Reporter_intensity_Normal_No.3,0.5323777488187149,
HS2024_8_B_T2,0.5356787147059313,
AH2018_LFQ_1_X,0.5136754276315211,
RM2024_Intensity D6-1___1,,
RCJD2014_10min_2,0.5380334330717896,
FR2021_Norm.Intensity.M,,
RM2024_Intensity D0-3___1,,
KS2014_Intensity N2,,
HH2022_Reporter intensity 1,0.5352730759052015,
HH2022_Reporter intensity 2,0.5315372138855204,
RM2024_Intensity D6-2___2,0.5203174121114303,
FSO2012_Ratio -/+ 3-MB-PP1 exp. as1,0.5315607502980786,
RM2024_Intensity D2-3___2,0.5244213195156077,
YA2020_Reporter_intensity_Normal_No.5,0.5337073003557293,
SR2019_MCF7_Biol_repl_1,,
FSO2012_Ratio -/+ 3-MB-PP1 exp. as1a,0.5314830197386644,
HS2024_8_B_T1,0.5187814623341198,
NJH2025_Sub6_HIIT_Pre,,
RNJ2017_Log2_ratio_Tsup:Tstim_D1,,
EP2017_Untreated R#2 log2 ratio,0.5491793000089257,
SR2019_LM2_Biol_repl_3,0.530302565743568,
RB2022_4_RecoveryStrength,,
CR2017_Ratio Replicate 2,0.528442170419445,
CW2012_10 µM Erl/control Experiment 2 Replicate A,,
FSO2013_Ratio H/M normalized Rep3,0.5205297976682007,
AR2021_KD 72h,0.5310778476050798,
MV2014_Ratio H/M normalized B2___3 (5 min),,
KBE2022_Log2_Ex_18_U,,
AS2011_Ratio H/L Inhi_1_1,,
NJH2024_Sub8_MICT_Post,,
AH2018_TMTMS3_3_C,0.533734907406087,
KBE2022_Log2_Ex_9_U,,
AH2018_SILAC_M_3_N,0.5204317889266795,
KBE2022_Log2_Ex_13_T,,
RM2024_Intensity D0-3,0.5234846498256777,
SR2019_SKBR3_Biol_repl_1,,
PG2020_Intensity Mock_10h_C,,
CF2017_OSE 29,0.5227252771136633,
YB2013_Ratio_H_L_Normalized_in_experiment_1,,
NJH2025_Sub1_HIIT_Post,,
DL2023_24h-2,0.520091090504159,
HS2024_7_B_N2,0.5225304850352859,
PG2020_Intensity 10h_A,,
RN2012_L12,0.5197662100540238,
MV2014_Ratio M/L normalized B1___3 (5 min),,
NJH2024_Sub8_MICT_Mid,,
AH2018_LFQ_IT_4_C,0.5177296810426384,
SAS2015_PLX/AZD_Exp1,0.518903023419567,
FR2021_Norm.Intensity.A,,
FSO2013_Ratio H/M normalized Rep1___1,0.5287693336661383,
JW2015_Intensity cap2,,
BS2014_Log2(Ratio H/L normalized Rep_2),,
NJH2024_Sub6_MICT_Post,,
CK2022_8 40-1,,
RB2022_7_RecoveryEndurance,,
NJH2025_Sub12_HIIT_Post,,
EJN2021_4_Ex_Basal,,
TM2022_S2.12h.B,,
RN2012_L15,0.5197731650950388,
KS2014_Intensity pY_PV3,,
TM2022_S2.4h.B,,
PG2020_Intensity 4h_A,,
FSO2013_Ratio H/M normalized Rep2___2,,
TM2022_mock.4h.B,,
KBE2022_Log2_Ex_24_U,,
NJH2025_Sub13_MICT_Mid,,
KS2014_Intensity C3,,
RB2022_1_PreSprint,,
HS2024_4_I_N1,0.5394103128402085,
CK2022_7 200-1,,
CK2022_5 200-1,,
CKC2017_log2 normalized phosphoproteomics_120min_rep#3,,
FSO2013_Ratio H/L normalized Rep2___1,0.5460272002169059,
NJH2024_Sub10_HIIT_Mid,,
RB2022_2_PostEndurance,,
AH2018_LFQ_2_C,,
AH2018_SILAC_MR_1_X,0.5155104668934488,
KTGR2014_Ratio H M Normalized Rep1_Rapamycin_0_15,,
IMM2018_normalised rep. int. Empty-2,0.5320287975897097,
RM2024_Intensity D4-1,0.5217181710147095,
KBE2022_Log2_Ex_25_U,,
AH2018_SILAC_3_C,0.517725892995505,
EJN2021_5_Rest_Ins,,
VOI2024_0.1uM 24 h_3 di,,
RNJ2017_Log2_ratio_Tstim:Trest_D3,,
DB2022_LFQ intensity L2.1,,
FSO2013_Ratio H/M normalized Rep1,0.5274445515903885,
CK2022_4 16-1,,
AS2011_Ratio H/L,,
SR2019_MCF7_Biol_repl_4,,
EJN2021_2_Ex_Ins,,
AS2011_Ratio H/L Inhi_2_3,,
JAW2011_Ratio H/L LS1a_1,,
AH2018_LFQ_1_N,0.5117349670206434,
SAS2015_PLX/DMSO_Exp1,0.5241730602543261,
SFR2015_HL_log2_ratio_avg_c,,
JJ2018_Ratio M/L normalized pP2,,0.15294842678634213
NJH2024_Sub7_MICT_Mid,,
PG2020_Intensity 6h_B,,
FSO2013_Ratio H/L normalized Rep3,0.5417574691912053,
GRW2016_Ratio H/L normalized SILAC 2___2,,
RKK2015_IKKb(K44M)+TNF-α/TNF-α,,
JJ2018_Ratio M/L normalized,,0.1479546049513722
KTGR2014_Ratio-AA 30 mins,,
JW2021_After_1,,
NJH2025_Sub2_MICT_Mid,,
HS2024_6_B_N2,0.5481664203551252,
KBE2022_Log2_Ex_9_T,,
AH2018_SILAC_IT_2_N,0.5204463163695058,
AH2018_SILAC_IT_1_X,0.5204152355209555,
HW2015_Ratio H/L normalized Exp3,,
HS2024_7_PD_T1,0.5186558074923935,
UK2020_UA_2,,
RM2024_Intensity D2-1___1,,
GF2025_P10_Sph,0.544536790589366,
WZ2023_Pe_025_20min,0.5316345528341336,
JVO2010_Log2 Ratio M/L Normalized aphidicolin,,
AH2018_LFQ_2_N,0.5192530818671691,
HS2024_4_I_N2,0.5308292668286004,
AH2018_TMTMS2_3_N,0.5321547139699738,
RN2012_H06,0.5362591154742918,
AS2011_Inhi 1_Ratio H/L normalized by corresponding protein level (H:TAL treatment; L: MA treatment),,
HS2024_4_PD_T3,0.5269318766940474,
WZ2023_Su_005_30min,0.5425532586758987,
SR2019_HCC1419_Biol_repl_4,,
JJ2018_Ratio H/M normalized___2,,0.19884894540665563
SR2019_JIMT1_Biol_repl_3,,
AS2011_Ratio H/L Protein,,
UK2020_HCM_3,,
NJH2024_Sub10_HIIT_Post,,
CR2017_Ratio Replicate 3.1,0.5215551109039525,
WZ2023_Su_025_10min,0.5254517167282607,
AH2018_LFQ_IT_4_X,0.5213755452824508,
CP2009_Ratio H/L,,
VOI2024_0.1uM 24 h_3 mono,0.524052862516693,
RB2022_4_RecoverySprint,,
RM2024_Intensity D6-3,0.5227245461330505,
WZ2023_Su_005_20min,0.5292055395686978,
CW2012_10 µM Gef/control Experiment 1 Replicate B,,
SFR2015_HL_log2_ratio_avg_a,,
CW2012_10 µM Erl/control Experiment 3 Replicate A,,
RB2022_1_PreEndurance,,
FSO2012_Ratio -/+ 3-MB-PP1 exp. wt3a,0.5399735600568734,
LG2023_GSK3α-2_intensity,,
EP2017_Pervanadate R#1 log2 ratio,0.5220385948234496,
NJH2025_Sub6_HIIT_Post,,
RB2022_6_RecoverySprint,,
KS2014_Intensity,,
MV2014_Ratio H/M normalized A2___1 (2 min),,
PG2020_Intensity 8h_D,,
LY2019_P7+,,
EP2017_Untreated R#1 normalized log2 ratio,0.5459621544598713,
RN2012_L10,,
PG2020_Intensity 4h_C,,
EP2017_Mitotic R#3 normalized log2 ratio,0.5218142453249903,
FSO2012_Ratio -/+ 3-MB-PP1 exp. as4,0.5476171867366716,
DB2022_LFQ intensity L1,,
KBE2022_Log2_Ex_24_T,,
RB2022_8_PostStrength,,
AH2018_SILAC_IT_2_X,0.5221647915786125,
HS2024_4_B_T3,0.5214970074706731,
NJH2024_Sub2_HIIT_Post,,
HS2024_8_B_N2,0.5447619130482172,
NJH2025_Sub8_HIIT_Pre,,
JJ2018_Ratio H/L normalized pP2___1,,
HS2024_8_I_T2,0.5377875167172576,
KBE2022_Log2_Ex_6_U,,
LATM2013_Normalized Log2 Ratio (Light/Medium) Reverse,0.5508940893890137,
CR2017_Ratio Replicate 1.1,0.535340926567119,
CKC2017_log2 normalized phosphoproteomics_30min_rep#1,,
MV2014_Ratio M/H normalized B3___2 (30 min),0.5218349814227266,
CK2022_16 200-1,,
VOI2024_0.1uM 2 h_3 di,,
EP2017_Mitotic R#1 normalized log2 ratio,0.5339737641035113,
GF2025_P9_Sph,0.5104710590027419,
CK2022_6 200-1,,
NJH2024_Sub7_MICT_Post,,
AH2018_TMTMS3_2_X,0.5343108132198949,
NJH2024_Sub8_HIIT_Post,,
DB2022_LFQ intensity R1,,
JW2015_Intensity cap3,,
SR2019_HCC1954_Biol_repl_1,0.5141062569124961,
HS2024_4_I_T2,0.5230888085804457,
NJH2024_Sub2_MICT_Mid,,
VOI2024_0.1uM 2 h_2 mono,0.5202938131627783,
CP2009_Ratio M/L Normalized (5 nM dasatinib vs Ctrl),,
FSO2012_Ratio -/+ 3-MB-PP1 exp. as3b,0.5561690111782521,
HS2024_4_PD_T1,0.5250706561746332,
SAS2015_AZD/DMSO_Exp1,0.5302053873363013,
NJH2024_Sub1_MICT_Mid,,
IMM2018_normalised rep. int. CDK5L-3,0.5349357596996182,
HS2024_3_B_T3,0.5168580193963807,
MV2014_Ratio L/H normalized A3___2 (2 min),0.5337462305393019,
NJH2025_Sub13_MICT_Pre,,
SR2019_MDAMB231_Biol_repl_3,0.5291706371428283,
GRW2016_Ratio H/L normalized SILAC 4___1,,
MM2018_Ratio H/L replicate1,,
PG2020_Intensity 2h_D,,
EP2017_Untreated R#3 normalized log2 ratio,0.5109477043339347,
MV2014_Ratio M/H normalized A3___3 (10 min),,
NJH2024_Sub7_HIIT_Pre,,
JAW2011_Ratio H/L LS2,,
CK2022_8 200-1,,
KS2014_Intensity pY_C4,,
CR2017_Ratio Replicate 3.5,0.5497602704896144,
RB2022_7_PostEndurance,,
NJH2025_Sub4_HIIT_Pre,,
CKC2017_log2 normalized phosphoproteomics_90min_rep#3,,
TM2022_mock.12h.A,,
JJ2018_Ratio H/L normalized pP1,,
EP2017_Pervanadate R#2 normalized log2 ratio,0.5356660367234212,
AS2011_Ratio H/L Normalized by Protein (Unnormalized),,
KS2014_Intensity pY_E5_4,,
RM2024_Intensity D4-3___2,0.5203293395161167,
CKC2017_log2 normalized phosphoproteomics_15min_rep#1,,
AH2018_SILAC_2_C,0.5218574484672877,
AS2011_RNAi 2_Ratio H/L normalized by corresponding protein level (H: shPlk1; L: shEg5),,
HS2024_7_I_N1,0.5329220334911517,
KBE2022_Log2_Ex_29_T,,
HS2024_7_I_T2,0.5213391842316909,
AS2011_Ratio H/L Normalized RNAi_2_3,,
CW2012_10 µM Gef/control Experiment 3 Replicate B,,
HS2024_6_B_T2,0.5057391356065023,
AMK2021_45I_p5,,
CW2012_10 µM Erl/control Experiment 1 Replicate A,,
SAS2015_PLX/DMSO_Exp2,0.5241660292616099,
EJN2021_1_Ex_Basal,,
FR2021_Intensity.M,,
RB2022_2_PostSprint,,
AH2018_SILAC_MR_3_N,0.515589671016654,
MV2014_Ratio H/L normalized B1___3 (30 min),,
CF2017_FTE 13,0.523789818072751,
PG2020_Intensity CT_C,,
ZCP2016_Ratio H/L Rep 1,,
FS2019_db/db2,,
KS2014_Intensity pY_PV4,,
KBE2022_Log2_Ex_39_U,,
EP2017_Untreated R#3 log2 ratio,0.5118124356327183,
RB2022_2_PostStrength,,
AS2011_Ratio H/L Normalized_1,,
MV2014_Ratio M/H normalized A3___2 (10 min),0.5362650021645023,
CR2017_Ratio Replicate 3.4,0.5510604537917307,
HS2024_8_PD_T2,0.5219025920282541,
FS2019_Ctr2,,
RB2022_6_PreEndurance,,
FR2021_Norm.Intensity.G,,
NJH2025_Sub9_HIIT_Post,,
CKC2017_log2 normalized phosphoproteomics_0min_rep#3,,
RM2024_Intensity D4-3,0.5220038095146673,
HS2024_8_B_N1,0.5417424506364955,
NJH2025_Sub10_MICT_Mid,,
KBE2022_Log2_Ex_15_U,,
AS2011_Ratio H/L Normalized Inhi_2,,
RKK2015_TNF-α/SC-514,,
RB2022_3_PreSprint,,
CR2017_Ratio Replicate 2.3,0.5717885524977471,
RM2009_Ratio M/L Normalized by Corresponding Protein Level (M:15 min timepoint;L:0 min. timepoint),,
CP2009_Ratio H/L Normalized (50 nM dasatinib vs Ctrl),,
GF2025_P4_Adh,0.5366808924794325,
YA2020_Reporter_intensity_Normal_No.2,0.5330654900699133,
YP2020_Intensity P30_R2_mult_log2,,
NJH2025_Sub13_MICT_Post,,
HS2024_4_B_N2,0.5393151916426773,
HS2024_3_PD_T3,0.520243840357851,
AMK2021_120R_p3,,
MV2014_Ratio L/H normalized A3___3 (2 min),,
NJH2025_Sub10_HIIT_Pre,,
FR2021_Intensity.G,,
RAM2015_Log2 C,0.5571331876225867,
AS2011_Ratio H/L Proteins Inhi_1,,
FSO2013_Ratio H/M normalized Rep1___3,,
AH2018_LFQ_M_2_N,0.5224069884649059,
MV2014_Ratio M/L normalized A1___3 (2 min),,
KBE2022_Log2_Ex_40_T,,
CK2022_2 16-1,,
RAM2015_Log2 B,0.5132533250773671,
YP2020_Intensity C10_R1_mult_log2,,
FSO2013_Ratio M/L normalized Rep1___2,,
NJH2025_Sub8_MICT_Pre,,
EJN2021_4_Rest_Basal,,
YB2013_Ratio_H_L_Normalized_in_experiment_2,,
JJ2018_Ratio H/M normalized pP3___1,,
VOI2024_Veh2 mono,0.523965421515934,
HS2024_6_B_T1,0.498758547358476,
UK2020_HCM_5,,
NJH2025_Sub10_HIIT_Post,,
VOI2024_0.1uM 2 h_3 mono,0.52047094288503,
JW2015_Intensity pre3,,
AS2011_Ratio H/L Normalized Inhi_2_1,,
DL2023_24h-3,,
HS2024_7_PD_T3,0.5251196122960488,
PG2020_Intensity Mock_10h_B,,
WZ2023_Su_025_30min,0.5322571263030776,
AH2018_LFQ_4_N,,
CR2017_Ratio Replicate 1.2,0.5135990962350464,
AS2011_Ratio H/L Normalized by Proteins,,
RB2022_6_RecoveryStrength,,
HS2024_8_I_N1,0.5403046731079261,
AMK2021_Ctrl_p3,,
AS2011_Ratio H/L Protein Inhi_2,,
HH2022_Reporter intensity 7,0.5189825095496468,
AH2018_SILAC_M_1_X,0.5171332223705957,
RB2022_7_PreEndurance,,
VOI2024_0.1uM 24 h_2 di,,
DL2023_control-2,0.5209040859019037,
LY2019_P6+,,
DB2022_LFQ intensity R2,,
GF2025_P6_Adh,0.5390589186171187,
VOI2024_Veh1 di,,
AS2011_Ratio H/L RNAi_2,,
FSO2012_Ratio -/+ 3-MB-PP1 exp. as3,0.5527931899527565,
VOI2024_Veh3 mono,0.5187958408952751,
HS2024_5_I_T2,0.5467540077677364,
NJH2025_Sub7_HIIT_Mid,,
MV2014_Ratio H/L normalized B1___1 (30 min),0.523917123247471,
RM2009_Ratio H/L (H:60 min timepoint;L:0 min. timepoint),,
RB2022_6_PostSprint,,
KTGR2014_Ratio H L Normalized Rep2_Rapamycin_0_15,,
AS2011_Ratio H/L Inhi_1,,
AS2011_Ratio H/L Normalized RNAi_1_2,,
AH2018_TMTMS3_2_C,0.5338301188752962,
SR2019_Hs578T_Biol_repl_4,0.5251005138251885,
RB2022_8_PreStrength,,
KS2014_Intensity C5,,
RM2024_Intensity D0-1,0.5277149314820163,
CW2012_10 µM Gef/control Experiment 3 Replicate A,,
YP2020_Intensity P30_R1_mult_log2,,
NJH2025_Sub2_HIIT_Pre,,
RB2022_3_RecoveryEndurance,,
RNJ2017_Log2_ratio_Tstim:Trest_D2,,
GF2025_P9_Adh,0.5192224238039584,
RB2022_3_PostStrength,,
TM2022_S2.8h.A,,
AS2011_Ratio H/L RNAi_1_1,,
AS2011_Ratio H/L Normalized by Proteins RNAi_2,,
FSO2012_Ratio -/+ 3-MB-PP1 exp. wt1,0.5405547455370654,
AS2011_Ratio H/L Normalized by Protein Inhi_1,,
NJH2025_Sub2_MICT_Pre,,
MV2014_Ratio L/M normalized A2___3 (10 min),,
MV2014_Ratio H/M normalized A2___3 (2 min),,
HS2024_4_B_T2,0.5126975715763308,
SR2019_BT549_Biol_repl_1,0.5336630367646588,
AH2018_LFQ_M_4_N,0.5187718635207833,
NJH2024_Sub8_HIIT_Mid,,
PG2020_Intensity 8h_B,,
AH2018_LFQ_2_X,,
PG2020_Intensity 2h_B,,
AS2011_Ratio H/L Proteins RNAi_1,,
RB2022_4_PostSprint,,
KS2014_Intensity E15_3,,
GF2025_P3_Sph,0.5256451691320659,
DB2022_LFQ intensity L2,,
MV2014_Ratio H/L normalized A1___1 (10 min),0.5310539963832747,
AH2018_SILAC_1_C,0.5207072066327438,
NJH2024_Sub1_HIIT_Pre,,
FSO2013_Ratio M/L normalized Rep2___2,,
NJH2015_TMT Subject 4 130_N/129_C (Exercise/Basal) (normalized),,
AS2011_Ratio H/L RNAi_2_3,,
AH2018_SILAC_IT_1_N,0.5168414517062616,
KTGR2014_Ratio H M Normalized Rep2_AA_starvation_0_15,,
RB2022_4_PreEndurance,,
JJ2018_Ratio M/L normalized pP1,,0.11727115111505633
CR2017_Ratio Replicate 2.4,0.5157813909104757,
ZQ2022_N1,0.5339979726049008,
LY2019_P6-,,
RM2024_Intensity D2-3,0.5270163964624277,
UK2020_HCM_1,,
JW2015_Intensity pre2,,
KTGR2014_Ratio M L Normalized Rep1_AA_starvation_0_15,,
RM2024_Intensity D2-1,0.5278743912652676,
NJH2025_Sub12_MICT_Post,,
MV2014_Ratio H/M normalized B2___2 (5 min),0.5367718892293843,
RN2012_L14,0.5396608181989025,
AH2018_LFQ_3_N,,
RKK2015_TNF-α/IKKb,,
SFR2015_HL_log2_ratio_std_b,,
UK2020_UA_1,,
KBE2022_Log2_Ex_13_U,,
AS2011_Ratio H/L Normalized Inhi_1,,
RNJ2017_Log2_ratio_Tsup:Trest_D2,,
RB2022_1_RecoverySprint,,
CKC2017_log2 normalized phosphoproteomics_120min_rep#1,,
JJ2018_Ratio H/L normalized pP3,,0.11273993317673547
CK2022_7 40-1,,
AS2011_Ratio H/L Inhi_1_3,,
NJH2025_Sub10_HIIT_Mid,,
KTGR2014_Ratio H L Normalized Rep2_AA_starvation_0_15,,
JAW2011_Ratio H/L LS1b_1,,
PG2020_Intensity 4h_B,,
SR2019_BT549_Biol_repl_2,0.5347391649598816,
RM2024_Intensity D4-2,0.5180968214794263,
DB2022_LFQ intensity R2.2,,
JJ2018_Ratio H/L normalized,,0.12024470807484233
RB2022_5_PostEndurance,,
HS2024_5_PD_T2,0.5407857266520485,
WZ2023_Su_025_20min,0.5287247512321397,
RM2024_Intensity D2-2___1,,
IMM2018_normalised rep. int. CDK5L-2,0.5332396038264559,
LY2019_P8-,,
JVO2010_Ratio H/M Normalized by Protein ThymON - Log2 G2,,
CKC2017_log2 normalized phosphoproteomics_15min_rep#3,,
FSO2013_Ratio H/L normalized Rep1,0.5303623798432636,
NJH2024_Sub2_HIIT_Pre,,
CKC2017_log2 normalized phosphoproteomics_60min_rep#2,,
CK2022_13 40-1,,
FSO2012_Ratio -/+ 3-MB-PP1 exp. wt4a,0.5304424823303121,
RN2012_H02,,
PG2020_Intensity 10h_D,,
RB2022_8_PreEndurance,,
HS2024_3_B_N2,0.5348752853998442,
EJN2021_4_Ex_Ins,,
AS2011_Ratio H/L Normalized by Protein,,
EJN2021_1_Ex_Ins,,
EP2017_Pervanadate R#3 log2 ratio,0.5199371571328777,
FSO2013_Ratio M/L normalized Rep1___3,,
NJH2025_Sub4_HIIT_Mid,,
RCJD2014_5min_2,0.5390965519635248,
RB2022_6_PostStrength,,
AH2018_SILAC_MR_3_C,0.510756276315182,
AH2018_LFQ_M_4_C,0.5200388776055322,
NJH2024_Sub4_MICT_Pre,,
AS2011_Ratio H/L Normalized Inhi_1_1,,
DL2023_12h-1,,
MV2014_Ratio L/M normalized B2___1 (30 min),0.5305296835786375,
DB2022_LFQ intensity L1.1,,
NJH2025_Sub6_MICT_Pre,,
NJH2025_Sub6_MICT_Post,,
CKC2017_log2 normalized phosphoproteomics_60min_rep#3,,
RN2012_H04,0.5324705084592892,
CK2022_6 40-1,,
DB2022_LFQ intensity R2.1,,
KBE2022_Log2_Ex_42_U,,
LY2019_P3-,,
FR2021_Intensity.A,,
EJN2021_3_Ex_Ins,,
MV2014_Ratio M/L normalized A1___1 (2 min),0.5312703104031492,
WZ2023_Pe_005_30min,0.5303859348133474,
HS2024_8_PD_T3,0.5331404652681219,
EJN2021_3_Ex_Basal,,
AST2020_Control.1,,
JW2015_Intensity cap1,,
PG2020_Intensity CT_A,,
FS2019_Ctr3,,
WZ2023_Pu_025_20min,0.5317580026464196,
NJH2025_Sub4_MICT_Post,,
JVO2010_Ratio H/M Normalized by Protein Noco3h - Log2 Late S,,
GF2025_P10_Adh,0.5279427364890946,
RB2022_1_RecoveryStrength,,
SR2019_HCC1954_Biol_repl_4,,
FR2021_Norm.Intensity.N,,
HS2024_5_B_N1,0.5535695906717779,
FSO2013_Ratio H/M normalized Rep3___3,,
AH2018_TMTMS2_2_C,0.5351668483027696,
RB2022_4_PreSprint,,
DB2022_Intensity R2,,
AH2018_TMTMS2_Pool,0.5310925305546116,
HS2024_8_I_N2,0.5422410877805746,
RB2022_3_RecoveryStrength,,
NJH2024_Sub6_HIIT_Mid,,
AH2018_SILAC_M_1_C,0.5155832322734186,
LY2019_P8+,,
RB2022_2_RecoveryEndurance,,
JJ2018_Ratio H/M normalized pP2___1,,
JAW2011_Ratio H/L HS_1,,
RB2022_3_PostEndurance,,
KS2014_Intensity pY_PV1,,
JAW2011_Ratio H/L LS1b_2,,
SR2019_MCF7_Biol_repl_2,,
NJH2015_TMT Subject 2 128_N/127_C (Exercise/Basal) (normalized),,
AS2011_Ratio H/L Normalized RNAi_1_1,,
AH2018_LFQ_M_4_X,0.5194506056020421,
NJH2024_Sub6_MICT_Pre,,
JJ2018_Ratio M/L normalized pP1___2,,0.18732291720104324
YP2020_Intensity C30_R2_mult_log2,,
NJH2024_Sub9_HIIT_Pre,,
AS2011_Ratio H/L Normalized Inhi_2_3,,
RM2024_Intensity D0-1___3,,
FSO2012_Ratio -/+ 3-MB-PP1 exp. wt3,0.5533229933236895,
KBE2022_Log2_Ex_28_U,,
GRW2016_Ratio H/L normalized SILAC 1___1,,
CF2017_FTE 17,0.5230113673571636,
LY2019_P2-,,
AH2018_LFQ_IT_1_X,0.5224447789060747,
JJ2018_Ratio H/L normalized pP3___1,,
RB2022_8_RecoveryStrength,,
WZ2023_Pe_005_20min,0.5341340911165487,
AST2020_Control.2,,
NJH2025_Sub6_MICT_Mid,,
RCJD2014_10min_1,0.5199848809999444,
FSO2013_Ratio H/L normalized Rep2___3,,
JVO2010_Ratio M/L Normalized by Protein Noco3h - Log2 G1,,
HS2024_3_I_T1,0.5295854294234709,
FSO2012_Ratio -/+ 3-MB-PP1 exp. as2a,0.5148184991833041,
CK2022_4 40-1,,
SR2019_MCF10A_Biol_repl_4,,
KS2014_Intensity pY_C5,,
NJH2025_Sub4_MICT_Pre,,
NJH2024_Sub9_MICT_Post,,
CF2017_OSE 28,,
HS2024_5_B_T2,0.5401871391006569,
HS2024_6_I_T1,0.5138417909812876,
HS2024_5_B_T3,0.5112959333556835,
JJ2018_Ratio H/M normalized pP1___1,,
KBE2022_Log2_Ex_36_U,,
AH2018_TMTMS3_3_N,0.532683281564909,
SR2019_HCC1419_Biol_repl_2,,
FR2021_Intensity.N,,
AS2011_Ratio H/L Inhi_2_1,,
AH2018_SILAC_MR_1_C,0.5140189585268476,
NJH2024_Sub1_HIIT_Mid,,
NJH2025_Sub8_HIIT_Mid,,
EP2017_Mitotic R#3 log2 ratio,0.5237337586265134,
KBE2022_Log2_Ex_36_T,,
NJH2025_Sub6_HIIT_Mid,,
WZ2023_Pu_005_30min,0.5306143249772888,
KS2014_Intensity C2,,
FSO2013_Ratio H/L normalized Rep1___2,,
RM2024_Intensity D2-2,0.5205259998321966,
KBE2022_Log2_Ex_42_T,,
CK2022_9 200-1,,
GRW2016_Ratio H/L normalized SILAC 2___1,,
JJ2018_Ratio H/M normalized pP3___2,,0.15562921082739314
DB2022_LFQ intensity R1.1,,
CK2022_10 200-1,,
NJH2024_Sub9_MICT_Mid,,
JAW2011_Ratio H/L_2,,
HS2024_7_I_N2,0.5132890123214311,
RBK2021_1332T Late,,
LY2019_P1-,,
RKK2015_TNF-α/basal.1,,
RKK2015_TNF-α/TNF-α+SC-514,,
CR2017_Ratio Replicate 2.5,0.5359356197563977,
HS2024_3_I_T3,0.5263335638463377,
CKC2017_log2 normalized phosphoproteomics_90min_rep#2,,
AS2011_Ratio H/L Normalized RNAi_1,,
KS2014_Intensity E15_4,,
ZQ2022_C3,0.5154497063755547,
EJN2021_3_Rest_Ins,,
YP2020_Intensity P10_R2_mult_log2,,
MV2014_Ratio H/L normalized A1___3 (10 min),,
NJH2025_Sub1_MICT_Pre,,
KBE2022_Log2_Ex_39_T,,
FSO2013_Ratio H/M normalized Rep3___2,,
RM2024_Intensity D6-2,0.522304790102467,
EP2017_Untreated R#1 log2 ratio,0.5467208671549775,
RKK2015_SC-514/basal,,
RM2024_Intensity D6-1___3,0.5225224449725469,
WZ2023_Pu_010_10min,0.524148674894194,
NJH2025_Sub9_HIIT_Mid,,
SR2019_SKBR3_Biol_repl_4,,
HS2024_5_I_T3,0.5331478066425991,
KS2014_Intensity N1,,
NJH2024_Sub12_MICT_Post,,
TM2022_S2.8h.C,,
CR2017_Ratio Replicate 1,0.5432231315566473,
AS2011_RNAi 1_Ratio H/L normalized by corresponding protein level (H: shPlk1; L: shEg5),,
CKC2017_log2 normalized phosphoproteomics_30min_rep#3,,
JJ2018_Ratio H/M normalized pP3,,0.1963943091213202
AH2018_SILAC_MR_2_C,0.5131358654712233,
LATM2013_Log2 Ratio (Medium/Light) Forward,0.548301932054708,
PG2020_Intensity 2h_A,,
NJH2024_Sub6_MICT_Mid,,
NJH2025_Sub13_HIIT_Post,,
AH2018_SILAC_MR_3_X,0.5190412278051822,
JJ2018_Ratio H/M normalized___1,,
RCJD2014_15min_2,0.5351098755534448,
AS2011_Ratio H/L_2,,
AS2011_Ratio H/L Normalized,,
RN2012_H03,0.529848799224164,
HS2024_5_B_N2,0.5195829622538762,
HS2024_5_I_N1,0.5230364168353437,
HS2024_6_I_N1,0.5227004066668168,
AR2021_KD 48h,0.5131699413951253,
FR2021_Intensity.B,,
RB2022_3_PreEndurance,,
HS2024_5_I_T1,0.5156112743855725,
NJH2024_Sub10_MICT_Pre,,
SR2019_LM2_Biol_repl_2,0.5298856597769553,
AST2020_anti-CD3,,
SR2019_MDAMB231_Biol_repl_1,0.5290259388256383,
RM2024_Intensity D2-3___3,,
WZ2023_Pe_005_10min,0.5369176232502987,
KBE2022_Log2_Ex_29_U,,
HS2024_7_B_T1,0.5262247204781074,
AH2018_LFQ_M_2_X,,
AH2018_LFQ_IT_4_N,0.5198768287555459,
CK2022_15 200-1,,
RM2024_Intensity D4-1___2,0.521172303413422,
JJ2018_Ratio H/M normalized,,0.17642563814882206
JJ2018_Ratio M/L normalized pP3___1,,
KBE2022_Log2_Ex_34_T,,
CKC2017_log2 normalized phosphoproteomics_0min_rep#2,,
LY2019_P2+,,
LATM2013_Log2 Ratio (Light/Medium) Reverse,0.5510098879253439,
CK2022_2 200-1,,
AS2011_Ratio H/L Protein RNAi_2,,
MV2014_Ratio L/H normalized A3___1 (2 min),,
WZ2023_Su_010_30min,0.5241972594721818,
RN2012_H01,,
KTGR2014_Ratio-Rapa 2 mins,,
EJN2021_2_Rest_Basal,,
KS2014_Intensity pY_E5_3,,
MM2018_Ratio H/L replicate 3,,
EP2017_Pervanadate R#1 normalized log2 ratio,0.5203502915566325,
HS2024_8_B_T3,0.5145997388644341,
YA2020_Reporter_intensity_Cancer_No.3,0.5345150244504151,
KBE2022_Log2_Ex_44_U,,
WZ2023_Pe_010_20min,0.5403664850661802,
KS2014_Intensity pY_C6,,
AS2011_Ratio H/L Normalized_3,,
RCJD2014_15min_mean,0.5303220127544478,
RB2022_3_PreStrength,,
NJH2015_iTRAQ Subject 3 116/117 (Exercise/Basal) (normalized),,
RCJD2014_10min_mean,0.5270429304940045,
KS2014_Intensity C1,,
FSO2013_Ratio H/M normalized Rep3___1,0.5207073049658135,
AH2018_SILAC_M_3_C,0.518523862497766,
RKK2015_TNF-α+IKKb/TNF-α,,
RM2024_Intensity D0-3___2,0.5269208860473661,
FSO2012_Ratio -/+ 3-MB-PP1 exp. wt2a,0.5348204507485277,
AH2018_SILAC_M_2_C,0.5223747136850477,
AH2018_SILAC_M_2_X,0.5236030463661109,
KTGR2014_Ratio-Rapa 15 mins,,
RM2024_Intensity D4-2___1,,
KBE2022_Log2_Ex_15_T,,
VOI2024_0.1uM 24 h_1 di,,
WZ2023_Su_010_10min,0.5270711083153331,
PG2020_Intensity 6h_C,,
JVO2010_Ratio M/L Normalized by Protein Noco45 - Log2 mitosis,,
JJ2018_Ratio M/L normalized pP1___1,,
AH2018_LFQ_M_3_N,0.520720236776602,
VOI2024_0.1uM 24 h_2 mono,0.5248970824799519,
AH2018_TMTMS2_3_C,0.5330767629535381,
CK2022_15 16-1,,
CK2022_3 16-1,,
LY2019_P4-,,
FSO2013_Ratio H/L normalized Rep3___2,,
KS2014_Intensity pY_PV2,,
HS2024_3_I_N2,0.5295420826200302,
GF2025_P8_Adh,0.52721529731022,
YC2018_Log2(SKBR3-LR/SKBR3)_Rep.2-2,,
GF2025_P5_Sph,0.5187353967754176,
CK2022_10 16-1,,
KTGR2014_Ratio H L Normalized Rep1_AA_starvation_0_15,,
VOI2024_0.1uM 2 h_2 di,,
NJH2015_TMT Pool 131/130_C (Exercise/Basal) (normalized),,
NJH2024_Sub2_HIIT_Mid,,
AMK2021_45I_p3,,
NJH2024_Sub13_HIIT_Mid,,
DB2022_LFQ intensity R1.2,,
DB2022_Intensity R1,,
NJH2024_Sub12_MICT_Mid,,
KTGR2014_Ratio M L Normalized Rep1_Rapamycin_0_15,,
UK2020_HCM_4,,
SAS2015_AZD/DMSO_Exp2,0.5248198731266357,
IMM2018_normalised rep. int. CDK5L-1,0.5362634156846373,
DB2022_LFQ intensity L2.2,,
KTGR2014_Ratio H M Normalized Rep1_AA_starvation_0_15,,
EP2017_Mitotic R#1 log2 ratio,0.5338111198721257,
EJN2021_2_Ex_Basal,,
RM2009_Ratio H/L Normalized by Corresponding Protein Level (H:60 min timepoint;L:0 min. timepoint),,
KTGR2014_Ratio-Rapa 30 mins,,
CKC2017_log2 normalized phosphoproteomics_90min_rep#1,,
CF2017_FTE 16,0.5286945311550699,
AR2021_L41 10 μM,0.5157247373260967,
CF2017_EOC 2,0.5103468994646699,
RB2022_6_PostEndurance,,
AH2018_SILAC_1_N,0.5231386815198328,
NJH2024_Sub10_HIIT_Pre,,
AS2011_Ratio H/L Inhi_1_2,,
UK2020_HCM_6,,
RB2022_7_PreSprint,,
NJH2024_Sub2_MICT_Pre,,
HS2024_3_PD_T2,0.5201014057342352,
CK2022_6 16-1,,
ZX2022_CB treated Replicate 1,,
BS2014_Log2(Ratio H/L normalized Rep_3),,
TM2022_mock.12h.C,,
GRW2016_Ratio M/L normalized SILAC 5a___1,,
HH2022_Reporter intensity 0,0.5340422232179851,
RM2024_Intensity D2-2___2,0.5286182863512667,
JC2019_Normalised_intensity_B_TiOx_Testis_sample_URO0126,0.5220690743489321,
RB2022_1_PreStrength,,
JJ2018_Ratio H/M normalized pP2___2,,0.18963116251648118
AH2018_TMTMS2_2_X,0.5341016406085561,
AR2021_L41 1 μM,0.5184849790980207,
JJ2018_Ratio H/M normalized pP1___2,,
AH2018_TMTMS2_1_N,0.5342989663453451,
NJH2025_Sub10_MICT_Pre,,
JVO2010_Ratio H/M Normalized by Protein Noco45 - Log2 early S,,
ZX2022_Control Replicate 3,,
KS2014_Intensity C4,,
AS2011_Ratio H/L Inhi_2,,
KBE2022_Log2_Ex_18_T,,
NJH2025_Sub9_MICT_Pre,,
RCJD2014_20min_1,0.5270742688209346,
MV2014_Ratio H/M normalized B2___1 (5 min),0.5295341308834693,
FSO2013_Ratio M/L normalized Rep2___3,,
JC2019_Normalised_intensity_C_TiOx_Testis_sample_URO0158,0.529495572947579,
SR2019_MCF10A_Biol_repl_3,,
HS2024_7_B_T2,0.5301021943767993,
SAS2015_PLX/DMSO_Exp3,0.5257852102303818,
AMK2021_Ctrl_p5,,
NJH2025_Sub2_HIIT_Mid,,
AH2018_LFQ_M_3_C,0.5206851738213856,
CKC2017_log2 normalized phosphoproteomics_15min_rep#2,,
YA2020_Reporter_intensity_Cancer_No.2,0.5314220378531463,
FSO2013_Ratio H/M normalized Rep2___3,,
RB2022_8_PreSprint,,
AH2018_SILAC_IT_3_C,0.5223819032892901,
WZ2023_Pu_025_10min,0.5355712496363664,
RM2024_Intensity D2-2___3,,
AS2011_Ratio H/L_1,,
RCJD2014_10min_3,0.5231411755222305,
FSO2013_Ratio M/L normalized Rep3___1,0.5189056456682769,
SR2019_JIMT1_Biol_repl_4,,
YP2020_Intensity C10_R2_mult_log2,,
ZCP2016_Ratio H/L Rep 2,,
CF2017_EOC 4,0.5174916845166851,
JJ2018_Ratio H/L normalized pP1___1,,
WZ2023_Pe_010_30min,0.5323987577332382,
MV2014_Ratio L/M normalized B2___3 (30 min),,
AH2018_LFQ_IT_3_N,0.5239286161362656,
KS2014_Intensity C6,,
ZQ2022_N3,0.5456988490839162,
HW2015_Ratio H/L normalized Exp1,,
CK2022_12 40-1,,
NJH2024_Sub7_MICT_Pre,,
ZX2022_Control Replicate 1,,
JJ2018_Ratio H/M normalized pP1,,
CK2022_16 40-1,,
AH2018_SILAC_IT_2_C,0.5217176842574233,
CK2022_5 40-1,,
AH2018_LFQ_3_X,0.5095070086195095,
UK2020_UA_3,,
LY2019_P7-,,
GF2025_P5_Adh,0.5245930949986625,
RB2022_1_PostStrength,,
JAW2011_Ratio H/L LS1b,,
FSO2013_Ratio H/L normalized Rep3___1,0.5422686573751252,
SR2019_HCC1954_Biol_repl_3,0.5237431317638276,
CR2017_Ratio Replicate 2.2,0.5386763328091105,
VOI2024_0.1uM 2 h_1 mono,0.5229550622836501,
MV2014_Ratio L/M normalized A2___1 (10 min),0.5282252162248369,
RNJ2017_Log2_ratio_Tsup:Tstim_D3,,
CK2022_11 16-1,,
ZQ2022_C1,0.5216689208079324,
CR2017_Ratio Replicate 2.1,0.5321012580143071,
PG2020_Intensity CT_B,,
JJ2018_Ratio M/L normalized___2,,0.17144239493620364
AH2018_SILAC_MR_1_N,0.5131448807367375,
KS2014_Intensity pY_E5_1,,
JW2021_Before_3,,
NJH2015_iTRAQ Subject 2 117/116 (Exercise/Basal) (normalized),,
MV2014_Ratio M/H normalized B3___3 (30 min),,
FS2019_db/db1,,
NJH2025_Sub9_HIIT_Pre,,
JAW2011_Ratio H/L_1,,
RCJD2014_20min_3,0.5178898451799515,
AH2018_LFQ_3_C,0.5166606282560321,
JJ2018_Ratio M/L normalized pP3___2,,0.21029865895273891
AMK2021_45I_p1,,
NJH2025_Sub8_HIIT_Post,,
AH2018_LFQ_M_3_X,0.5172106259869164,
YA2020_Reporter_intensity_Cancer_No.4,0.5343071445515378,
KS2014_Intensity pY_E5_2,,
FSO2013_Ratio H/L normalized Rep1___3,,
GF2025_P4_Sph,0.5359677507717983,
RB2022_2_PreEndurance,,
JW2021_Before_1,,
KBE2022_Log2_Ex_25_T,,
AS2011_Ratio H/L Normalized by Proteins Inhi_2,,
MV2014_Ratio L/M normalized A2___2 (10 min),0.5230871341409372,
JJ2018_Ratio M/L normalized___1,,
FR2021_Intensity.H,,
CK2022_14 16-1,,
AST2020_anti-CD3+PDL2,,
MV2014_Ratio M/L normalized B1___1 (5 min),,
KBE2022_Log2_Ex_19_T,,
KS2014_Intensity pY_N1,,
RB2022_1_RecoveryEndurance,,
FSO2013_Ratio H/M normalized Rep1___2,,
HS2024_8_I_T1,0.5413316222585326,
NJH2015_iTRAQ Subject 1 115/114 (Exercise/Basal) (normalized),,
EP2017_Mitotic R#2 log2 ratio,0.530897937780527,
AH2018_TMTMS2_1_X,0.5346791477107357,
KTGR2014_Ratio M L Normalized Rep2_AA_starvation_0_15,,
ZCP2016_Ratio H/L Rep 3,,
AS2011_Ratio H/L Normalized RNAi_1_3,,
SR2019_MCF10A_Biol_repl_1,,
NJH2025_Sub8_MICT_Mid,,
EJN2021_5_Ex_Ins,,
HS2024_6_I_N2,0.5527505777527558,
HH2022_Reporter intensity 4,0.5252275887387354,
RBK2021_1326T Late,,
TM2022_mock.12h.B,,
NJH2024_Sub12_MICT_Pre,,
RCJD2014_15min_3,0.5129840596640174,
MV2014_Ratio L/H normalized B3___2 (5 min),0.5350883150911269,
LG2023_Control-3_intensity,,
JJ2018_Ratio H/L normalized pP3___2,,0.15562921082739314
CF2017_FTE 15,0.5242144911761332,
HS2024_4_I_T3,0.5167053758947182,
AH2018_SILAC_1_X,0.5224420052854315,
PG2020_Intensity 10h_B,,
AH2018_TMTMS3_1_X,0.5354251665711286,
CF2017_FTE 14,0.523914591773018,
NJH2024_Sub13_HIIT_Post,,
RM2024_Intensity D6-3___3,0.5210085335761383,
NJH2025_Sub7_HIIT_Pre,,
RBK2021_1259T Early,,
RKK2015_IKK+TNF-α/IKKb,,
FSO2012_Ratio -/+ 3-MB-PP1 exp. as1b,,
PG2020_Intensity 6h_A,,
SR2019_HCC1419_Biol_repl_3,,
KBE2022_Log2_Ex_14_T,,
EP2017_Untreated R#2 normalized log2 ratio,0.5482752574929672,
RM2024_Intensity D0-2___1,,
DB2022_Intensity L1,,
LY2019_P5+,,
HS2024_5_I_N2,0.5316757400780213,
SAS2015_PLX/AZD_Exp3,0.5229229240101508,
EP2017_Pervanadate R#2 log2 ratio,0.5376160430712765,
AS2011_Ratio H/L Normalized RNAi_2_1,,
