DatasetName,IMUP_S(29) IMUP_S(78),IMUP_S(103) IMUP_S(147) IMUP_S(37) IMUP_S(73)
RM2024_Intensity D4-1___3,,
RB2022_4_PostEndurance,,
FSO2013_Ratio M/L normalized Rep3,0.5891823295729451,0.5038353974054901
SR2019_MCF7_Biol_repl_3,,
RKK2015_IKKb(K44M)+TNF-α/IKKb(K44M),,
SR2019_LM2_Biol_repl_1,,
RCJD2014_15min_1,0.5783163286337731,
AS2011_Ratio H/L Normalized by Proteins Inhi_1,,
CK2022_7 16-1,,
NJH2025_Sub12_HIIT_Mid,,
AH2018_LFQ_IT_1_C,0.6389548593743852,
RKK2015_TNF-α/basal,,
JJ2018_Ratio H/M normalized pP2,,
NJH2025_Sub12_MICT_Pre,,
NJH2025_Sub7_MICT_Post,,
DL2023_control-3,,
ZX2022_Control Replicate 2,,
HS2024_6_B_T3,,
JW2015_Intensity pre1,,
IMM2018_normalised rep. int. Empty-3,,
AMK2021_30R_p5,,
FSO2013_Ratio M/L normalized Rep1,0.5320752903710305,0.5136381444012028
SR2019_MDAMB231_Biol_repl_4,,
GF2025_P2_Sph,0.521365210005736,
FSO2012_Ratio -/+ 3-MB-PP1 exp. wt2b,,
NJH2025_Sub13_HIIT_Mid,,
CP2009_Ratio M/L,,
NJH2025_Sub7_HIIT_Post,,
KBE2022_Log2_Ex_44_T,,
DB2022_Intensity L2,,
TM2022_mock.4h.C,,
AST2020_anti-CD3.2,,
CW2012_10 µM Erl/control Experiment 1 Replicate B,,
HS2024_7_B_N1,,
FSO2013_Ratio M/L normalized Rep1___1,0.5333680834710894,0.5135362342709022
SAS2015_AZD/DMSO_Exp3,,
RM2024_Intensity D0-2___3,,
RM2024_Intensity D6-1,,
RB2022_8_RecoverySprint,,
RB2022_5_PreEndurance,,
CKC2017_log2 normalized phosphoproteomics_30min_rep#2,,0.5035832042133652
EP2017_Untreated R#4 normalized log2 ratio,,
WZ2023_Pu_010_30min,,
AS2011_Ratio H/L Proteins RNAi_2,,
RB2022_4_PreStrength,,
NJH2024_Sub4_MICT_Post,,
AH2018_LFQ_M_1_X,0.6651750593013814,
RB2022_8_RecoveryEndurance,,
KBE2022_Log2_Ex_14_U,,
FSO2013_Ratio M/L normalized Rep3___3,,
AH2018_TMTMS3_1_C,0.6611943899963368,
JJ2018_Ratio H/L normalized___1,,
ZQ2022_C2,,
RB2022_5_PreSprint,,
PG2020_Intensity 8h_C,0.720560031163287,
AH2018_SILAC_MR_2_N,0.6226299367000836,
MV2014_Ratio M/L normalized A1___2 (2 min),,
TM2022_S2.8h.B,,
MV2014_Ratio M/H normalized B3___1 (30 min),,
FSO2012_Ratio -/+ 3-MB-PP1 exp. as4a,,
RNJ2017_Log2_ratio_Tsup:Tstim_D2,,
RM2024_Intensity D6-1___2,,
NJH2025_Sub7_MICT_Mid,,
LY2019_P1+,,
AS2011_Ratio H/L Proteins Inhi_2,,
BS2014_Log2(Ratio H/L normalized),,
UK2020_HCM_2,,
FSO2013_Ratio H/L normalized Rep2___2,,
EP2017_Pervanadate R#3 normalized log2 ratio,,
RM2024_Intensity D4-3___3,,
RB2022_5_PreStrength,,
NJH2024_Sub4_MICT_Mid,,
TM2022_S2.4h.A,,
RB2022_5_PostStrength,,
GF2025_P6_Sph,0.43696525087008975,
RB2022_2_PreSprint,,
ZX2022_CB treated Replicate 3,,
RM2024_Intensity D6-2___3,,
WZ2023_Pe_025_10min,0.39077541654533055,
AS2011_Ratio H/L Normalized by Proteins RNAi_1,,
AST2020_anti-CD3+PDL2.1,,
KBE2022_Log2_Ex_34_U,,
WZ2023_Pu_005_10min,0.5180896975619573,
AS2011_Ratio H/L RNAi_2_1,,
NJH2024_Sub9_HIIT_Mid,,
CK2022_9 40-1,,
KTGR2014_Ratio H L Normalized Rep1_Rapamycin_0_15,,
LG2023_GSK3α-1_intensity,,
WZ2023_Pu_025_30min,0.35391092913746036,
AH2018_SILAC_MR_2_X,0.6596909785565878,
HS2024_4_PD_T2,,
NJH2024_Sub4_HIIT_Pre,,
RB2022_2_RecoverySprint,,
AS2011_Ratio H/L Protein RNAi_1,,
RM2024_Intensity D2-1___2,,
CR2017_Ratio Replicate 1.4,,
FR2021_Norm.Intensity.B,,
RM2024_Intensity D6-2___1,,
YC2018_Log2(SKBR3-LR/SKBR3)_Rep.2-1,,
RB2022_5_PostSprint,,
EJN2021_3_Rest_Basal,,
CR2017_Ratio Replicate 1.3,,
AS2011_Ratio H/L Normalized by Protein RNAi_2,,
KTGR2014_Ratio-Rapa 7 mins,,
AMK2021_120R_p1,,
AH2018_SILAC_3_X,0.6160086227738788,
JJ2018_Ratio M/L normalized pP3,,
AH2018_SILAC_M_2_N,0.6132680899712363,
HS2024_7_PD_T2,,
FSO2013_Ratio H/L normalized Rep1___1,0.5149217007885488,0.4804737691950695
AH2018_LFQ_1_C,0.6533862193339136,
AS2011_Ratio H/L Normalized Inhi_1_3,,
KBE2022_Log2_Ex_28_T,,
HS2024_3_B_N1,,0.5450238709338376
RM2024_Intensity D4-2___3,,
WZ2023_Pe_025_30min,,
CK2022_11 40-1,,
CW2012_10 µM Erl/control Experiment 3 Replicate B,,
AH2018_SILAC_2_X,0.5975106329468476,
MV2014_Ratio H/M normalized A2___2 (2 min),,
AS2011_Ratio H/L RNAi_1_2,,
KS2014_Intensity E15_1,0.7560457475927563,
FSO2013_Ratio H/L normalized Rep2,0.5511302632083535,0.5112097110215521
WZ2023_Pu_005_20min,0.32395519258667954,
NJH2024_Sub10_MICT_Post,,
RM2024_Intensity D2-3___1,,
CR2017_Ratio Replicate 1.5,,
CW2012_10 µM Gef/control Experiment 2 Replicate B,,
HS2024_7_B_T3,,
CKC2017_log2 normalized phosphoproteomics_60min_rep#1,,0.5078805251381653
AS2011_Ratio H/L RNAi_1,,
JC2019_Normalised_intensity_A_TiOx_Testis_sample_URO0059,,
AH2018_LFQ_M_1_C,0.6619381320180618,
NJH2025_Sub7_MICT_Pre,,
SR2019_SKBR3_Biol_repl_2,,
HS2024_9_B_T2,,
KTGR2014_Ratio-AA 7 mins,,
MV2014_Ratio L/H normalized B3___3 (5 min),,
HS2024_3_PD_T1,0.6750290295288788,
FSO2013_Ratio M/L normalized Rep3___2,,
SR2019_BT549_Biol_repl_3,,
RCJD2014_20min_mean,0.6084950206136988,
FR2021_Norm.Intensity.H,,
RB2022_2_PreStrength,,
DB2022_LFQ intensity L1.2,,
HS2024_4_B_N1,,
KTGR2014_Ratio H M Normalized Rep2_Rapamycin_0_15,,
CK2022_1 16-1,,
CK2022_1 200-1,0.6584964608056763,
PG2020_Intensity Mock_10h_D,0.6957126086427066,
SR2019_MCF10A_Biol_repl_2,,
JJ2018_Ratio M/L normalized pP2___2,,
HS2024_6_PD_T1,0.6297208645187198,
JVO2010_Ratio M/L Normalized by Protein ThymON - Log2 G1/S,,
RB2022_6_RecoveryEndurance,,
FSO2012_Ratio -/+ 3-MB-PP1 exp. wt3b,,
EP2017_Mitotic R#2 normalized log2 ratio,,
RCJD2014_5min_1,0.5610682955413171,
RM2024_Intensity D4-1___1,,
DL2023_24h-1,,
YC2018_Log2(SKBR3-LR/SKBR3)_Rep.1-1,,
FSO2012_Ratio -/+ 3-MB-PP1 exp. as2b,,
TM2022_S2.4h.C,,
SAS2015_PLX/AZD_Exp2,,
CR2017_Ratio Replicate 3.3,,
PG2020_Intensity 2h_C,0.6745239737520403,
VOI2024_Veh2 di,,
ZX2022_CB treated Replicate 2,,
KBE2022_Log2_Ex_8_T,,
NJH2025_Sub10_MICT_Post,,
HS2024_6_I_T3,0.5509168219694716,
RN2012_L11,,
AS2011_Ratio H/L Normalized Inhi_2_2,,
IMM2018_normalised rep. int. Empty-1,,
HS2024_5_PD_T1,0.5634046996698352,
AH2018_LFQ_M_2_C,0.6250025038458529,
CK2022_3 40-1,,
RBK2021_1260T Early,,
NJH2024_Sub4_HIIT_Post,,
HS2024_4_I_T1,,
YA2020_Reporter_intensity_Cancer_No.5,,
HH2022_Reporter intensity 8,,
ZQ2022_N2,,
FSO2012_Ratio -/+ 3-MB-PP1 exp. wt1b,,
FSO2013_Ratio H/L normalized Rep3___3,,
AH2018_TMTMS3_2_N,0.6700786059867738,
EJN2021_5_Rest_Basal,,
NJH2025_Sub2_HIIT_Post,,
NJH2025_Sub1_MICT_Post,,
HS2024_9_B_T1,,
FSO2012_Ratio -/+ 3-MB-PP1 exp. wt1a,,
JAW2011_Ratio H/L LS2_1,,
JVO2010_Log2 Ratio H/M Normalized aphidicolin,,
NJH2024_Sub6_HIIT_Pre,,
AH2018_SILAC_3_N,0.6194371061499394,
YA2020_Reporter_intensity_Normal_No.1,,
HS2024_3_B_T1,0.6522285186985439,
JJ2018_Ratio H/L normalized___2,,
RM2024_Intensity D0-2,,
MV2014_Ratio M/L normalized B1___2 (5 min),,
RB2022_7_PostStrength,,
RB2022_1_PostEndurance,,
CR2017_Ratio Replicate 3,,
SR2019_Hs578T_Biol_repl_3,,
MV2014_Ratio L/H normalized B3___1 (5 min),,
RBK2021_1244T Early,,
RB2022_3_PostSprint,,
NJH2024_Sub13_MICT_Mid,,
KTGR2014_Ratio-AA 2 mins,,
GF2025_P7_Sph,0.4523251100936273,
HS2024_8_I_T3,0.633313732030639,
CF2017_EOC 3,,
LATM2013_Normalized Log2 Ratio (Medium/Light) Forward,,
HS2024_6_PD_T3,0.5407067652916026,
DL2023_12h-2,,
RM2024_Intensity D6-3___1,,
FS2019_Ctr1,,
WZ2023_Pu_010_20min,0.49317515083452806,
AS2011_Ratio H/L_3,,
CK2022_1 40-1,,
RNJ2017_Log2_ratio_Tsup:Trest_D1,,
CK2022_8 16-1,,
KS2014_Intensity N3,0.6731000020220899,
RB2022_4_RecoveryEndurance,,
RB2022_5_RecoveryEndurance,,
JAW2011_Ratio H/L LS1a_2,,
NJH2024_Sub12_HIIT_Mid,,
AH2018_LFQ_IT_1_N,0.6302701763455378,
FSO2013_Ratio H/M normalized Rep2,0.5227351011583189,0.4931851644838803
RAM2015_Log2 A,0.5837928914184741,
HS2024_8_PD_T1,0.6258518506482882,
JJ2018_Ratio H/L normalized pP2,,
CF2017_OSE 27,0.6040197140694403,
KS2014_Intensity E15_2,0.7323474944054398,
BS2014_Log2(Ratio H/L protein),,
PG2020_Intensity 8h_A,0.7229325256400495,
HS2024_7_I_T1,,
VOI2024_Veh3 di,,
RKK2015_TNF-α+SC-514/basal,,
SR2019_JIMT1_Biol_repl_1,,
HW2015_Ratio H/L normalized Exp2,,
HS2024_3_I_N1,,0.4826684295908071
AH2018_SILAC_M_3_X,0.6164411077816887,
NJH2024_Sub9_HIIT_Post,,
AS2011_Ratio H/L RNAi_1_3,,
GRW2016_Ratio H/L normalized SILAC 1___2,,
NJH2025_Sub1_HIIT_Pre,,
YC2018_Log2(SKBR3-LR/SKBR3)_Rep.1-2,,
NJH2024_Sub4_HIIT_Mid,,
VOI2024_0.1uM 2 h_1 di,,
KBE2022_Log2_Ex_6_T,,
RM2024_Intensity D4-3___1,,
AH2018_LFQ_4_X,0.6070863148584069,
AS2011_Inhi 2_Ratio H/L normalized by corresponding protein level (H:TAL treatment; L: MA treatment),,
RB2022_8_PostEndurance,,
NJH2025_Sub4_MICT_Mid,,
YP2020_Intensity C30_R1_mult_log2,,
AST2020_anti-CD3.1,,
NJH2025_Sub4_HIIT_Post,,
EP2017_Untreated R#4 log2 ratio,,
HS2024_6_B_N1,,0.4895771490440549
KBE2022_Log2_Ex_27_T,,
CW2012_10 µM Gef/control Experiment 1 Replicate A,,
VOI2024_0.1uM 24 h_1 mono,,
AMK2021_120R_p5,,
AS2011_Ratio H/L Proteins,,
NJH2024_Sub7_HIIT_Post,,
NJH2015_TMT Subject 1 127_N/126 (Exercise/Basal) (normalized),,
AS2011_Ratio H/L RNAi_2_2,,
RB2022_7_RecoveryStrength,,
AH2018_SILAC_IT_3_X,0.6144364241285869,
JAW2011_Ratio H/L,,
PG2020_Intensity 10h_C,0.6704642513670606,
FSO2013_Ratio M/L normalized Rep2,0.5390199491473033,0.5190852247543158
CP2009_Ratio H/M Normalized (50 nM dasatinib vs 5 nM dasatinib),,
HH2022_Reporter intensity 5,,
SR2019_HCC1954_Biol_repl_2,,
CK2022_14 40-1,,
RB2022_6_PreSprint,,
NJH2025_Sub12_MICT_Mid,,
PG2020_Intensity 4h_D,0.6582867249614524,
NJH2025_Sub2_MICT_Post,,
AH2018_LFQ_4_C,,
DL2023_control-1,,
AR2021_ALG 10 μM,,
JAW2011_Ratio H/L LS2_2,,
AH2018_SILAC_IT_3_N,0.631854491198282,
EJN2021_4_Rest_Ins,,
RN2012_H05,,
NJH2024_Sub7_HIIT_Mid,,
GF2025_P2_Adh,0.6345836258863677,
FSO2012_Ratio -/+ 3-MB-PP1 exp. as4b,,
RB2022_8_PostSprint,,
EJN2021_1_Rest_Ins,,
HH2022_Reporter intensity 3,,
FSO2012_Ratio -/+ 3-MB-PP1 exp. wt4b,,
AH2018_SILAC_IT_1_C,0.644212852280434,
JW2021_After_3,,
GF2025_P8_Sph,0.6844717615925712,
FSO2012_Ratio -/+ 3-MB-PP1 exp. wt4,,
JJ2018_Ratio M/L normalized pP2___1,,
AH2018_SILAC_2_N,0.6021728396404644,
CK2022_11 200-1,0.5813467415919908,
CK2022_12 200-1,0.5851452022374686,
AS2011_Ratio H/L Normalized by Protein RNAi_1,,
RM2024_Intensity D2-1___3,,
NJH2024_Sub1_MICT_Pre,,
HH2022_Reporter intensity 9,,
WZ2023_Su_010_20min,0.3546429479138483,
AH2018_TMTMS2_2_N,0.6654581112049027,
NJH2024_Sub13_MICT_Pre,,
KBE2022_Log2_Ex_41_U,,
NJH2015_TMT Subject 3 129_N/128_C (Exercise/Basal) (normalized),,
AH2018_TMTMS3_Pool,0.6872686944316542,
KS2014_Intensity N4,0.6949185803217035,
NJH2024_Sub1_HIIT_Post,,
MM2018_Ratio H/L replicate2,,
RM2024_Intensity D4-2___2,,
NJH2024_Sub13_HIIT_Pre,,
CF2017_OSE 26,,
CK2022_14 200-1,0.5862625300534747,
SR2019_Hs578T_Biol_repl_1,,
RB2022_7_PostSprint,,
TM2022_mock.4h.A,,
NJH2025_Sub12_HIIT_Pre,,
AH2018_TMTMS3_1_N,0.7235001443398876,
AST2020_anti-CD3+PDL2.2,,
PG2020_Intensity Mock_10h_A,0.7333101543711043,
JW2021_After_2,,
NJH2024_Sub2_MICT_Post,,
EJN2021_2_Rest_Ins,,
SR2019_LM2_Biol_repl_4,,
CP2009_Ratio H/M,,
JAW2011_Ratio H/L HS,,
CK2022_13 16-1,,
GF2025_P1_Adh,0.5749494889278393,
GF2025_P1_Sph,0.4717375513024704,
EJN2021_5_Ex_Basal,,
HS2024_7_I_T3,,
JJ2018_Ratio H/L normalized pP2___2,,
WZ2023_Pe_010_10min,0.45865902287202875,
CF2017_EOC 1,0.6002400860143327,
CK2022_3 200-1,0.6590821359584955,
AH2018_LFQ_IT_3_C,0.6123525960127695,
SR2019_Hs578T_Biol_repl_2,,
NJH2024_Sub12_HIIT_Post,,
JJ2018_Ratio H/L normalized pP1___2,,
MV2014_Ratio H/L normalized A1___2 (10 min),,
NJH2024_Sub10_MICT_Mid,,
NJH2024_Sub13_MICT_Post,,
BS2014_Log2(Ratio H/L normalized Rep_1),,
RB2022_3_RecoverySprint,,
NJH2025_Sub1_HIIT_Mid,,
RCJD2014_20min_2,0.4594000213353954,
FSO2012_Ratio -/+ 3-MB-PP1 exp. wt2,,
HS2024_6_PD_T2,0.5487416792998785,
HS2024_5_B_T1,,
CW2012_10 µM Gef/control Experiment 2 Replicate A,,
DL2023_12h-3,,
SR2019_MDAMB231_Biol_repl_2,,
HS2024_3_B_T2,,0.5619082351591249
RB2022_6_PreStrength,,
CK2022_2 40-1,,
RB2022_1_PostSprint,,
CK2022_4 200-1,0.6550498006997973,
JW2021_Before_2,,
TM2022_S2.12h.A,,
MV2014_Ratio L/M normalized B2___2 (30 min),,
CK2022_5 16-1,,
AR2021_ALG 1 μM,,
HS2024_4_B_T1,,
MV2014_Ratio M/H normalized A3___1 (10 min),,
SR2019_BT549_Biol_repl_4,,
EJN2021_1_Rest_Basal,,
NJH2025_Sub8_MICT_Post,,
RCJD2014_5min_3,0.6089943423088905,
CR2017_Ratio Replicate 3.2,,
FSO2012_Ratio -/+ 3-MB-PP1 exp. as3a,,
GF2025_P7_Adh,0.6152453610435317,
CK2022_9 16-1,,
NJH2024_Sub6_HIIT_Post,,
AMK2021_30R_p3,,
AS2011_Ratio H/L Normalized RNAi_2,,
RM2024_Intensity D0-2___2,,
KS2014_Intensity pY_N4,0.6044948725270034,
CK2022_13 200-1,0.5870547089219932,
AS2011_Ratio H/L Normalized_2,,
PG2020_Intensity 6h_D,0.6592723298695534,
CK2022_16 16-1,,
FS2019_db/db3,,
CK2022_15 40-1,,
NJH2024_Sub9_MICT_Pre,,
BS2014_Log2(Ratio H/L unmodified peptide),,
WZ2023_Su_005_10min,0.4364638338727842,
RM2009_Ratio M/L (M:15 min timepoint;L:0 min. timepoint),,
KBE2022_Log2_Ex_41_T,,
AMK2021_Ctrl_p1,,
AH2018_LFQ_IT_3_X,0.597286998455152,
HS2024_5_PD_T3,,
AH2018_TMTMS3_3_X,0.6530907761202498,
FSO2012_Ratio -/+ 3-MB-PP1 exp. as2,,
KBE2022_Log2_Ex_40_U,,
AH2018_LFQ_M_1_N,,
KBE2022_Log2_Ex_27_U,,
HW2015_Ratio M/L normalized Exp3,,
RKK2015_TNF-α/IKKb(K44M),,
AH2018_SILAC_M_1_N,0.6321369913657486,
HW2015_Ratio M/L normalized Exp1,,
RB2022_5_RecoveryStrength,,
YP2020_Intensity P10_R1_mult_log2,,
RB2022_7_PreStrength,,
YA2020_Reporter_intensity_Normal_No.4,,
NJH2025_Sub13_HIIT_Pre,,
PG2020_Intensity CT_D,0.6660158395612088,
NJH2025_Sub9_MICT_Post,,
VOI2024_Veh1 mono,,
CK2022_12 16-1,,
RN2012_L13,,
LG2023_Control-1_intensity,,
RM2024_Intensity D6-3___2,,
KBE2022_Log2_Ex_8_U,,
SR2019_SKBR3_Biol_repl_3,,
NJH2024_Sub1_MICT_Post,,
HS2024_3_I_T2,0.6495032462482164,
KTGR2014_Ratio M L Normalized Rep2_Rapamycin_0_15,,
RM2024_Intensity D0-3___3,,
HS2024_6_I_T2,,
CW2012_10 µM Erl/control Experiment 2 Replicate B,,
AS2011_Ratio H/L Protein Inhi_1,,
FSO2013_Ratio H/M normalized Rep2___1,0.5313715251246366,0.49689975881610726
GRW2016_Ratio M/L normalized SILAC 5a___2,,
CK2022_10 40-1,,
NJH2024_Sub12_HIIT_Pre,,
NJH2024_Sub8_MICT_Pre,,
RM2024_Intensity D0-1___1,,
LY2019_P3+,,
HH2022_Reporter intensity 6,,
RB2022_2_RecoveryStrength,,
KTGR2014_Ratio-AA 15 mins,,
AS2011_Ratio H/L Normalized RNAi_2_2,,
KS2014_Intensity pY_N3,0.5779116606601538,
MV2014_Ratio H/L normalized B1___2 (30 min),,
LY2019_P5-,,
HW2015_Ratio M/L normalized Exp2,,
SR2019_HCC1419_Biol_repl_1,,
AH2018_TMTMS2_3_X,0.653595118030761,
GF2025_P3_Adh,0.7309202752973405,
SR2019_JIMT1_Biol_repl_2,,
AH2018_TMTMS2_1_C,0.677121449360272,
RM2024_Intensity D0-1___2,,
LY2019_P4+,,
KBE2022_Log2_Ex_19_U,,
CKC2017_log2 normalized phosphoproteomics_0min_rep#1,,0.5183497661427957
RB2022_4_PostStrength,,
LG2023_GSK3α-3_intensity,,
YA2020_Reporter_intensity_Cancer_No.1,,
AST2020_Control,,
JAW2011_Ratio H/L LS1a,,
RCJD2014_5min_mean,0.5921858560471562,
NJH2015_iTRAQ Subject 4 114/115 (Exercise/Basal) (normalized),,
NJH2025_Sub1_MICT_Mid,,
TM2022_S2.12h.C,,
NJH2025_Sub9_MICT_Mid,,
CKC2017_log2 normalized phosphoproteomics_120min_rep#2,,0.49663467449140974
AS2011_Ratio H/L Normalized Inhi_1_2,,
FSO2013_Ratio M/L normalized Rep2___1,0.5389554125869507,0.5182739087269523
LG2023_Control-2_intensity,,
NJH2024_Sub8_HIIT_Pre,,
KS2014_Intensity pY_N2,0.4981118286510551,
RB2022_5_RecoverySprint,,
RB2022_7_RecoverySprint,,
YA2020_Reporter_intensity_Normal_No.3,,
HS2024_8_B_T2,,
AH2018_LFQ_1_X,0.6560957749542677,
RM2024_Intensity D6-1___1,,
RCJD2014_10min_2,0.5171174032730063,
FR2021_Norm.Intensity.M,,
RM2024_Intensity D0-3___1,,
KS2014_Intensity N2,0.6908541793335701,
HH2022_Reporter intensity 1,,
HH2022_Reporter intensity 2,,
RM2024_Intensity D6-2___2,,
FSO2012_Ratio -/+ 3-MB-PP1 exp. as1,,
RM2024_Intensity D2-3___2,,
YA2020_Reporter_intensity_Normal_No.5,,
SR2019_MCF7_Biol_repl_1,,
FSO2012_Ratio -/+ 3-MB-PP1 exp. as1a,,
HS2024_8_B_T1,0.6572067576141849,
NJH2025_Sub6_HIIT_Pre,,
RNJ2017_Log2_ratio_Tsup:Tstim_D1,,
EP2017_Untreated R#2 log2 ratio,,
SR2019_LM2_Biol_repl_3,,
RB2022_4_RecoveryStrength,,
CR2017_Ratio Replicate 2,,
CW2012_10 µM Erl/control Experiment 2 Replicate A,,
FSO2013_Ratio H/M normalized Rep3,0.6113549521952982,0.5184529857064555
AR2021_KD 72h,,
MV2014_Ratio H/M normalized B2___3 (5 min),,
KBE2022_Log2_Ex_18_U,,
AS2011_Ratio H/L Inhi_1_1,,
NJH2024_Sub8_MICT_Post,,
AH2018_TMTMS3_3_C,0.6909253806808857,
KBE2022_Log2_Ex_9_U,,
AH2018_SILAC_M_3_N,0.6202115380454767,
KBE2022_Log2_Ex_13_T,,
RM2024_Intensity D0-3,,
SR2019_SKBR3_Biol_repl_1,,
PG2020_Intensity Mock_10h_C,0.6966307654476984,
CF2017_OSE 29,,
YB2013_Ratio_H_L_Normalized_in_experiment_1,,
NJH2025_Sub1_HIIT_Post,,
DL2023_24h-2,,
HS2024_7_B_N2,,
PG2020_Intensity 10h_A,0.6674074731274202,
RN2012_L12,,
MV2014_Ratio M/L normalized B1___3 (5 min),,
NJH2024_Sub8_MICT_Mid,,
AH2018_LFQ_IT_4_C,0.6247256741598677,
SAS2015_PLX/AZD_Exp1,,
FR2021_Norm.Intensity.A,,
FSO2013_Ratio H/M normalized Rep1___1,0.498600634832574,0.4781587936278856
JW2015_Intensity cap2,,
BS2014_Log2(Ratio H/L normalized Rep_2),,
NJH2024_Sub6_MICT_Post,,
CK2022_8 40-1,,
RB2022_7_RecoveryEndurance,,
NJH2025_Sub12_HIIT_Post,,
EJN2021_4_Ex_Basal,,
TM2022_S2.12h.B,,
RN2012_L15,,
KS2014_Intensity pY_PV3,0.5735890273205378,
TM2022_S2.4h.B,,
PG2020_Intensity 4h_A,0.7037991583999101,
FSO2013_Ratio H/M normalized Rep2___2,,
TM2022_mock.4h.B,,
KBE2022_Log2_Ex_24_U,,
NJH2025_Sub13_MICT_Mid,,
KS2014_Intensity C3,0.7587685854085446,
RB2022_1_PreSprint,,
HS2024_4_I_N1,,
CK2022_7 200-1,0.6037060580178732,
CK2022_5 200-1,0.6107603736485231,
CKC2017_log2 normalized phosphoproteomics_120min_rep#3,,0.5035198126856315
FSO2013_Ratio H/L normalized Rep2___1,0.5515301055873879,0.5115275647570077
NJH2024_Sub10_HIIT_Mid,,
RB2022_2_PostEndurance,,
AH2018_LFQ_2_C,0.6141394804629721,
AH2018_SILAC_MR_1_X,0.670595613200762,
KTGR2014_Ratio H M Normalized Rep1_Rapamycin_0_15,,
IMM2018_normalised rep. int. Empty-2,,
RM2024_Intensity D4-1,,
KBE2022_Log2_Ex_25_U,,
AH2018_SILAC_3_C,0.6249038581981241,
EJN2021_5_Rest_Ins,,
VOI2024_0.1uM 24 h_3 di,,
RNJ2017_Log2_ratio_Tstim:Trest_D3,,
DB2022_LFQ intensity L2.1,,
FSO2013_Ratio H/M normalized Rep1,0.49110979054876197,0.47474359572467173
CK2022_4 16-1,,
AS2011_Ratio H/L,,
SR2019_MCF7_Biol_repl_4,,
EJN2021_2_Ex_Ins,,
AS2011_Ratio H/L Inhi_2_3,,
JAW2011_Ratio H/L LS1a_1,,
AH2018_LFQ_1_N,,
SAS2015_PLX/DMSO_Exp1,,
SFR2015_HL_log2_ratio_avg_c,,
JJ2018_Ratio M/L normalized pP2,,
NJH2024_Sub7_MICT_Mid,,
PG2020_Intensity 6h_B,0.6985295634412805,
FSO2013_Ratio H/L normalized Rep3,0.6044990468589395,0.5288269931184197
GRW2016_Ratio H/L normalized SILAC 2___2,,
RKK2015_IKKb(K44M)+TNF-α/TNF-α,,
JJ2018_Ratio M/L normalized,,
KTGR2014_Ratio-AA 30 mins,,
JW2021_After_1,,
NJH2025_Sub2_MICT_Mid,,
HS2024_6_B_N2,,0.49062647290398326
KBE2022_Log2_Ex_9_T,,
AH2018_SILAC_IT_2_N,0.6288612586059297,
AH2018_SILAC_IT_1_X,0.6235655440377175,
HW2015_Ratio H/L normalized Exp3,,
HS2024_7_PD_T1,,
UK2020_UA_2,,
RM2024_Intensity D2-1___1,,
GF2025_P10_Sph,0.40253230212689184,
WZ2023_Pe_025_20min,0.3738197692539778,
JVO2010_Log2 Ratio M/L Normalized aphidicolin,,
AH2018_LFQ_2_N,0.6730340330026401,
HS2024_4_I_N2,,
AH2018_TMTMS2_3_N,0.6523650477162319,
RN2012_H06,,
AS2011_Inhi 1_Ratio H/L normalized by corresponding protein level (H:TAL treatment; L: MA treatment),,
HS2024_4_PD_T3,,
WZ2023_Su_005_30min,0.5236448125778691,
SR2019_HCC1419_Biol_repl_4,,
JJ2018_Ratio H/M normalized___2,,
SR2019_JIMT1_Biol_repl_3,,
AS2011_Ratio H/L Protein,,
UK2020_HCM_3,,
NJH2024_Sub10_HIIT_Post,,
CR2017_Ratio Replicate 3.1,,
WZ2023_Su_025_10min,0.4905756005491569,
AH2018_LFQ_IT_4_X,0.615920878283139,
CP2009_Ratio H/L,,
VOI2024_0.1uM 24 h_3 mono,,
RB2022_4_RecoverySprint,,
RM2024_Intensity D6-3,,
WZ2023_Su_005_20min,0.40163164394015144,
CW2012_10 µM Gef/control Experiment 1 Replicate B,,
SFR2015_HL_log2_ratio_avg_a,,
CW2012_10 µM Erl/control Experiment 3 Replicate A,,
RB2022_1_PreEndurance,,
FSO2012_Ratio -/+ 3-MB-PP1 exp. wt3a,,
LG2023_GSK3α-2_intensity,,
EP2017_Pervanadate R#1 log2 ratio,,
NJH2025_Sub6_HIIT_Post,,
RB2022_6_RecoverySprint,,
KS2014_Intensity,0.7511623109619685,
MV2014_Ratio H/M normalized A2___1 (2 min),,
PG2020_Intensity 8h_D,0.6930786176664164,
LY2019_P7+,,
EP2017_Untreated R#1 normalized log2 ratio,,
RN2012_L10,,
PG2020_Intensity 4h_C,0.7165286829229942,
EP2017_Mitotic R#3 normalized log2 ratio,,
FSO2012_Ratio -/+ 3-MB-PP1 exp. as4,,
DB2022_LFQ intensity L1,,
KBE2022_Log2_Ex_24_T,,
RB2022_8_PostStrength,,
AH2018_SILAC_IT_2_X,0.6102046346411532,
HS2024_4_B_T3,,
NJH2024_Sub2_HIIT_Post,,
HS2024_8_B_N2,,
NJH2025_Sub8_HIIT_Pre,,
JJ2018_Ratio H/L normalized pP2___1,,
HS2024_8_I_T2,,
KBE2022_Log2_Ex_6_U,,
LATM2013_Normalized Log2 Ratio (Light/Medium) Reverse,,
CR2017_Ratio Replicate 1.1,,
CKC2017_log2 normalized phosphoproteomics_30min_rep#1,,0.49320289171873066
MV2014_Ratio M/H normalized B3___2 (30 min),,
CK2022_16 200-1,0.5892219748964118,
VOI2024_0.1uM 2 h_3 di,,
EP2017_Mitotic R#1 normalized log2 ratio,,
GF2025_P9_Sph,0.5356392120046983,
CK2022_6 200-1,0.6052748863064843,
NJH2024_Sub7_MICT_Post,,
AH2018_TMTMS3_2_X,0.6975843204267216,
NJH2024_Sub8_HIIT_Post,,
DB2022_LFQ intensity R1,,
JW2015_Intensity cap3,,
SR2019_HCC1954_Biol_repl_1,,
HS2024_4_I_T2,,
NJH2024_Sub2_MICT_Mid,,
VOI2024_0.1uM 2 h_2 mono,,
CP2009_Ratio M/L Normalized (5 nM dasatinib vs Ctrl),,
FSO2012_Ratio -/+ 3-MB-PP1 exp. as3b,,
HS2024_4_PD_T1,,
SAS2015_AZD/DMSO_Exp1,,
NJH2024_Sub1_MICT_Mid,,
IMM2018_normalised rep. int. CDK5L-3,,
HS2024_3_B_T3,,
MV2014_Ratio L/H normalized A3___2 (2 min),,
NJH2025_Sub13_MICT_Pre,,
SR2019_MDAMB231_Biol_repl_3,,
GRW2016_Ratio H/L normalized SILAC 4___1,,
MM2018_Ratio H/L replicate1,,
PG2020_Intensity 2h_D,0.6842417978596481,
EP2017_Untreated R#3 normalized log2 ratio,,
MV2014_Ratio M/H normalized A3___3 (10 min),,
NJH2024_Sub7_HIIT_Pre,,
JAW2011_Ratio H/L LS2,,
CK2022_8 200-1,0.6018863145419224,
KS2014_Intensity pY_C4,0.6188764379731061,
CR2017_Ratio Replicate 3.5,,
RB2022_7_PostEndurance,,
NJH2025_Sub4_HIIT_Pre,,
CKC2017_log2 normalized phosphoproteomics_90min_rep#3,,0.5068724049724971
TM2022_mock.12h.A,,
JJ2018_Ratio H/L normalized pP1,,
EP2017_Pervanadate R#2 normalized log2 ratio,,
AS2011_Ratio H/L Normalized by Protein (Unnormalized),,
KS2014_Intensity pY_E5_4,0.5850136005624873,
RM2024_Intensity D4-3___2,,
CKC2017_log2 normalized phosphoproteomics_15min_rep#1,,0.5069455613003029
AH2018_SILAC_2_C,0.6124753679021686,
AS2011_RNAi 2_Ratio H/L normalized by corresponding protein level (H: shPlk1; L: shEg5),,
HS2024_7_I_N1,,
KBE2022_Log2_Ex_29_T,,
HS2024_7_I_T2,,
AS2011_Ratio H/L Normalized RNAi_2_3,,
CW2012_10 µM Gef/control Experiment 3 Replicate B,,
HS2024_6_B_T2,,
AMK2021_45I_p5,,
CW2012_10 µM Erl/control Experiment 1 Replicate A,,
SAS2015_PLX/DMSO_Exp2,,
EJN2021_1_Ex_Basal,,
FR2021_Intensity.M,,
RB2022_2_PostSprint,,
AH2018_SILAC_MR_3_N,0.65951851706132,
MV2014_Ratio H/L normalized B1___3 (30 min),,
CF2017_FTE 13,0.5428646385649019,
PG2020_Intensity CT_C,0.6693128071084069,
ZCP2016_Ratio H/L Rep 1,,
FS2019_db/db2,,
KS2014_Intensity pY_PV4,0.5858160393538125,
KBE2022_Log2_Ex_39_U,,
EP2017_Untreated R#3 log2 ratio,,
RB2022_2_PostStrength,,
AS2011_Ratio H/L Normalized_1,,
MV2014_Ratio M/H normalized A3___2 (10 min),,
CR2017_Ratio Replicate 3.4,,
HS2024_8_PD_T2,0.6480508606662498,
FS2019_Ctr2,,
RB2022_6_PreEndurance,,
FR2021_Norm.Intensity.G,,
NJH2025_Sub9_HIIT_Post,,
CKC2017_log2 normalized phosphoproteomics_0min_rep#3,,0.5229527157226896
RM2024_Intensity D4-3,,
HS2024_8_B_N1,,
NJH2025_Sub10_MICT_Mid,,
KBE2022_Log2_Ex_15_U,,
AS2011_Ratio H/L Normalized Inhi_2,,
RKK2015_TNF-α/SC-514,,
RB2022_3_PreSprint,,
CR2017_Ratio Replicate 2.3,,
RM2009_Ratio M/L Normalized by Corresponding Protein Level (M:15 min timepoint;L:0 min. timepoint),,
CP2009_Ratio H/L Normalized (50 nM dasatinib vs Ctrl),,
GF2025_P4_Adh,0.5735376923918005,
YA2020_Reporter_intensity_Normal_No.2,,
YP2020_Intensity P30_R2_mult_log2,,
NJH2025_Sub13_MICT_Post,,
HS2024_4_B_N2,,
HS2024_3_PD_T3,,0.5389366261307125
AMK2021_120R_p3,,
MV2014_Ratio L/H normalized A3___3 (2 min),,
NJH2025_Sub10_HIIT_Pre,,
FR2021_Intensity.G,,
RAM2015_Log2 C,0.5705253253017918,
AS2011_Ratio H/L Proteins Inhi_1,,
FSO2013_Ratio H/M normalized Rep1___3,,
AH2018_LFQ_M_2_N,0.681727773948223,
MV2014_Ratio M/L normalized A1___3 (2 min),,
KBE2022_Log2_Ex_40_T,,
CK2022_2 16-1,,
RAM2015_Log2 B,0.5913935589283621,
YP2020_Intensity C10_R1_mult_log2,,
FSO2013_Ratio M/L normalized Rep1___2,,
NJH2025_Sub8_MICT_Pre,,
EJN2021_4_Rest_Basal,,
YB2013_Ratio_H_L_Normalized_in_experiment_2,,
JJ2018_Ratio H/M normalized pP3___1,,
VOI2024_Veh2 mono,,
HS2024_6_B_T1,,
UK2020_HCM_5,,
NJH2025_Sub10_HIIT_Post,,
VOI2024_0.1uM 2 h_3 mono,,
JW2015_Intensity pre3,,
AS2011_Ratio H/L Normalized Inhi_2_1,,
DL2023_24h-3,,
HS2024_7_PD_T3,,
PG2020_Intensity Mock_10h_B,0.6987872835069135,
WZ2023_Su_025_30min,0.35264558888547676,
AH2018_LFQ_4_N,0.6515287873023727,
CR2017_Ratio Replicate 1.2,,
AS2011_Ratio H/L Normalized by Proteins,,
RB2022_6_RecoveryStrength,,
HS2024_8_I_N1,,
AMK2021_Ctrl_p3,,
AS2011_Ratio H/L Protein Inhi_2,,
HH2022_Reporter intensity 7,,
AH2018_SILAC_M_1_X,0.6231015761385762,
RB2022_7_PreEndurance,,
VOI2024_0.1uM 24 h_2 di,,
DL2023_control-2,,
LY2019_P6+,,
DB2022_LFQ intensity R2,,
GF2025_P6_Adh,0.5222180940859449,
VOI2024_Veh1 di,,
AS2011_Ratio H/L RNAi_2,,
FSO2012_Ratio -/+ 3-MB-PP1 exp. as3,,
VOI2024_Veh3 mono,,
HS2024_5_I_T2,0.5865100312648529,
NJH2025_Sub7_HIIT_Mid,,
MV2014_Ratio H/L normalized B1___1 (30 min),,
RM2009_Ratio H/L (H:60 min timepoint;L:0 min. timepoint),,
RB2022_6_PostSprint,,
KTGR2014_Ratio H L Normalized Rep2_Rapamycin_0_15,,
AS2011_Ratio H/L Inhi_1,,
AS2011_Ratio H/L Normalized RNAi_1_2,,
AH2018_TMTMS3_2_C,0.6915432507416008,
SR2019_Hs578T_Biol_repl_4,,
RB2022_8_PreStrength,,
KS2014_Intensity C5,0.7492168283893388,
RM2024_Intensity D0-1,,
CW2012_10 µM Gef/control Experiment 3 Replicate A,,
YP2020_Intensity P30_R1_mult_log2,,
NJH2025_Sub2_HIIT_Pre,,
RB2022_3_RecoveryEndurance,,
RNJ2017_Log2_ratio_Tstim:Trest_D2,,
GF2025_P9_Adh,0.5765112087795922,
RB2022_3_PostStrength,,
TM2022_S2.8h.A,,
AS2011_Ratio H/L RNAi_1_1,,
AS2011_Ratio H/L Normalized by Proteins RNAi_2,,
FSO2012_Ratio -/+ 3-MB-PP1 exp. wt1,,
AS2011_Ratio H/L Normalized by Protein Inhi_1,,
NJH2025_Sub2_MICT_Pre,,
MV2014_Ratio L/M normalized A2___3 (10 min),,
MV2014_Ratio H/M normalized A2___3 (2 min),,
HS2024_4_B_T2,,
SR2019_BT549_Biol_repl_1,,
AH2018_LFQ_M_4_N,0.6601437344894094,
NJH2024_Sub8_HIIT_Mid,,
PG2020_Intensity 8h_B,0.7208795374067791,
AH2018_LFQ_2_X,0.6099367713081463,
PG2020_Intensity 2h_B,0.6832461744457133,
AS2011_Ratio H/L Proteins RNAi_1,,
RB2022_4_PostSprint,,
KS2014_Intensity E15_3,0.7295085019942369,
GF2025_P3_Sph,0.5070944111157321,
DB2022_LFQ intensity L2,,
MV2014_Ratio H/L normalized A1___1 (10 min),,
AH2018_SILAC_1_C,0.6386975212767276,
NJH2024_Sub1_HIIT_Pre,,
FSO2013_Ratio M/L normalized Rep2___2,,
NJH2015_TMT Subject 4 130_N/129_C (Exercise/Basal) (normalized),,
AS2011_Ratio H/L RNAi_2_3,,
AH2018_SILAC_IT_1_N,0.6364364614980051,
KTGR2014_Ratio H M Normalized Rep2_AA_starvation_0_15,,
RB2022_4_PreEndurance,,
JJ2018_Ratio M/L normalized pP1,,
CR2017_Ratio Replicate 2.4,,
ZQ2022_N1,,
LY2019_P6-,,
RM2024_Intensity D2-3,,
UK2020_HCM_1,,
JW2015_Intensity pre2,,
KTGR2014_Ratio M L Normalized Rep1_AA_starvation_0_15,,
RM2024_Intensity D2-1,,
NJH2025_Sub12_MICT_Post,,
MV2014_Ratio H/M normalized B2___2 (5 min),,
RN2012_L14,,
AH2018_LFQ_3_N,0.6547846177979468,
RKK2015_TNF-α/IKKb,,
SFR2015_HL_log2_ratio_std_b,,
UK2020_UA_1,,
KBE2022_Log2_Ex_13_U,,
AS2011_Ratio H/L Normalized Inhi_1,,
RNJ2017_Log2_ratio_Tsup:Trest_D2,,
RB2022_1_RecoverySprint,,
CKC2017_log2 normalized phosphoproteomics_120min_rep#1,,0.4987502109455953
JJ2018_Ratio H/L normalized pP3,,
CK2022_7 40-1,,
AS2011_Ratio H/L Inhi_1_3,,
NJH2025_Sub10_HIIT_Mid,,
KTGR2014_Ratio H L Normalized Rep2_AA_starvation_0_15,,
JAW2011_Ratio H/L LS1b_1,,
PG2020_Intensity 4h_B,0.6897652078261125,
SR2019_BT549_Biol_repl_2,,
RM2024_Intensity D4-2,,
DB2022_LFQ intensity R2.2,,
JJ2018_Ratio H/L normalized,,
RB2022_5_PostEndurance,,
HS2024_5_PD_T2,,
WZ2023_Su_025_20min,0.43838697033560836,
RM2024_Intensity D2-2___1,,
IMM2018_normalised rep. int. CDK5L-2,,
LY2019_P8-,,
JVO2010_Ratio H/M Normalized by Protein ThymON - Log2 G2,,
CKC2017_log2 normalized phosphoproteomics_15min_rep#3,,0.501573711652264
FSO2013_Ratio H/L normalized Rep1,0.5068197398749934,0.4766314953667393
NJH2024_Sub2_HIIT_Pre,,
CKC2017_log2 normalized phosphoproteomics_60min_rep#2,,0.5094994784215809
CK2022_13 40-1,,
FSO2012_Ratio -/+ 3-MB-PP1 exp. wt4a,,
RN2012_H02,,
PG2020_Intensity 10h_D,0.6393771667555131,
RB2022_8_PreEndurance,,
HS2024_3_B_N2,,0.46425013077233446
EJN2021_4_Ex_Ins,,
AS2011_Ratio H/L Normalized by Protein,,
EJN2021_1_Ex_Ins,,
EP2017_Pervanadate R#3 log2 ratio,,
FSO2013_Ratio M/L normalized Rep1___3,,
NJH2025_Sub4_HIIT_Mid,,
RCJD2014_5min_2,0.44746473544963283,
RB2022_6_PostStrength,,
AH2018_SILAC_MR_3_C,0.6543843655025187,
AH2018_LFQ_M_4_C,,
NJH2024_Sub4_MICT_Pre,,
AS2011_Ratio H/L Normalized Inhi_1_1,,
DL2023_12h-1,,
MV2014_Ratio L/M normalized B2___1 (30 min),,
DB2022_LFQ intensity L1.1,,
NJH2025_Sub6_MICT_Pre,,
NJH2025_Sub6_MICT_Post,,
CKC2017_log2 normalized phosphoproteomics_60min_rep#3,,0.49553009438369255
RN2012_H04,,
CK2022_6 40-1,,
DB2022_LFQ intensity R2.1,,
KBE2022_Log2_Ex_42_U,,
LY2019_P3-,,
FR2021_Intensity.A,,
EJN2021_3_Ex_Ins,,
MV2014_Ratio M/L normalized A1___1 (2 min),,
WZ2023_Pe_005_30min,0.4214098422890703,
HS2024_8_PD_T3,0.599353795292667,
EJN2021_3_Ex_Basal,,
AST2020_Control.1,,
JW2015_Intensity cap1,,
PG2020_Intensity CT_A,0.6843275233986039,
FS2019_Ctr3,,
WZ2023_Pu_025_20min,0.45616908958268465,
NJH2025_Sub4_MICT_Post,,
JVO2010_Ratio H/M Normalized by Protein Noco3h - Log2 Late S,,
GF2025_P10_Adh,0.5079835403005089,
RB2022_1_RecoveryStrength,,
SR2019_HCC1954_Biol_repl_4,,
FR2021_Norm.Intensity.N,,
HS2024_5_B_N1,,
FSO2013_Ratio H/M normalized Rep3___3,,
AH2018_TMTMS2_2_C,0.6716344077799903,
RB2022_4_PreSprint,,
DB2022_Intensity R2,,
AH2018_TMTMS2_Pool,0.6737209043161045,
HS2024_8_I_N2,,
RB2022_3_RecoveryStrength,,
NJH2024_Sub6_HIIT_Mid,,
AH2018_SILAC_M_1_C,0.6435380875600415,
LY2019_P8+,,
RB2022_2_RecoveryEndurance,,
JJ2018_Ratio H/M normalized pP2___1,,
JAW2011_Ratio H/L HS_1,,
RB2022_3_PostEndurance,,
KS2014_Intensity pY_PV1,0.6101970526537487,
JAW2011_Ratio H/L LS1b_2,,
SR2019_MCF7_Biol_repl_2,,
NJH2015_TMT Subject 2 128_N/127_C (Exercise/Basal) (normalized),,
AS2011_Ratio H/L Normalized RNAi_1_1,,
AH2018_LFQ_M_4_X,0.6191454855553429,
NJH2024_Sub6_MICT_Pre,,
JJ2018_Ratio M/L normalized pP1___2,,
YP2020_Intensity C30_R2_mult_log2,,
NJH2024_Sub9_HIIT_Pre,,
AS2011_Ratio H/L Normalized Inhi_2_3,,
RM2024_Intensity D0-1___3,,
FSO2012_Ratio -/+ 3-MB-PP1 exp. wt3,,
KBE2022_Log2_Ex_28_U,,
GRW2016_Ratio H/L normalized SILAC 1___1,,
CF2017_FTE 17,0.5796284382455313,
LY2019_P2-,,
AH2018_LFQ_IT_1_X,0.6201913054792737,
JJ2018_Ratio H/L normalized pP3___1,,
RB2022_8_RecoveryStrength,,
WZ2023_Pe_005_20min,0.46252101512936106,
AST2020_Control.2,,
NJH2025_Sub6_MICT_Mid,,
RCJD2014_10min_1,0.5206441921281808,
FSO2013_Ratio H/L normalized Rep2___3,,
JVO2010_Ratio M/L Normalized by Protein Noco3h - Log2 G1,,
HS2024_3_I_T1,0.5702932621393768,
FSO2012_Ratio -/+ 3-MB-PP1 exp. as2a,,
CK2022_4 40-1,,
SR2019_MCF10A_Biol_repl_4,,
KS2014_Intensity pY_C5,0.6326678847002042,
NJH2025_Sub4_MICT_Pre,,
NJH2024_Sub9_MICT_Post,,
CF2017_OSE 28,0.5729636145808166,
HS2024_5_B_T2,,
HS2024_6_I_T1,,
HS2024_5_B_T3,0.523851811214163,
JJ2018_Ratio H/M normalized pP1___1,,
KBE2022_Log2_Ex_36_U,,
AH2018_TMTMS3_3_N,0.6794405596788257,
SR2019_HCC1419_Biol_repl_2,,
FR2021_Intensity.N,,
AS2011_Ratio H/L Inhi_2_1,,
AH2018_SILAC_MR_1_C,0.6623752569262784,
NJH2024_Sub1_HIIT_Mid,,
NJH2025_Sub8_HIIT_Mid,,
EP2017_Mitotic R#3 log2 ratio,,
KBE2022_Log2_Ex_36_T,,
NJH2025_Sub6_HIIT_Mid,,
WZ2023_Pu_005_30min,0.4597639964422895,
KS2014_Intensity C2,0.7408526116887135,
FSO2013_Ratio H/L normalized Rep1___2,,
RM2024_Intensity D2-2,,
KBE2022_Log2_Ex_42_T,,
CK2022_9 200-1,0.5837481974314036,
GRW2016_Ratio H/L normalized SILAC 2___1,,
JJ2018_Ratio H/M normalized pP3___2,,
DB2022_LFQ intensity R1.1,,
CK2022_10 200-1,0.5798269837747545,
NJH2024_Sub9_MICT_Mid,,
JAW2011_Ratio H/L_2,,
HS2024_7_I_N2,,
RBK2021_1332T Late,,
LY2019_P1-,,
RKK2015_TNF-α/basal.1,,
RKK2015_TNF-α/TNF-α+SC-514,,
CR2017_Ratio Replicate 2.5,,
HS2024_3_I_T3,0.6158170456024714,
CKC2017_log2 normalized phosphoproteomics_90min_rep#2,,0.507473383670954
AS2011_Ratio H/L Normalized RNAi_1,,
KS2014_Intensity E15_4,0.7523887831852463,
ZQ2022_C3,,
EJN2021_3_Rest_Ins,,
YP2020_Intensity P10_R2_mult_log2,,
MV2014_Ratio H/L normalized A1___3 (10 min),,
NJH2025_Sub1_MICT_Pre,,
KBE2022_Log2_Ex_39_T,,
FSO2013_Ratio H/M normalized Rep3___2,,
RM2024_Intensity D6-2,,
EP2017_Untreated R#1 log2 ratio,,
RKK2015_SC-514/basal,,
RM2024_Intensity D6-1___3,,
WZ2023_Pu_010_10min,0.36437125521648883,
NJH2025_Sub9_HIIT_Mid,,
SR2019_SKBR3_Biol_repl_4,,
HS2024_5_I_T3,0.596772989393677,
KS2014_Intensity N1,0.7052264579694696,
NJH2024_Sub12_MICT_Post,,
TM2022_S2.8h.C,,
CR2017_Ratio Replicate 1,,
AS2011_RNAi 1_Ratio H/L normalized by corresponding protein level (H: shPlk1; L: shEg5),,
CKC2017_log2 normalized phosphoproteomics_30min_rep#3,,0.5009477379351377
JJ2018_Ratio H/M normalized pP3,,
AH2018_SILAC_MR_2_C,0.6611945053730404,
LATM2013_Log2 Ratio (Medium/Light) Forward,,
PG2020_Intensity 2h_A,0.6757367985777817,
NJH2024_Sub6_MICT_Mid,,
NJH2025_Sub13_HIIT_Post,,
AH2018_SILAC_MR_3_X,0.6612288450771813,
JJ2018_Ratio H/M normalized___1,,
RCJD2014_15min_2,0.48005244049577456,
AS2011_Ratio H/L_2,,
AS2011_Ratio H/L Normalized,,
RN2012_H03,,
HS2024_5_B_N2,,
HS2024_5_I_N1,,
HS2024_6_I_N1,,0.4980786512809082
AR2021_KD 48h,,
FR2021_Intensity.B,,
RB2022_3_PreEndurance,,
HS2024_5_I_T1,0.5890890731530471,
NJH2024_Sub10_MICT_Pre,,
SR2019_LM2_Biol_repl_2,,
AST2020_anti-CD3,,
SR2019_MDAMB231_Biol_repl_1,,
RM2024_Intensity D2-3___3,,
WZ2023_Pe_005_10min,0.532347410482033,
KBE2022_Log2_Ex_29_U,,
HS2024_7_B_T1,,
AH2018_LFQ_M_2_X,0.6224690988862878,
AH2018_LFQ_IT_4_N,0.6193738885710922,
CK2022_15 200-1,0.5858190372507213,
RM2024_Intensity D4-1___2,,
JJ2018_Ratio H/M normalized,,
JJ2018_Ratio M/L normalized pP3___1,,
KBE2022_Log2_Ex_34_T,,
CKC2017_log2 normalized phosphoproteomics_0min_rep#2,,
LY2019_P2+,,
LATM2013_Log2 Ratio (Light/Medium) Reverse,,
CK2022_2 200-1,0.6550944594772352,
AS2011_Ratio H/L Protein RNAi_2,,
MV2014_Ratio L/H normalized A3___1 (2 min),,
WZ2023_Su_010_30min,0.4607641008677423,
RN2012_H01,,
KTGR2014_Ratio-Rapa 2 mins,,
EJN2021_2_Rest_Basal,,
KS2014_Intensity pY_E5_3,0.587948063305645,
MM2018_Ratio H/L replicate 3,,
EP2017_Pervanadate R#1 normalized log2 ratio,,
HS2024_8_B_T3,0.6447887696891543,
YA2020_Reporter_intensity_Cancer_No.3,,
KBE2022_Log2_Ex_44_U,,
WZ2023_Pe_010_20min,0.41311781831298067,
KS2014_Intensity pY_C6,0.6302206018584817,
AS2011_Ratio H/L Normalized_3,,
RCJD2014_15min_mean,0.6541412785442249,
RB2022_3_PreStrength,,
NJH2015_iTRAQ Subject 3 116/117 (Exercise/Basal) (normalized),,
RCJD2014_10min_mean,0.57808955187671,
KS2014_Intensity C1,0.7598345213005204,
FSO2013_Ratio H/M normalized Rep3___1,0.6115464331906975,0.5185707346492425
AH2018_SILAC_M_3_C,0.625699971930816,
RKK2015_TNF-α+IKKb/TNF-α,,
RM2024_Intensity D0-3___2,,
FSO2012_Ratio -/+ 3-MB-PP1 exp. wt2a,,
AH2018_SILAC_M_2_C,0.623434463804466,
AH2018_SILAC_M_2_X,0.6038238874427355,
KTGR2014_Ratio-Rapa 15 mins,,
RM2024_Intensity D4-2___1,,
KBE2022_Log2_Ex_15_T,,
VOI2024_0.1uM 24 h_1 di,,
WZ2023_Su_010_10min,0.3936973247864345,
PG2020_Intensity 6h_C,0.7071495829320888,
JVO2010_Ratio M/L Normalized by Protein Noco45 - Log2 mitosis,,
JJ2018_Ratio M/L normalized pP1___1,,
AH2018_LFQ_M_3_N,0.6640799176740557,
VOI2024_0.1uM 24 h_2 mono,,
AH2018_TMTMS2_3_C,0.6611267686809275,
CK2022_15 16-1,,
CK2022_3 16-1,,
LY2019_P4-,,
FSO2013_Ratio H/L normalized Rep3___2,,
KS2014_Intensity pY_PV2,,
HS2024_3_I_N2,,0.4600447143263987
GF2025_P8_Adh,0.6141241340453019,
YC2018_Log2(SKBR3-LR/SKBR3)_Rep.2-2,,
GF2025_P5_Sph,0.4839756477498438,
CK2022_10 16-1,,
KTGR2014_Ratio H L Normalized Rep1_AA_starvation_0_15,,
VOI2024_0.1uM 2 h_2 di,,
NJH2015_TMT Pool 131/130_C (Exercise/Basal) (normalized),,
NJH2024_Sub2_HIIT_Mid,,
AMK2021_45I_p3,,
NJH2024_Sub13_HIIT_Mid,,
DB2022_LFQ intensity R1.2,,
DB2022_Intensity R1,,
NJH2024_Sub12_MICT_Mid,,
KTGR2014_Ratio M L Normalized Rep1_Rapamycin_0_15,,
UK2020_HCM_4,,
SAS2015_AZD/DMSO_Exp2,,
IMM2018_normalised rep. int. CDK5L-1,,
DB2022_LFQ intensity L2.2,,
KTGR2014_Ratio H M Normalized Rep1_AA_starvation_0_15,,
EP2017_Mitotic R#1 log2 ratio,,
EJN2021_2_Ex_Basal,,
RM2009_Ratio H/L Normalized by Corresponding Protein Level (H:60 min timepoint;L:0 min. timepoint),,
KTGR2014_Ratio-Rapa 30 mins,,
CKC2017_log2 normalized phosphoproteomics_90min_rep#1,,0.5121299131738866
CF2017_FTE 16,0.6176785597619459,
AR2021_L41 10 μM,,
CF2017_EOC 2,,
RB2022_6_PostEndurance,,
AH2018_SILAC_1_N,0.6300361343615739,
NJH2024_Sub10_HIIT_Pre,,
AS2011_Ratio H/L Inhi_1_2,,
UK2020_HCM_6,,
RB2022_7_PreSprint,,
NJH2024_Sub2_MICT_Pre,,
HS2024_3_PD_T2,,0.5214673291306174
CK2022_6 16-1,,
ZX2022_CB treated Replicate 1,,
BS2014_Log2(Ratio H/L normalized Rep_3),,
TM2022_mock.12h.C,,
GRW2016_Ratio M/L normalized SILAC 5a___1,,
HH2022_Reporter intensity 0,,
RM2024_Intensity D2-2___2,,
JC2019_Normalised_intensity_B_TiOx_Testis_sample_URO0126,,
RB2022_1_PreStrength,,
JJ2018_Ratio H/M normalized pP2___2,,
AH2018_TMTMS2_2_X,0.668673002290703,
AR2021_L41 1 μM,,
JJ2018_Ratio H/M normalized pP1___2,,
AH2018_TMTMS2_1_N,0.6739179456398463,
NJH2025_Sub10_MICT_Pre,,
JVO2010_Ratio H/M Normalized by Protein Noco45 - Log2 early S,,
ZX2022_Control Replicate 3,,
KS2014_Intensity C4,0.7624844756759748,
AS2011_Ratio H/L Inhi_2,,
KBE2022_Log2_Ex_18_T,,
NJH2025_Sub9_MICT_Pre,,
RCJD2014_20min_1,0.5594071522052175,
MV2014_Ratio H/M normalized B2___1 (5 min),,
FSO2013_Ratio M/L normalized Rep2___3,,
JC2019_Normalised_intensity_C_TiOx_Testis_sample_URO0158,,
SR2019_MCF10A_Biol_repl_3,,
HS2024_7_B_T2,,
SAS2015_PLX/DMSO_Exp3,,
AMK2021_Ctrl_p5,,
NJH2025_Sub2_HIIT_Mid,,
AH2018_LFQ_M_3_C,0.6718287451295065,
CKC2017_log2 normalized phosphoproteomics_15min_rep#2,,0.4989399352987257
YA2020_Reporter_intensity_Cancer_No.2,,
FSO2013_Ratio H/M normalized Rep2___3,,
RB2022_8_PreSprint,,
AH2018_SILAC_IT_3_C,0.6327599506305225,
WZ2023_Pu_025_10min,0.3830414895287142,
RM2024_Intensity D2-2___3,,
AS2011_Ratio H/L_1,,
RCJD2014_10min_3,0.6593526024190977,
FSO2013_Ratio M/L normalized Rep3___1,0.5878595786079492,0.5033054328186155
SR2019_JIMT1_Biol_repl_4,,
YP2020_Intensity C10_R2_mult_log2,,
ZCP2016_Ratio H/L Rep 2,,
CF2017_EOC 4,,
JJ2018_Ratio H/L normalized pP1___1,,
WZ2023_Pe_010_30min,0.5240057374377926,
MV2014_Ratio L/M normalized B2___3 (30 min),,
AH2018_LFQ_IT_3_N,0.6019489658875813,
KS2014_Intensity C6,0.6274306077429762,
ZQ2022_N3,,
HW2015_Ratio H/L normalized Exp1,,
CK2022_12 40-1,,
NJH2024_Sub7_MICT_Pre,,
ZX2022_Control Replicate 1,,
JJ2018_Ratio H/M normalized pP1,,
CK2022_16 40-1,,
AH2018_SILAC_IT_2_C,0.6235154138963798,
CK2022_5 40-1,,
AH2018_LFQ_3_X,0.6539598829983506,
UK2020_UA_3,,
LY2019_P7-,,
GF2025_P5_Adh,0.664091501164151,
RB2022_1_PostStrength,,
JAW2011_Ratio H/L LS1b,,
FSO2013_Ratio H/L normalized Rep3___1,0.6052040377883126,0.5294185260739397
SR2019_HCC1954_Biol_repl_3,,
CR2017_Ratio Replicate 2.2,,
VOI2024_0.1uM 2 h_1 mono,,
MV2014_Ratio L/M normalized A2___1 (10 min),,
RNJ2017_Log2_ratio_Tsup:Tstim_D3,,
CK2022_11 16-1,,
ZQ2022_C1,,
CR2017_Ratio Replicate 2.1,,
PG2020_Intensity CT_B,0.6763854263720227,
JJ2018_Ratio M/L normalized___2,,
AH2018_SILAC_MR_1_N,0.5513919898042972,
KS2014_Intensity pY_E5_1,0.6061184158454125,
JW2021_Before_3,,
NJH2015_iTRAQ Subject 2 117/116 (Exercise/Basal) (normalized),,
MV2014_Ratio M/H normalized B3___3 (30 min),,
FS2019_db/db1,,
NJH2025_Sub9_HIIT_Pre,,
JAW2011_Ratio H/L_1,,
RCJD2014_20min_3,0.6108356244859707,
AH2018_LFQ_3_C,0.661756463143766,
JJ2018_Ratio M/L normalized pP3___2,,
AMK2021_45I_p1,,
NJH2025_Sub8_HIIT_Post,,
AH2018_LFQ_M_3_X,0.6632652146305194,
YA2020_Reporter_intensity_Cancer_No.4,,
KS2014_Intensity pY_E5_2,0.5913515075731448,
FSO2013_Ratio H/L normalized Rep1___3,,
GF2025_P4_Sph,0.5370162585851301,
RB2022_2_PreEndurance,,
JW2021_Before_1,,
KBE2022_Log2_Ex_25_T,,
AS2011_Ratio H/L Normalized by Proteins Inhi_2,,
MV2014_Ratio L/M normalized A2___2 (10 min),,
JJ2018_Ratio M/L normalized___1,,
FR2021_Intensity.H,,
CK2022_14 16-1,,
AST2020_anti-CD3+PDL2,,
MV2014_Ratio M/L normalized B1___1 (5 min),,
KBE2022_Log2_Ex_19_T,,
KS2014_Intensity pY_N1,,
RB2022_1_RecoveryEndurance,,
FSO2013_Ratio H/M normalized Rep1___2,,
HS2024_8_I_T1,,
NJH2015_iTRAQ Subject 1 115/114 (Exercise/Basal) (normalized),,
EP2017_Mitotic R#2 log2 ratio,,
AH2018_TMTMS2_1_X,0.671299927313485,
KTGR2014_Ratio M L Normalized Rep2_AA_starvation_0_15,,
ZCP2016_Ratio H/L Rep 3,,
AS2011_Ratio H/L Normalized RNAi_1_3,,
SR2019_MCF10A_Biol_repl_1,,
NJH2025_Sub8_MICT_Mid,,
EJN2021_5_Ex_Ins,,
HS2024_6_I_N2,,0.5022799342884954
HH2022_Reporter intensity 4,,
RBK2021_1326T Late,,
TM2022_mock.12h.B,,
NJH2024_Sub12_MICT_Pre,,
RCJD2014_15min_3,0.5738443505592163,
MV2014_Ratio L/H normalized B3___2 (5 min),,
LG2023_Control-3_intensity,,
JJ2018_Ratio H/L normalized pP3___2,,
CF2017_FTE 15,0.6168521611786447,
HS2024_4_I_T3,,
AH2018_SILAC_1_X,0.620192414330668,
PG2020_Intensity 10h_B,0.6584145711421523,
AH2018_TMTMS3_1_X,0.6867408039446736,
CF2017_FTE 14,0.568662311818295,
NJH2024_Sub13_HIIT_Post,,
RM2024_Intensity D6-3___3,,
NJH2025_Sub7_HIIT_Pre,,
RBK2021_1259T Early,,
RKK2015_IKK+TNF-α/IKKb,,
FSO2012_Ratio -/+ 3-MB-PP1 exp. as1b,,
PG2020_Intensity 6h_A,0.7083892066695657,
SR2019_HCC1419_Biol_repl_3,,
KBE2022_Log2_Ex_14_T,,
EP2017_Untreated R#2 normalized log2 ratio,,
RM2024_Intensity D0-2___1,,
DB2022_Intensity L1,,
LY2019_P5+,,
HS2024_5_I_N2,,
SAS2015_PLX/AZD_Exp3,,
EP2017_Pervanadate R#2 log2 ratio,,
AS2011_Ratio H/L Normalized RNAi_2_1,,
