DatasetName,MLF2_S(212) MLF2_S(213) MLF2_S(216) MLF2_S(229) MLF2_S(237) MLF2_S(238) MLF2_S(240) MLF2_S(243) MLF2_S(32) MLF2_S(4),MLF2_S(146) MLF2_S(167) MLF2_S(9)
RM2024_Intensity D4-1___3,,
RB2022_4_PostEndurance,,
FSO2013_Ratio M/L normalized Rep3,0.5653565496856944,
SR2019_MCF7_Biol_repl_3,,
RKK2015_IKKb(K44M)+TNF-α/IKKb(K44M),0.5604682368862962,
SR2019_LM2_Biol_repl_1,,
RCJD2014_15min_1,,
AS2011_Ratio H/L Normalized by Proteins Inhi_1,,
CK2022_7 16-1,0.555939404642108,
NJH2025_Sub12_HIIT_Mid,0.5411887683211059,
AH2018_LFQ_IT_1_C,,
RKK2015_TNF-α/basal,0.5485944755064807,
JJ2018_Ratio H/M normalized pP2,0.550324721739271,
NJH2025_Sub12_MICT_Pre,0.5468567136748185,
NJH2025_Sub7_MICT_Post,,
DL2023_control-3,,
ZX2022_Control Replicate 2,0.5647106635181844,
HS2024_6_B_T3,0.5718879490610815,
JW2015_Intensity pre1,,
IMM2018_normalised rep. int. Empty-3,0.5754467393101584,
AMK2021_30R_p5,,
FSO2013_Ratio M/L normalized Rep1,0.5353724956710846,
SR2019_MDAMB231_Biol_repl_4,,
GF2025_P2_Sph,0.5582127561780923,
FSO2012_Ratio -/+ 3-MB-PP1 exp. wt2b,0.5521945023177688,
NJH2025_Sub13_HIIT_Mid,,
CP2009_Ratio M/L,,
NJH2025_Sub7_HIIT_Post,,
KBE2022_Log2_Ex_44_T,0.5667155147983332,
DB2022_Intensity L2,,
TM2022_mock.4h.C,0.5547167792580293,
AST2020_anti-CD3.2,,
CW2012_10 µM Erl/control Experiment 1 Replicate B,0.5608971294387581,
HS2024_7_B_N1,0.5397904966165722,
FSO2013_Ratio M/L normalized Rep1___1,0.5356504281938478,
SAS2015_AZD/DMSO_Exp3,0.5662171390051269,
RM2024_Intensity D0-2___3,,
RM2024_Intensity D6-1,,
RB2022_8_RecoverySprint,0.5533875171530621,
RB2022_5_PreEndurance,,
CKC2017_log2 normalized phosphoproteomics_30min_rep#2,,
EP2017_Untreated R#4 normalized log2 ratio,0.5566531034063245,
WZ2023_Pu_010_30min,0.56852973335354,
AS2011_Ratio H/L Proteins RNAi_2,0.5509329550337156,
RB2022_4_PreStrength,0.536769282998246,
NJH2024_Sub4_MICT_Post,0.5546418762339413,
AH2018_LFQ_M_1_X,,
RB2022_8_RecoveryEndurance,0.5582546527872118,
KBE2022_Log2_Ex_14_U,0.5704912901450621,
FSO2013_Ratio M/L normalized Rep3___3,,
AH2018_TMTMS3_1_C,,
JJ2018_Ratio H/L normalized___1,0.5595786205906016,
ZQ2022_C2,0.5594329465931485,
RB2022_5_PreSprint,0.550771520502059,
PG2020_Intensity 8h_C,,
AH2018_SILAC_MR_2_N,,
MV2014_Ratio M/L normalized A1___2 (2 min),,
TM2022_S2.8h.B,0.5554391929038793,
MV2014_Ratio M/H normalized B3___1 (30 min),,
FSO2012_Ratio -/+ 3-MB-PP1 exp. as4a,0.5631589462830998,
RNJ2017_Log2_ratio_Tsup:Tstim_D2,,
RM2024_Intensity D6-1___2,,
NJH2025_Sub7_MICT_Mid,,
LY2019_P1+,0.5534713930305448,
AS2011_Ratio H/L Proteins Inhi_2,0.5402897982544624,
BS2014_Log2(Ratio H/L normalized),0.5626242165750648,
UK2020_HCM_2,,
FSO2013_Ratio H/L normalized Rep2___2,,
EP2017_Pervanadate R#3 normalized log2 ratio,0.5357884004369434,
RM2024_Intensity D4-3___3,,
RB2022_5_PreStrength,,
NJH2024_Sub4_MICT_Mid,0.5553580206989689,
TM2022_S2.4h.A,0.554237156445986,
RB2022_5_PostStrength,0.6063506719052302,
GF2025_P6_Sph,0.5393157921298248,
RB2022_2_PreSprint,,
ZX2022_CB treated Replicate 3,0.5663164770422997,
RM2024_Intensity D6-2___3,,
WZ2023_Pe_025_10min,0.5700349660995673,
AS2011_Ratio H/L Normalized by Proteins RNAi_1,,
AST2020_anti-CD3+PDL2.1,,
KBE2022_Log2_Ex_34_U,0.5623515604423213,
WZ2023_Pu_005_10min,0.5686400951548602,
AS2011_Ratio H/L RNAi_2_1,,
NJH2024_Sub9_HIIT_Mid,0.5503885553106281,
CK2022_9 40-1,0.559256087569652,
KTGR2014_Ratio H L Normalized Rep1_Rapamycin_0_15,0.5457087303796155,
LG2023_GSK3α-1_intensity,,
WZ2023_Pu_025_30min,0.5682272924713101,
AH2018_SILAC_MR_2_X,,
HS2024_4_PD_T2,0.5630264689917891,
NJH2024_Sub4_HIIT_Pre,0.5541733178847446,
RB2022_2_RecoverySprint,,
AS2011_Ratio H/L Protein RNAi_1,,
RM2024_Intensity D2-1___2,,
CR2017_Ratio Replicate 1.4,0.5586219993766148,
FR2021_Norm.Intensity.B,0.5650303446087569,
RM2024_Intensity D6-2___1,,
YC2018_Log2(SKBR3-LR/SKBR3)_Rep.2-1,0.5518230243253797,
RB2022_5_PostSprint,,
EJN2021_3_Rest_Basal,0.5542268953418701,
CR2017_Ratio Replicate 1.3,0.5517729295129846,
AS2011_Ratio H/L Normalized by Protein RNAi_2,,
KTGR2014_Ratio-Rapa 7 mins,0.5456948759964593,
AMK2021_120R_p1,,
AH2018_SILAC_3_X,,
JJ2018_Ratio M/L normalized pP3,0.556764835783873,
AH2018_SILAC_M_2_N,,
HS2024_7_PD_T2,0.5323022874403894,
FSO2013_Ratio H/L normalized Rep1___1,0.5259386026089619,
AH2018_LFQ_1_C,,
AS2011_Ratio H/L Normalized Inhi_1_3,0.5608032219742227,
KBE2022_Log2_Ex_28_T,0.5599486455058924,
HS2024_3_B_N1,0.5448750669782804,
RM2024_Intensity D4-2___3,,
WZ2023_Pe_025_30min,0.5701906540449605,
CK2022_11 40-1,0.5597074990620728,
CW2012_10 µM Erl/control Experiment 3 Replicate B,0.5619123277004519,
AH2018_SILAC_2_X,,
MV2014_Ratio H/M normalized A2___2 (2 min),,
AS2011_Ratio H/L RNAi_1_2,,
KS2014_Intensity E15_1,,
FSO2013_Ratio H/L normalized Rep2,0.5432565383816844,
WZ2023_Pu_005_20min,0.5685574391252533,
NJH2024_Sub10_MICT_Post,0.5516770995506424,
RM2024_Intensity D2-3___1,,
CR2017_Ratio Replicate 1.5,0.5687131131111771,
CW2012_10 µM Gef/control Experiment 2 Replicate B,0.557122376758244,
HS2024_7_B_T3,0.5460574676055792,
CKC2017_log2 normalized phosphoproteomics_60min_rep#1,,
AS2011_Ratio H/L RNAi_1,,
JC2019_Normalised_intensity_A_TiOx_Testis_sample_URO0059,,
AH2018_LFQ_M_1_C,,
NJH2025_Sub7_MICT_Pre,,
SR2019_SKBR3_Biol_repl_2,0.5467287329668971,
HS2024_9_B_T2,0.5556604960307742,
KTGR2014_Ratio-AA 7 mins,0.5519078547248,
MV2014_Ratio L/H normalized B3___3 (5 min),,
HS2024_3_PD_T1,0.549697982831823,
FSO2013_Ratio M/L normalized Rep3___2,,
SR2019_BT549_Biol_repl_3,0.577735514091676,
RCJD2014_20min_mean,,
FR2021_Norm.Intensity.H,0.5628257196220927,0.3252943664403763
RB2022_2_PreStrength,,
DB2022_LFQ intensity L1.2,,
HS2024_4_B_N1,0.5571003538342074,
KTGR2014_Ratio H M Normalized Rep2_Rapamycin_0_15,0.5540430575556212,
CK2022_1 16-1,0.5523171338451387,
CK2022_1 200-1,0.5591577309741211,
PG2020_Intensity Mock_10h_D,0.5596914729319904,
SR2019_MCF10A_Biol_repl_2,,
JJ2018_Ratio M/L normalized pP2___2,,
HS2024_6_PD_T1,0.5491321817877941,
JVO2010_Ratio M/L Normalized by Protein ThymON - Log2 G1/S,0.5208476206287502,
RB2022_6_RecoveryEndurance,,
FSO2012_Ratio -/+ 3-MB-PP1 exp. wt3b,0.5585240017749318,
EP2017_Mitotic R#2 normalized log2 ratio,0.5529951453720335,
RCJD2014_5min_1,,
RM2024_Intensity D4-1___1,,
DL2023_24h-1,,
YC2018_Log2(SKBR3-LR/SKBR3)_Rep.1-1,0.5477399996031326,
FSO2012_Ratio -/+ 3-MB-PP1 exp. as2b,0.5453694717403498,
TM2022_S2.4h.C,0.5549620744640615,
SAS2015_PLX/AZD_Exp2,0.5481970022309397,
CR2017_Ratio Replicate 3.3,0.5492012520923735,
PG2020_Intensity 2h_C,0.5536928899998393,
VOI2024_Veh2 di,,
ZX2022_CB treated Replicate 2,0.5679661671488277,
KBE2022_Log2_Ex_8_T,0.5706483435116281,
NJH2025_Sub10_MICT_Post,0.5516770995506424,
HS2024_6_I_T3,0.5431898113796751,
RN2012_L11,0.5463391462424463,
AS2011_Ratio H/L Normalized Inhi_2_2,,
IMM2018_normalised rep. int. Empty-1,0.5758614935429611,
HS2024_5_PD_T1,0.5642334105934959,
AH2018_LFQ_M_2_C,,
CK2022_3 40-1,0.5625373394029254,
RBK2021_1260T Early,,
NJH2024_Sub4_HIIT_Post,0.5539488765534639,
HS2024_4_I_T1,0.5567993255910484,
YA2020_Reporter_intensity_Cancer_No.5,,
HH2022_Reporter intensity 8,0.5531658340845558,
ZQ2022_N2,0.5435248338308856,
FSO2012_Ratio -/+ 3-MB-PP1 exp. wt1b,0.5749204559659531,
FSO2013_Ratio H/L normalized Rep3___3,,
AH2018_TMTMS3_2_N,,
EJN2021_5_Rest_Basal,0.5533611923125101,
NJH2025_Sub2_HIIT_Post,0.5525566452403933,
NJH2025_Sub1_MICT_Post,0.5490654387607117,
HS2024_9_B_T1,0.5564428258450131,
FSO2012_Ratio -/+ 3-MB-PP1 exp. wt1a,0.5543193537115942,
JAW2011_Ratio H/L LS2_1,0.5351509007512537,
JVO2010_Log2 Ratio H/M Normalized aphidicolin,0.5329207186449263,
NJH2024_Sub6_HIIT_Pre,0.5551541865163375,
AH2018_SILAC_3_N,,
YA2020_Reporter_intensity_Normal_No.1,,
HS2024_3_B_T1,0.5690131134571212,
JJ2018_Ratio H/L normalized___2,,
RM2024_Intensity D0-2,,
MV2014_Ratio M/L normalized B1___2 (5 min),,
RB2022_7_PostStrength,0.5682505545457606,
RB2022_1_PostEndurance,,
CR2017_Ratio Replicate 3,0.5612475055998856,
SR2019_Hs578T_Biol_repl_3,,
MV2014_Ratio L/H normalized B3___1 (5 min),0.5516961827892876,
RBK2021_1244T Early,,
RB2022_3_PostSprint,0.5968291355127823,
NJH2024_Sub13_MICT_Mid,,
KTGR2014_Ratio-AA 2 mins,0.5528161269413279,
GF2025_P7_Sph,0.5393212851453744,
HS2024_8_I_T3,0.5398294825547673,
CF2017_EOC 3,,
LATM2013_Normalized Log2 Ratio (Medium/Light) Forward,0.547755311169636,
HS2024_6_PD_T3,0.5451017813664653,
DL2023_12h-2,,
RM2024_Intensity D6-3___1,,
FS2019_Ctr1,0.5522002265142391,
WZ2023_Pu_010_20min,0.5684305784255426,
AS2011_Ratio H/L_3,,
CK2022_1 40-1,0.562242330224981,
RNJ2017_Log2_ratio_Tsup:Trest_D1,,
CK2022_8 16-1,0.5571183855507158,
KS2014_Intensity N3,,
RB2022_4_RecoveryEndurance,0.5487957035354103,
RB2022_5_RecoveryEndurance,,
JAW2011_Ratio H/L LS1a_2,,
NJH2024_Sub12_HIIT_Mid,0.5411887683211059,
AH2018_LFQ_IT_1_N,,
FSO2013_Ratio H/M normalized Rep2,0.5237028963650363,
RAM2015_Log2 A,0.547120674385533,
HS2024_8_PD_T1,0.5469043720066079,
JJ2018_Ratio H/L normalized pP2,0.5590445329921216,
CF2017_OSE 27,0.5419558319063639,
KS2014_Intensity E15_2,,
BS2014_Log2(Ratio H/L protein),,
PG2020_Intensity 8h_A,,
HS2024_7_I_T1,0.5573757844036673,
VOI2024_Veh3 di,,
RKK2015_TNF-α+SC-514/basal,0.5599291655629932,
SR2019_JIMT1_Biol_repl_1,,
HW2015_Ratio H/L normalized Exp2,,
HS2024_3_I_N1,0.5681505724179002,
AH2018_SILAC_M_3_X,,
NJH2024_Sub9_HIIT_Post,0.5508630493005272,
AS2011_Ratio H/L RNAi_1_3,,
GRW2016_Ratio H/L normalized SILAC 1___2,,
NJH2025_Sub1_HIIT_Pre,0.5546361960990648,
YC2018_Log2(SKBR3-LR/SKBR3)_Rep.1-2,0.547065164688579,
NJH2024_Sub4_HIIT_Mid,0.5495604498976313,
VOI2024_0.1uM 2 h_1 di,,
KBE2022_Log2_Ex_6_T,0.5645155894614058,
RM2024_Intensity D4-3___1,,
AH2018_LFQ_4_X,,
AS2011_Inhi 2_Ratio H/L normalized by corresponding protein level (H:TAL treatment; L: MA treatment),,
RB2022_8_PostEndurance,,
NJH2025_Sub4_MICT_Mid,0.5553580206989689,
YP2020_Intensity C30_R1_mult_log2,,
AST2020_anti-CD3.1,,
NJH2025_Sub4_HIIT_Post,0.5539488765534639,
EP2017_Untreated R#4 log2 ratio,0.5554196334326067,
HS2024_6_B_N1,0.5487804938493932,
KBE2022_Log2_Ex_27_T,0.5436872444364533,0.3439940655039135
CW2012_10 µM Gef/control Experiment 1 Replicate A,0.5590511877797328,
VOI2024_0.1uM 24 h_1 mono,,
AMK2021_120R_p5,,
AS2011_Ratio H/L Proteins,0.5440589544143878,
NJH2024_Sub7_HIIT_Post,,
NJH2015_TMT Subject 1 127_N/126 (Exercise/Basal) (normalized),0.5721220393233566,0.37843143327987167
AS2011_Ratio H/L RNAi_2_2,,
RB2022_7_RecoveryStrength,0.5386932682064283,
AH2018_SILAC_IT_3_X,,
JAW2011_Ratio H/L,0.5570791312111162,
PG2020_Intensity 10h_C,0.5400135860971377,
FSO2013_Ratio M/L normalized Rep2,0.5393710659348312,
CP2009_Ratio H/M Normalized (50 nM dasatinib vs 5 nM dasatinib),,
HH2022_Reporter intensity 5,0.5611013819690662,
SR2019_HCC1954_Biol_repl_2,,
CK2022_14 40-1,0.5617350678614056,
RB2022_6_PreSprint,,
NJH2025_Sub12_MICT_Mid,0.5465690006360542,
PG2020_Intensity 4h_D,0.5422345042301966,
NJH2025_Sub2_MICT_Post,0.5581788789751563,
AH2018_LFQ_4_C,,
DL2023_control-1,,
AR2021_ALG 10 μM,0.5570246188887553,
JAW2011_Ratio H/L LS2_2,,
AH2018_SILAC_IT_3_N,,
EJN2021_4_Rest_Ins,0.5539051529180126,
RN2012_H05,0.54514269914273,
NJH2024_Sub7_HIIT_Mid,,
GF2025_P2_Adh,0.5545093528692726,
FSO2012_Ratio -/+ 3-MB-PP1 exp. as4b,,
RB2022_8_PostSprint,,
EJN2021_1_Rest_Ins,0.5480176166462439,
HH2022_Reporter intensity 3,0.5585563350403611,
FSO2012_Ratio -/+ 3-MB-PP1 exp. wt4b,0.5453751629136196,
AH2018_SILAC_IT_1_C,,
JW2021_After_3,,
GF2025_P8_Sph,0.5410592032412401,
FSO2012_Ratio -/+ 3-MB-PP1 exp. wt4,0.545417060364802,
JJ2018_Ratio M/L normalized pP2___1,0.5537730018807661,
AH2018_SILAC_2_N,,
CK2022_11 200-1,0.552743260463464,
CK2022_12 200-1,0.5526545247889729,
AS2011_Ratio H/L Normalized by Protein RNAi_1,,
RM2024_Intensity D2-1___3,,
NJH2024_Sub1_MICT_Pre,0.5501773346879878,
HH2022_Reporter intensity 9,0.5534827519648926,
WZ2023_Su_010_20min,0.5682639721201521,
AH2018_TMTMS2_2_N,,
NJH2024_Sub13_MICT_Pre,,
KBE2022_Log2_Ex_41_U,0.5717578155882015,
NJH2015_TMT Subject 3 129_N/128_C (Exercise/Basal) (normalized),0.5769034038436027,0.365363993863497
AH2018_TMTMS3_Pool,,
KS2014_Intensity N4,,
NJH2024_Sub1_HIIT_Post,0.5491733574085286,
MM2018_Ratio H/L replicate2,0.5498017538385,
RM2024_Intensity D4-2___2,,
NJH2024_Sub13_HIIT_Pre,,
CF2017_OSE 26,0.5591167037948959,
CK2022_14 200-1,0.5554301299058271,
SR2019_Hs578T_Biol_repl_1,0.5346221131539008,
RB2022_7_PostSprint,0.5666093519416732,
TM2022_mock.4h.A,0.5554781592558521,
NJH2025_Sub12_HIIT_Pre,0.546276617123004,
AH2018_TMTMS3_1_N,,
AST2020_anti-CD3+PDL2.2,,
PG2020_Intensity Mock_10h_A,0.5564386722574437,
JW2021_After_2,,
NJH2024_Sub2_MICT_Post,0.5581788789751563,
EJN2021_2_Rest_Ins,0.5493919236424241,
SR2019_LM2_Biol_repl_4,0.5451119340036916,
CP2009_Ratio H/M,,
JAW2011_Ratio H/L HS,0.5456484495097274,
CK2022_13 16-1,0.5521795032555649,
GF2025_P1_Adh,0.5317977854945549,
GF2025_P1_Sph,0.5389809909814955,
EJN2021_5_Ex_Basal,0.5581961898215088,
HS2024_7_I_T3,0.536011757550664,
JJ2018_Ratio H/L normalized pP2___2,,
WZ2023_Pe_010_10min,0.5699002114677729,
CF2017_EOC 1,0.5746296619053214,
CK2022_3 200-1,0.5582603852769322,
AH2018_LFQ_IT_3_C,,
SR2019_Hs578T_Biol_repl_2,,
NJH2024_Sub12_HIIT_Post,0.5448450140677302,
JJ2018_Ratio H/L normalized pP1___2,,
MV2014_Ratio H/L normalized A1___2 (10 min),,
NJH2024_Sub10_MICT_Mid,0.555302306640084,
NJH2024_Sub13_MICT_Post,,
BS2014_Log2(Ratio H/L normalized Rep_1),0.5698443072675289,
RB2022_3_RecoverySprint,0.5372549869135513,
NJH2025_Sub1_HIIT_Mid,0.5493841880159694,
RCJD2014_20min_2,,
FSO2012_Ratio -/+ 3-MB-PP1 exp. wt2,0.5497099229132599,
HS2024_6_PD_T2,0.5521598540728655,
HS2024_5_B_T1,0.6337256960106303,
CW2012_10 µM Gef/control Experiment 2 Replicate A,0.5400437281323148,
DL2023_12h-3,,
SR2019_MDAMB231_Biol_repl_2,0.5417828686584704,
HS2024_3_B_T2,0.568998738175601,
RB2022_6_PreStrength,,
CK2022_2 40-1,0.5620045248695458,
RB2022_1_PostSprint,,
CK2022_4 200-1,0.5585340561702773,
JW2021_Before_2,,
TM2022_S2.12h.A,0.5557631329293087,
MV2014_Ratio L/M normalized B2___2 (30 min),,
CK2022_5 16-1,0.5569054179553907,
AR2021_ALG 1 μM,0.5509252337908482,
HS2024_4_B_T1,0.5586365621451451,
MV2014_Ratio M/H normalized A3___1 (10 min),,
SR2019_BT549_Biol_repl_4,0.5702644918794432,
EJN2021_1_Rest_Basal,0.5489106409008657,
NJH2025_Sub8_MICT_Post,0.5410227214919876,
RCJD2014_5min_3,,
CR2017_Ratio Replicate 3.2,0.5677272021872974,
FSO2012_Ratio -/+ 3-MB-PP1 exp. as3a,0.5513195704318153,
GF2025_P7_Adh,0.5414589407509857,
CK2022_9 16-1,0.5480586977322364,
NJH2024_Sub6_HIIT_Post,0.5583648708943896,
AMK2021_30R_p3,,
AS2011_Ratio H/L Normalized RNAi_2,0.5479983693937047,
RM2024_Intensity D0-2___2,,
KS2014_Intensity pY_N4,,
CK2022_13 200-1,0.5537352699584046,
AS2011_Ratio H/L Normalized_2,,
PG2020_Intensity 6h_D,,
CK2022_16 16-1,0.5519464127423059,
FS2019_db/db3,0.5566381133497801,
CK2022_15 40-1,0.5617698988924389,
NJH2024_Sub9_MICT_Pre,0.5512805800490718,
BS2014_Log2(Ratio H/L unmodified peptide),,
WZ2023_Su_005_10min,0.5686384110045847,
RM2009_Ratio M/L (M:15 min timepoint;L:0 min. timepoint),,
KBE2022_Log2_Ex_41_T,0.5655209808267909,
AMK2021_Ctrl_p1,,
AH2018_LFQ_IT_3_X,,
HS2024_5_PD_T3,0.5759752162324276,
AH2018_TMTMS3_3_X,,
FSO2012_Ratio -/+ 3-MB-PP1 exp. as2,0.5483984708981924,
KBE2022_Log2_Ex_40_U,0.5676651963267609,
AH2018_LFQ_M_1_N,,
KBE2022_Log2_Ex_27_U,0.5424336357872026,0.3302388039624647
HW2015_Ratio M/L normalized Exp3,,
RKK2015_TNF-α/IKKb(K44M),0.5420235160015476,
AH2018_SILAC_M_1_N,,
HW2015_Ratio M/L normalized Exp1,,
RB2022_5_RecoveryStrength,0.5639995401082835,
YP2020_Intensity P10_R1_mult_log2,,
RB2022_7_PreStrength,,
YA2020_Reporter_intensity_Normal_No.4,,
NJH2025_Sub13_HIIT_Pre,,
PG2020_Intensity CT_D,0.556904614827847,
NJH2025_Sub9_MICT_Post,0.5501665174918571,
VOI2024_Veh1 mono,,
CK2022_12 16-1,0.5486248543080641,
RN2012_L13,0.5435122744213114,
LG2023_Control-1_intensity,,
RM2024_Intensity D6-3___2,,
KBE2022_Log2_Ex_8_U,0.5699384036447401,
SR2019_SKBR3_Biol_repl_3,0.5437546712930134,
NJH2024_Sub1_MICT_Post,0.5490654387607117,
HS2024_3_I_T2,0.5514130630467408,
KTGR2014_Ratio M L Normalized Rep2_Rapamycin_0_15,0.5749540000159866,
RM2024_Intensity D0-3___3,,
HS2024_6_I_T2,0.5654108103653794,
CW2012_10 µM Erl/control Experiment 2 Replicate B,0.5644582400780911,
AS2011_Ratio H/L Protein Inhi_1,0.5470873089723611,
FSO2013_Ratio H/M normalized Rep2___1,0.5253620628029501,
GRW2016_Ratio M/L normalized SILAC 5a___2,,
CK2022_10 40-1,0.5596989595664248,
NJH2024_Sub12_HIIT_Pre,0.546276617123004,
NJH2024_Sub8_MICT_Pre,0.5400405220394345,
RM2024_Intensity D0-1___1,,
LY2019_P3+,0.551150038687225,
HH2022_Reporter intensity 6,0.5437923450116273,
RB2022_2_RecoveryStrength,,
KTGR2014_Ratio-AA 15 mins,0.5510065103970894,
AS2011_Ratio H/L Normalized RNAi_2_2,,
KS2014_Intensity pY_N3,,
MV2014_Ratio H/L normalized B1___2 (30 min),,
LY2019_P5-,0.5471905069544997,
HW2015_Ratio M/L normalized Exp2,,
SR2019_HCC1419_Biol_repl_1,0.5520037604143759,
AH2018_TMTMS2_3_X,,
GF2025_P3_Adh,0.5538502424492371,
SR2019_JIMT1_Biol_repl_2,0.5515956376762329,
AH2018_TMTMS2_1_C,,
RM2024_Intensity D0-1___2,,
LY2019_P4+,0.5373332969572641,
KBE2022_Log2_Ex_19_U,0.5705613615325745,
CKC2017_log2 normalized phosphoproteomics_0min_rep#1,,
RB2022_4_PostStrength,0.5769467878870447,
LG2023_GSK3α-3_intensity,,
YA2020_Reporter_intensity_Cancer_No.1,,
AST2020_Control,,
JAW2011_Ratio H/L LS1a,0.5566579984934061,
RCJD2014_5min_mean,,
NJH2015_iTRAQ Subject 4 114/115 (Exercise/Basal) (normalized),,
NJH2025_Sub1_MICT_Mid,0.5506456570372341,
TM2022_S2.12h.C,0.5556412943215379,
NJH2025_Sub9_MICT_Mid,0.5508182112679989,
CKC2017_log2 normalized phosphoproteomics_120min_rep#2,,
AS2011_Ratio H/L Normalized Inhi_1_2,0.5608032219742227,
FSO2013_Ratio M/L normalized Rep2___1,0.5395533205665659,
LG2023_Control-2_intensity,,
NJH2024_Sub8_HIIT_Pre,0.5405449042602253,
KS2014_Intensity pY_N2,,
RB2022_5_RecoverySprint,0.5552973224580533,
RB2022_7_RecoverySprint,0.5909795830484366,
YA2020_Reporter_intensity_Normal_No.3,,
HS2024_8_B_T2,0.5633391486514763,
AH2018_LFQ_1_X,,
RM2024_Intensity D6-1___1,,
RCJD2014_10min_2,,
FR2021_Norm.Intensity.M,0.5615574429889495,
RM2024_Intensity D0-3___1,,
KS2014_Intensity N2,,
HH2022_Reporter intensity 1,0.5581968967287951,
HH2022_Reporter intensity 2,0.5585269593288346,
RM2024_Intensity D6-2___2,,
FSO2012_Ratio -/+ 3-MB-PP1 exp. as1,0.5500599150952443,
RM2024_Intensity D2-3___2,,
YA2020_Reporter_intensity_Normal_No.5,,
SR2019_MCF7_Biol_repl_1,,
FSO2012_Ratio -/+ 3-MB-PP1 exp. as1a,,
HS2024_8_B_T1,0.5393029587481925,
NJH2025_Sub6_HIIT_Pre,0.5551541865163375,
RNJ2017_Log2_ratio_Tsup:Tstim_D1,,
EP2017_Untreated R#2 log2 ratio,0.5511755506178795,
SR2019_LM2_Biol_repl_3,0.5459665957095231,
RB2022_4_RecoveryStrength,0.5730589919725873,
CR2017_Ratio Replicate 2,0.5448012022874853,
CW2012_10 µM Erl/control Experiment 2 Replicate A,0.5450542738294188,
FSO2013_Ratio H/M normalized Rep3,0.5687646244695348,
AR2021_KD 72h,0.5521599114517675,
MV2014_Ratio H/M normalized B2___3 (5 min),,
KBE2022_Log2_Ex_18_U,0.5460483548564101,0.34360818078578276
AS2011_Ratio H/L Inhi_1_1,,
NJH2024_Sub8_MICT_Post,0.5410227214919876,
AH2018_TMTMS3_3_C,,
KBE2022_Log2_Ex_9_U,0.5493216579517517,0.3323350284778029
AH2018_SILAC_M_3_N,,
KBE2022_Log2_Ex_13_T,0.5674076846772889,
RM2024_Intensity D0-3,,
SR2019_SKBR3_Biol_repl_1,0.5444320570713741,
PG2020_Intensity Mock_10h_C,0.5587002716688201,
CF2017_OSE 29,0.5634273236680796,
YB2013_Ratio_H_L_Normalized_in_experiment_1,,
NJH2025_Sub1_HIIT_Post,0.5491733574085286,
DL2023_24h-2,,
HS2024_7_B_N2,0.5450621089049396,
PG2020_Intensity 10h_A,0.5353786684374665,
RN2012_L12,0.5509160681918338,
MV2014_Ratio M/L normalized B1___3 (5 min),,
NJH2024_Sub8_MICT_Mid,0.5409953337101611,
AH2018_LFQ_IT_4_C,,
SAS2015_PLX/AZD_Exp1,0.563108906492719,
FR2021_Norm.Intensity.A,0.5653893785186277,
FSO2013_Ratio H/M normalized Rep1___1,0.5218739580923414,
JW2015_Intensity cap2,,
BS2014_Log2(Ratio H/L normalized Rep_2),0.5620100785185195,
NJH2024_Sub6_MICT_Post,0.5575089842082506,
CK2022_8 40-1,0.5651358433633393,
RB2022_7_RecoveryEndurance,0.5734636694019459,
NJH2025_Sub12_HIIT_Post,0.5448450140677302,
EJN2021_4_Ex_Basal,0.5521772662378857,
TM2022_S2.12h.B,0.555401997399828,
RN2012_L15,0.5390555803522725,
KS2014_Intensity pY_PV3,,
TM2022_S2.4h.B,0.5549510583479721,
PG2020_Intensity 4h_A,0.5391691383662969,
FSO2013_Ratio H/M normalized Rep2___2,,
TM2022_mock.4h.B,0.5556992233707274,
KBE2022_Log2_Ex_24_U,0.5561312410858921,
NJH2025_Sub13_MICT_Mid,,
KS2014_Intensity C3,,
RB2022_1_PreSprint,,
HS2024_4_I_N1,0.5907481594922068,
CK2022_7 200-1,0.5552694325822902,
CK2022_5 200-1,0.5567772265769608,
CKC2017_log2 normalized phosphoproteomics_120min_rep#3,,
FSO2013_Ratio H/L normalized Rep2___1,0.5433885755843659,
NJH2024_Sub10_HIIT_Mid,0.5519205058344963,
RB2022_2_PostEndurance,,
AH2018_LFQ_2_C,,
AH2018_SILAC_MR_1_X,,
KTGR2014_Ratio H M Normalized Rep1_Rapamycin_0_15,0.53943141155579,
IMM2018_normalised rep. int. Empty-2,0.5760261630250967,
RM2024_Intensity D4-1,,
KBE2022_Log2_Ex_25_U,0.570020425571139,
AH2018_SILAC_3_C,,
EJN2021_5_Rest_Ins,0.5548196467396637,
VOI2024_0.1uM 24 h_3 di,,
RNJ2017_Log2_ratio_Tstim:Trest_D3,,
DB2022_LFQ intensity L2.1,0.5500787823132316,
FSO2013_Ratio H/M normalized Rep1,0.5205925653236663,
CK2022_4 16-1,0.5516957429797769,
AS2011_Ratio H/L,0.5203449293439426,
SR2019_MCF7_Biol_repl_4,0.5435805967958605,
EJN2021_2_Ex_Ins,0.54979923489717,
AS2011_Ratio H/L Inhi_2_3,,
JAW2011_Ratio H/L LS1a_1,0.5564085429664318,
AH2018_LFQ_1_N,,
SAS2015_PLX/DMSO_Exp1,0.5737666198904539,
SFR2015_HL_log2_ratio_avg_c,,
JJ2018_Ratio M/L normalized pP2,0.5537146838397591,
NJH2024_Sub7_MICT_Mid,,
PG2020_Intensity 6h_B,,
FSO2013_Ratio H/L normalized Rep3,0.5723252223345191,
GRW2016_Ratio H/L normalized SILAC 2___2,,
RKK2015_IKKb(K44M)+TNF-α/TNF-α,0.5728424552658437,
JJ2018_Ratio M/L normalized,0.5633553550957654,
KTGR2014_Ratio-AA 30 mins,0.5564050315572957,
JW2021_After_1,,
NJH2025_Sub2_MICT_Mid,0.559113106852996,
HS2024_6_B_N2,0.5554243217585083,
KBE2022_Log2_Ex_9_T,0.5473564035573826,0.33392193533214104
AH2018_SILAC_IT_2_N,,
AH2018_SILAC_IT_1_X,,
HW2015_Ratio H/L normalized Exp3,,
HS2024_7_PD_T1,0.5478398700175692,
UK2020_UA_2,,
RM2024_Intensity D2-1___1,,
GF2025_P10_Sph,0.5331522433343643,
WZ2023_Pe_025_20min,0.5700254184369555,
JVO2010_Log2 Ratio M/L Normalized aphidicolin,0.578637654543408,
AH2018_LFQ_2_N,,
HS2024_4_I_N2,0.6124974876517005,
AH2018_TMTMS2_3_N,,
RN2012_H06,0.5523103166225989,
AS2011_Inhi 1_Ratio H/L normalized by corresponding protein level (H:TAL treatment; L: MA treatment),0.5652704737912635,
HS2024_4_PD_T3,0.540705470404867,
WZ2023_Su_005_30min,0.5684719939641363,
SR2019_HCC1419_Biol_repl_4,,
JJ2018_Ratio H/M normalized___2,,
SR2019_JIMT1_Biol_repl_3,0.5540183859359161,
AS2011_Ratio H/L Protein,0.5440589544143878,
UK2020_HCM_3,,
NJH2024_Sub10_HIIT_Post,0.5521995404696443,
CR2017_Ratio Replicate 3.1,0.5501780737292947,
WZ2023_Su_025_10min,0.5683251360216516,
AH2018_LFQ_IT_4_X,,
CP2009_Ratio H/L,,
VOI2024_0.1uM 24 h_3 mono,,
RB2022_4_RecoverySprint,0.5564170856883272,
RM2024_Intensity D6-3,,
WZ2023_Su_005_20min,0.5684175971098808,
CW2012_10 µM Gef/control Experiment 1 Replicate B,0.5587143356976205,
SFR2015_HL_log2_ratio_avg_a,,
CW2012_10 µM Erl/control Experiment 3 Replicate A,0.5341054467223858,
RB2022_1_PreEndurance,,
FSO2012_Ratio -/+ 3-MB-PP1 exp. wt3a,0.5686478957184435,
LG2023_GSK3α-2_intensity,,
EP2017_Pervanadate R#1 log2 ratio,0.5429092078613701,
NJH2025_Sub6_HIIT_Post,0.5583648708943896,
RB2022_6_RecoverySprint,,
KS2014_Intensity,,
MV2014_Ratio H/M normalized A2___1 (2 min),0.5553493646644474,
PG2020_Intensity 8h_D,,
LY2019_P7+,0.550753545580094,
EP2017_Untreated R#1 normalized log2 ratio,0.5536984133235267,
RN2012_L10,0.5427467680185127,
PG2020_Intensity 4h_C,0.5392239530690779,
EP2017_Mitotic R#3 normalized log2 ratio,0.5523369995729663,
FSO2012_Ratio -/+ 3-MB-PP1 exp. as4,0.5620552576666189,
DB2022_LFQ intensity L1,,
KBE2022_Log2_Ex_24_T,0.5495385606042619,
RB2022_8_PostStrength,,
AH2018_SILAC_IT_2_X,,
HS2024_4_B_T3,0.5588266408290183,
NJH2024_Sub2_HIIT_Post,0.5525566452403933,
HS2024_8_B_N2,0.5394898355395862,
NJH2025_Sub8_HIIT_Pre,0.5405449042602253,
JJ2018_Ratio H/L normalized pP2___1,0.5591271544928748,
HS2024_8_I_T2,0.5484762076524758,
KBE2022_Log2_Ex_6_U,0.5575335374854048,
LATM2013_Normalized Log2 Ratio (Light/Medium) Reverse,0.5428600842795415,
CR2017_Ratio Replicate 1.1,0.575747055406333,
CKC2017_log2 normalized phosphoproteomics_30min_rep#1,,
MV2014_Ratio M/H normalized B3___2 (30 min),,
CK2022_16 200-1,0.5545758512088287,
VOI2024_0.1uM 2 h_3 di,,
EP2017_Mitotic R#1 normalized log2 ratio,0.5521358904201126,
GF2025_P9_Sph,0.5458690488831973,
CK2022_6 200-1,0.5549460412483911,
NJH2024_Sub7_MICT_Post,,
AH2018_TMTMS3_2_X,,
NJH2024_Sub8_HIIT_Post,0.5376963833606202,
DB2022_LFQ intensity R1,0.5366403020730267,
JW2015_Intensity cap3,,
SR2019_HCC1954_Biol_repl_1,,
HS2024_4_I_T2,0.5544565856711066,
NJH2024_Sub2_MICT_Mid,0.559113106852996,
VOI2024_0.1uM 2 h_2 mono,,
CP2009_Ratio M/L Normalized (5 nM dasatinib vs Ctrl),,
FSO2012_Ratio -/+ 3-MB-PP1 exp. as3b,0.5486096646501905,
HS2024_4_PD_T1,0.5447869651979532,
SAS2015_AZD/DMSO_Exp1,0.5641355268218373,
NJH2024_Sub1_MICT_Mid,0.5506456570372341,
IMM2018_normalised rep. int. CDK5L-3,0.5757482680670989,
HS2024_3_B_T3,0.5658006485638263,
MV2014_Ratio L/H normalized A3___2 (2 min),,
NJH2025_Sub13_MICT_Pre,,
SR2019_MDAMB231_Biol_repl_3,,
GRW2016_Ratio H/L normalized SILAC 4___1,,
MM2018_Ratio H/L replicate1,0.5529296969378056,
PG2020_Intensity 2h_D,0.55225303871549,
EP2017_Untreated R#3 normalized log2 ratio,0.5510409671981387,
MV2014_Ratio M/H normalized A3___3 (10 min),,
NJH2024_Sub7_HIIT_Pre,,
JAW2011_Ratio H/L LS2,0.5356714413848949,
CK2022_8 200-1,0.5560511112131593,
KS2014_Intensity pY_C4,,
CR2017_Ratio Replicate 3.5,0.5372515814135987,
RB2022_7_PostEndurance,,
NJH2025_Sub4_HIIT_Pre,0.5541733178847446,
CKC2017_log2 normalized phosphoproteomics_90min_rep#3,,
TM2022_mock.12h.A,0.5560228786173232,
JJ2018_Ratio H/L normalized pP1,0.556455376435461,
EP2017_Pervanadate R#2 normalized log2 ratio,0.5403077019934546,
AS2011_Ratio H/L Normalized by Protein (Unnormalized),0.5401188198004115,
KS2014_Intensity pY_E5_4,,
RM2024_Intensity D4-3___2,,
CKC2017_log2 normalized phosphoproteomics_15min_rep#1,,
AH2018_SILAC_2_C,,
AS2011_RNAi 2_Ratio H/L normalized by corresponding protein level (H: shPlk1; L: shEg5),,
HS2024_7_I_N1,0.5634340291037044,
KBE2022_Log2_Ex_29_T,0.5476646211417304,0.32154867736313264
HS2024_7_I_T2,0.5440360671798111,
AS2011_Ratio H/L Normalized RNAi_2_3,,
CW2012_10 µM Gef/control Experiment 3 Replicate B,0.5698477978808626,
HS2024_6_B_T2,0.5742672742905662,
AMK2021_45I_p5,,
CW2012_10 µM Erl/control Experiment 1 Replicate A,0.5615640048856217,
SAS2015_PLX/DMSO_Exp2,0.5677253528339262,
EJN2021_1_Ex_Basal,0.5502169836158558,
FR2021_Intensity.M,0.5615574429889495,
RB2022_2_PostSprint,,
AH2018_SILAC_MR_3_N,,
MV2014_Ratio H/L normalized B1___3 (30 min),,
CF2017_FTE 13,0.565700715976739,
PG2020_Intensity CT_C,0.5553147871682629,
ZCP2016_Ratio H/L Rep 1,0.5578632866092592,
FS2019_db/db2,0.5561991416347373,
KS2014_Intensity pY_PV4,,
KBE2022_Log2_Ex_39_U,0.5631043571750306,
EP2017_Untreated R#3 log2 ratio,0.5496625120957443,
RB2022_2_PostStrength,,
AS2011_Ratio H/L Normalized_1,0.5483222671543068,
MV2014_Ratio M/H normalized A3___2 (10 min),,
CR2017_Ratio Replicate 3.4,0.5323731612754998,
HS2024_8_PD_T2,0.5469117968658626,
FS2019_Ctr2,0.5509257365630987,
RB2022_6_PreEndurance,,
FR2021_Norm.Intensity.G,0.5609977615632118,0.34338679689732793
NJH2025_Sub9_HIIT_Post,0.5508630493005272,
CKC2017_log2 normalized phosphoproteomics_0min_rep#3,,
RM2024_Intensity D4-3,,
HS2024_8_B_N1,0.5447347131115958,
NJH2025_Sub10_MICT_Mid,0.555302306640084,
KBE2022_Log2_Ex_15_U,0.5567599095044933,
AS2011_Ratio H/L Normalized Inhi_2,0.553817431127963,
RKK2015_TNF-α/SC-514,0.5343515242506051,
RB2022_3_PreSprint,,
CR2017_Ratio Replicate 2.3,0.5825252349217657,
RM2009_Ratio M/L Normalized by Corresponding Protein Level (M:15 min timepoint;L:0 min. timepoint),,
CP2009_Ratio H/L Normalized (50 nM dasatinib vs Ctrl),,
GF2025_P4_Adh,0.5406492824793407,
YA2020_Reporter_intensity_Normal_No.2,,
YP2020_Intensity P30_R2_mult_log2,,
NJH2025_Sub13_MICT_Post,,
HS2024_4_B_N2,0.5303004853683928,
HS2024_3_PD_T3,0.5625180119570792,
AMK2021_120R_p3,,
MV2014_Ratio L/H normalized A3___3 (2 min),,
NJH2025_Sub10_HIIT_Pre,0.5526595028013844,
FR2021_Intensity.G,0.5631520154691867,0.3484951686635629
RAM2015_Log2 C,0.5469820559950009,
AS2011_Ratio H/L Proteins Inhi_1,0.5589987915973735,
FSO2013_Ratio H/M normalized Rep1___3,,
AH2018_LFQ_M_2_N,,
MV2014_Ratio M/L normalized A1___3 (2 min),,
KBE2022_Log2_Ex_40_T,0.5673850066533108,
CK2022_2 16-1,0.5518502513326389,
RAM2015_Log2 B,0.5438413433252206,
YP2020_Intensity C10_R1_mult_log2,,
FSO2013_Ratio M/L normalized Rep1___2,,
NJH2025_Sub8_MICT_Pre,0.5400405220394345,
EJN2021_4_Rest_Basal,0.5519544997603878,
YB2013_Ratio_H_L_Normalized_in_experiment_2,,
JJ2018_Ratio H/M normalized pP3___1,0.5553567849868773,
VOI2024_Veh2 mono,,
HS2024_6_B_T1,0.5701994336241288,
UK2020_HCM_5,,
NJH2025_Sub10_HIIT_Post,0.5521995404696443,
VOI2024_0.1uM 2 h_3 mono,,
JW2015_Intensity pre3,,
AS2011_Ratio H/L Normalized Inhi_2_1,,
DL2023_24h-3,,
HS2024_7_PD_T3,0.557350813965354,
PG2020_Intensity Mock_10h_B,0.5577261197452559,
WZ2023_Su_025_30min,0.5682214275504505,
AH2018_LFQ_4_N,,
CR2017_Ratio Replicate 1.2,0.542924476996816,
AS2011_Ratio H/L Normalized by Proteins,0.5360331498725428,
RB2022_6_RecoveryStrength,,
HS2024_8_I_N1,0.5443759758032231,
AMK2021_Ctrl_p3,,
AS2011_Ratio H/L Protein Inhi_2,0.5406895424464255,
HH2022_Reporter intensity 7,0.5581820102851236,
AH2018_SILAC_M_1_X,,
RB2022_7_PreEndurance,,
VOI2024_0.1uM 24 h_2 di,,
DL2023_control-2,,
LY2019_P6+,0.5370785417840953,
DB2022_LFQ intensity R2,,
GF2025_P6_Adh,0.5782245998646627,
VOI2024_Veh1 di,,
AS2011_Ratio H/L RNAi_2,0.5483350010569126,
FSO2012_Ratio -/+ 3-MB-PP1 exp. as3,0.5497525064250781,
VOI2024_Veh3 mono,,
HS2024_5_I_T2,0.5576373685817414,
NJH2025_Sub7_HIIT_Mid,,
MV2014_Ratio H/L normalized B1___1 (30 min),0.5515360305721312,
RM2009_Ratio H/L (H:60 min timepoint;L:0 min. timepoint),,
RB2022_6_PostSprint,,
KTGR2014_Ratio H L Normalized Rep2_Rapamycin_0_15,0.5567510491885965,
AS2011_Ratio H/L Inhi_1,0.5432818392184278,
AS2011_Ratio H/L Normalized RNAi_1_2,,
AH2018_TMTMS3_2_C,,
SR2019_Hs578T_Biol_repl_4,,
RB2022_8_PreStrength,,
KS2014_Intensity C5,,
RM2024_Intensity D0-1,,
CW2012_10 µM Gef/control Experiment 3 Replicate A,0.5622588112682705,
YP2020_Intensity P30_R1_mult_log2,,
NJH2025_Sub2_HIIT_Pre,0.5587562104771155,
RB2022_3_RecoveryEndurance,,
RNJ2017_Log2_ratio_Tstim:Trest_D2,,
GF2025_P9_Adh,0.6070219247016979,
RB2022_3_PostStrength,0.5394278986428729,
TM2022_S2.8h.A,0.5548233745080569,
AS2011_Ratio H/L RNAi_1_1,,
AS2011_Ratio H/L Normalized by Proteins RNAi_2,,
FSO2012_Ratio -/+ 3-MB-PP1 exp. wt1,0.5679235996360756,
AS2011_Ratio H/L Normalized by Protein Inhi_1,,
NJH2025_Sub2_MICT_Pre,0.5588062403030427,
MV2014_Ratio L/M normalized A2___3 (10 min),,
MV2014_Ratio H/M normalized A2___3 (2 min),,
HS2024_4_B_T2,0.5610288901520024,
SR2019_BT549_Biol_repl_1,0.5882247588848247,
AH2018_LFQ_M_4_N,,
NJH2024_Sub8_HIIT_Mid,0.5408610053846689,
PG2020_Intensity 8h_B,,
AH2018_LFQ_2_X,,
PG2020_Intensity 2h_B,0.5540939365257507,
AS2011_Ratio H/L Proteins RNAi_1,,
RB2022_4_PostSprint,0.5579758008242813,
KS2014_Intensity E15_3,,
GF2025_P3_Sph,0.5444203801278357,
DB2022_LFQ intensity L2,,
MV2014_Ratio H/L normalized A1___1 (10 min),,
AH2018_SILAC_1_C,,
NJH2024_Sub1_HIIT_Pre,0.5546361960990648,
FSO2013_Ratio M/L normalized Rep2___2,,
NJH2015_TMT Subject 4 130_N/129_C (Exercise/Basal) (normalized),0.5131859211356835,0.2605964349856787
AS2011_Ratio H/L RNAi_2_3,,
AH2018_SILAC_IT_1_N,,
KTGR2014_Ratio H M Normalized Rep2_AA_starvation_0_15,0.5511830112911058,
RB2022_4_PreEndurance,0.5450038911079373,
JJ2018_Ratio M/L normalized pP1,0.5535739863563477,
CR2017_Ratio Replicate 2.4,0.5876940956389927,
ZQ2022_N1,0.5451797958710429,
LY2019_P6-,0.5831027158113441,
RM2024_Intensity D2-3,,
UK2020_HCM_1,,
JW2015_Intensity pre2,,
KTGR2014_Ratio M L Normalized Rep1_AA_starvation_0_15,0.541664533394751,
RM2024_Intensity D2-1,,
NJH2025_Sub12_MICT_Post,0.5490900523575767,
MV2014_Ratio H/M normalized B2___2 (5 min),,
RN2012_L14,0.5376256762502746,
AH2018_LFQ_3_N,,
RKK2015_TNF-α/IKKb,0.5740823669992252,
SFR2015_HL_log2_ratio_std_b,,
UK2020_UA_1,,
KBE2022_Log2_Ex_13_U,0.5671113820867453,
AS2011_Ratio H/L Normalized Inhi_1,0.5433575830603847,
RNJ2017_Log2_ratio_Tsup:Trest_D2,,
RB2022_1_RecoverySprint,,
CKC2017_log2 normalized phosphoproteomics_120min_rep#1,,
JJ2018_Ratio H/L normalized pP3,0.5582094510352543,
CK2022_7 40-1,0.5654442471557066,
AS2011_Ratio H/L Inhi_1_3,0.5584148532148909,
NJH2025_Sub10_HIIT_Mid,0.5519205058344963,
KTGR2014_Ratio H L Normalized Rep2_AA_starvation_0_15,0.550231440944619,
JAW2011_Ratio H/L LS1b_1,0.5590749886763416,
PG2020_Intensity 4h_B,0.5423368880787842,
SR2019_BT549_Biol_repl_2,0.5784748361734362,
RM2024_Intensity D4-2,,
DB2022_LFQ intensity R2.2,,
JJ2018_Ratio H/L normalized,0.5594171116565646,
RB2022_5_PostEndurance,,
HS2024_5_PD_T2,0.5616156025756753,
WZ2023_Su_025_20min,0.567620662797627,
RM2024_Intensity D2-2___1,,
IMM2018_normalised rep. int. CDK5L-2,0.5758235585605399,
LY2019_P8-,0.5822954096862065,
JVO2010_Ratio H/M Normalized by Protein ThymON - Log2 G2,0.5321731956792877,
CKC2017_log2 normalized phosphoproteomics_15min_rep#3,,
FSO2013_Ratio H/L normalized Rep1,0.5237631932597975,
NJH2024_Sub2_HIIT_Pre,0.5587562104771155,
CKC2017_log2 normalized phosphoproteomics_60min_rep#2,,
CK2022_13 40-1,0.5615673474788346,
FSO2012_Ratio -/+ 3-MB-PP1 exp. wt4a,0.5517464001466397,
RN2012_H02,0.5522735144565593,
PG2020_Intensity 10h_D,0.5378494223631923,
RB2022_8_PreEndurance,,
HS2024_3_B_N2,0.5702757832319271,
EJN2021_4_Ex_Ins,0.5527101456329564,
AS2011_Ratio H/L Normalized by Protein,0.5360331498725428,
EJN2021_1_Ex_Ins,0.5523120099712171,
EP2017_Pervanadate R#3 log2 ratio,0.5353068992356151,
FSO2013_Ratio M/L normalized Rep1___3,,
NJH2025_Sub4_HIIT_Mid,0.5495604498976313,
RCJD2014_5min_2,,
RB2022_6_PostStrength,,
AH2018_SILAC_MR_3_C,,
AH2018_LFQ_M_4_C,,
NJH2024_Sub4_MICT_Pre,0.5510343143469023,
AS2011_Ratio H/L Normalized Inhi_1_1,0.5584148532148909,
DL2023_12h-1,,
MV2014_Ratio L/M normalized B2___1 (30 min),,
DB2022_LFQ intensity L1.1,,
NJH2025_Sub6_MICT_Pre,0.561239715103379,
NJH2025_Sub6_MICT_Post,0.5575089842082506,
CKC2017_log2 normalized phosphoproteomics_60min_rep#3,,
RN2012_H04,0.5611912576249626,
CK2022_6 40-1,0.5651614466363284,
DB2022_LFQ intensity R2.1,,
KBE2022_Log2_Ex_42_U,0.5607338976915178,
LY2019_P3-,0.567088204184189,
FR2021_Intensity.A,0.5631054654555633,
EJN2021_3_Ex_Ins,0.5511966438904391,
MV2014_Ratio M/L normalized A1___1 (2 min),0.5429396290026715,
WZ2023_Pe_005_30min,0.5702627821116584,
HS2024_8_PD_T3,0.5559267228180858,
EJN2021_3_Ex_Basal,0.5538675016807677,
AST2020_Control.1,,
JW2015_Intensity cap1,,
PG2020_Intensity CT_A,0.5568007655742503,
FS2019_Ctr3,,
WZ2023_Pu_025_20min,0.5693071257950971,
NJH2025_Sub4_MICT_Post,0.5546418762339413,
JVO2010_Ratio H/M Normalized by Protein Noco3h - Log2 Late S,0.5348942098717533,
GF2025_P10_Adh,0.5442427357990851,
RB2022_1_RecoveryStrength,,
SR2019_HCC1954_Biol_repl_4,0.5397373001928758,
FR2021_Norm.Intensity.N,0.5603502982217344,0.3190403007913742
HS2024_5_B_N1,0.5537856919951422,
FSO2013_Ratio H/M normalized Rep3___3,,
AH2018_TMTMS2_2_C,,
RB2022_4_PreSprint,0.5447098310087333,
DB2022_Intensity R2,,
AH2018_TMTMS2_Pool,,
HS2024_8_I_N2,0.542704900713394,
RB2022_3_RecoveryStrength,,
NJH2024_Sub6_HIIT_Mid,0.557857451877293,
AH2018_SILAC_M_1_C,,
LY2019_P8+,0.5458972816330552,
RB2022_2_RecoveryEndurance,,
JJ2018_Ratio H/M normalized pP2___1,0.5503525036979114,
JAW2011_Ratio H/L HS_1,0.5451158816852666,
RB2022_3_PostEndurance,,
KS2014_Intensity pY_PV1,,
JAW2011_Ratio H/L LS1b_2,,
SR2019_MCF7_Biol_repl_2,,
NJH2015_TMT Subject 2 128_N/127_C (Exercise/Basal) (normalized),0.5738555075994722,0.3621944233763505
AS2011_Ratio H/L Normalized RNAi_1_1,,
AH2018_LFQ_M_4_X,,
NJH2024_Sub6_MICT_Pre,0.561239715103379,
JJ2018_Ratio M/L normalized pP1___2,,
YP2020_Intensity C30_R2_mult_log2,,
NJH2024_Sub9_HIIT_Pre,0.5510747920329048,
AS2011_Ratio H/L Normalized Inhi_2_3,,
RM2024_Intensity D0-1___3,,
FSO2012_Ratio -/+ 3-MB-PP1 exp. wt3,0.5649410465675255,
KBE2022_Log2_Ex_28_U,0.561295397280339,
GRW2016_Ratio H/L normalized SILAC 1___1,,
CF2017_FTE 17,0.5636381908130461,
LY2019_P2-,0.5401497239700396,
AH2018_LFQ_IT_1_X,,
JJ2018_Ratio H/L normalized pP3___1,0.5580910400331962,
RB2022_8_RecoveryStrength,0.5319898372480004,
WZ2023_Pe_005_20min,0.5700863281964871,
AST2020_Control.2,,
NJH2025_Sub6_MICT_Mid,0.553944754754744,
RCJD2014_10min_1,,
FSO2013_Ratio H/L normalized Rep2___3,,
JVO2010_Ratio M/L Normalized by Protein Noco3h - Log2 G1,0.5141074722018062,
HS2024_3_I_T1,0.5495302091240406,
FSO2012_Ratio -/+ 3-MB-PP1 exp. as2a,0.5490680656463189,
CK2022_4 40-1,0.561958862933722,
SR2019_MCF10A_Biol_repl_4,,
KS2014_Intensity pY_C5,,
NJH2025_Sub4_MICT_Pre,0.5510343143469023,
NJH2024_Sub9_MICT_Post,0.5501665174918571,
CF2017_OSE 28,0.5500691344802056,
HS2024_5_B_T2,0.5873501176117626,
HS2024_6_I_T1,0.5436394684616781,
HS2024_5_B_T3,0.5761603068081287,
JJ2018_Ratio H/M normalized pP1___1,0.5530780865153153,
KBE2022_Log2_Ex_36_U,0.5434154626121093,0.31881074256892955
AH2018_TMTMS3_3_N,,
SR2019_HCC1419_Biol_repl_2,0.553758989965693,
FR2021_Intensity.N,0.5603449947973134,0.3188618107876358
AS2011_Ratio H/L Inhi_2_1,,
AH2018_SILAC_MR_1_C,,
NJH2024_Sub1_HIIT_Mid,0.5493841880159694,
NJH2025_Sub8_HIIT_Mid,0.5408610053846689,
EP2017_Mitotic R#3 log2 ratio,0.5479929829966582,
KBE2022_Log2_Ex_36_T,0.5434760176973514,0.3119087356783596
NJH2025_Sub6_HIIT_Mid,0.557857451877293,
WZ2023_Pu_005_30min,0.567955789704348,
KS2014_Intensity C2,,
FSO2013_Ratio H/L normalized Rep1___2,,
RM2024_Intensity D2-2,,
KBE2022_Log2_Ex_42_T,0.5601753333644115,
CK2022_9 200-1,0.5516218186612568,
GRW2016_Ratio H/L normalized SILAC 2___1,,
JJ2018_Ratio H/M normalized pP3___2,,
DB2022_LFQ intensity R1.1,0.5370639624651623,
CK2022_10 200-1,0.5507311627201007,
NJH2024_Sub9_MICT_Mid,0.5508182112679989,
JAW2011_Ratio H/L_2,,
HS2024_7_I_N2,0.5663672352681883,
RBK2021_1332T Late,,
LY2019_P1-,0.5698465273686413,
RKK2015_TNF-α/basal.1,0.5595451753766767,
RKK2015_TNF-α/TNF-α+SC-514,0.5517334522016732,
CR2017_Ratio Replicate 2.5,0.5790399715672578,
HS2024_3_I_T3,0.550895676913676,
CKC2017_log2 normalized phosphoproteomics_90min_rep#2,,
AS2011_Ratio H/L Normalized RNAi_1,,
KS2014_Intensity E15_4,,
ZQ2022_C3,0.5624221188664591,
EJN2021_3_Rest_Ins,0.5539400281015354,
YP2020_Intensity P10_R2_mult_log2,,
MV2014_Ratio H/L normalized A1___3 (10 min),,
NJH2025_Sub1_MICT_Pre,0.5501773346879878,
KBE2022_Log2_Ex_39_T,0.5633957442564745,
FSO2013_Ratio H/M normalized Rep3___2,,
RM2024_Intensity D6-2,,
EP2017_Untreated R#1 log2 ratio,0.5521890586030781,
RKK2015_SC-514/basal,0.5655815608252618,
RM2024_Intensity D6-1___3,,
WZ2023_Pu_010_10min,0.5686694602917496,
NJH2025_Sub9_HIIT_Mid,0.5503885553106281,
SR2019_SKBR3_Biol_repl_4,,
HS2024_5_I_T3,0.5618569628320164,
KS2014_Intensity N1,,
NJH2024_Sub12_MICT_Post,0.5490900523575767,
TM2022_S2.8h.C,0.5547246905522638,
CR2017_Ratio Replicate 1,0.5679790051131819,
AS2011_RNAi 1_Ratio H/L normalized by corresponding protein level (H: shPlk1; L: shEg5),,
CKC2017_log2 normalized phosphoproteomics_30min_rep#3,,
JJ2018_Ratio H/M normalized pP3,0.5554125648715337,
AH2018_SILAC_MR_2_C,,
LATM2013_Log2 Ratio (Medium/Light) Forward,0.5476214876751714,
PG2020_Intensity 2h_A,0.5536105542737385,
NJH2024_Sub6_MICT_Mid,0.553944754754744,
NJH2025_Sub13_HIIT_Post,,
AH2018_SILAC_MR_3_X,,
JJ2018_Ratio H/M normalized___1,0.5486946060828165,
RCJD2014_15min_2,,
AS2011_Ratio H/L_2,,
AS2011_Ratio H/L Normalized,0.5339022391321526,
RN2012_H03,0.5506182560297065,
HS2024_5_B_N2,0.566679097467218,
HS2024_5_I_N1,0.5663295220788919,
HS2024_6_I_N1,0.5472128949707734,
AR2021_KD 48h,0.553175481385104,
FR2021_Intensity.B,0.565049673986936,
RB2022_3_PreEndurance,,
HS2024_5_I_T1,0.5828393950660448,
NJH2024_Sub10_MICT_Pre,0.5554751565257819,
SR2019_LM2_Biol_repl_2,,
AST2020_anti-CD3,,
SR2019_MDAMB231_Biol_repl_1,,
RM2024_Intensity D2-3___3,,
WZ2023_Pe_005_10min,0.570438903534731,
KBE2022_Log2_Ex_29_U,0.5450972442018539,0.3057794849686168
HS2024_7_B_T1,0.5524205056320387,
AH2018_LFQ_M_2_X,,
AH2018_LFQ_IT_4_N,,
CK2022_15 200-1,0.5537457955073244,
RM2024_Intensity D4-1___2,,
JJ2018_Ratio H/M normalized,0.5489196747673408,
JJ2018_Ratio M/L normalized pP3___1,0.5567886941810077,
KBE2022_Log2_Ex_34_T,0.5589343833541041,
CKC2017_log2 normalized phosphoproteomics_0min_rep#2,,
LY2019_P2+,0.5568383258630226,
LATM2013_Log2 Ratio (Light/Medium) Reverse,0.5428733899228894,
CK2022_2 200-1,0.5579701630278038,
AS2011_Ratio H/L Protein RNAi_2,0.5507905687388652,
MV2014_Ratio L/H normalized A3___1 (2 min),,
WZ2023_Su_010_30min,0.5683676888224574,
RN2012_H01,0.5537254410215617,
KTGR2014_Ratio-Rapa 2 mins,0.5438032652914074,
EJN2021_2_Rest_Basal,0.5500614493908362,
KS2014_Intensity pY_E5_3,,
MM2018_Ratio H/L replicate 3,0.5482393079472752,
EP2017_Pervanadate R#1 normalized log2 ratio,0.5436350994310012,
HS2024_8_B_T3,0.576265315387819,
YA2020_Reporter_intensity_Cancer_No.3,,
KBE2022_Log2_Ex_44_U,0.5615692104663197,
WZ2023_Pe_010_20min,0.569796749712915,
KS2014_Intensity pY_C6,,
AS2011_Ratio H/L Normalized_3,,
RCJD2014_15min_mean,,
RB2022_3_PreStrength,0.5543205515646387,
NJH2015_iTRAQ Subject 3 116/117 (Exercise/Basal) (normalized),,
RCJD2014_10min_mean,,
KS2014_Intensity C1,,
FSO2013_Ratio H/M normalized Rep3___1,0.5685041961600049,
AH2018_SILAC_M_3_C,,
RKK2015_TNF-α+IKKb/TNF-α,0.5405140144055995,
RM2024_Intensity D0-3___2,,
FSO2012_Ratio -/+ 3-MB-PP1 exp. wt2a,0.5488982872272299,
AH2018_SILAC_M_2_C,,
AH2018_SILAC_M_2_X,,
KTGR2014_Ratio-Rapa 15 mins,0.5501473179152807,
RM2024_Intensity D4-2___1,,
KBE2022_Log2_Ex_15_T,0.5570966646154308,
VOI2024_0.1uM 24 h_1 di,,
WZ2023_Su_010_10min,0.5685841985551238,
PG2020_Intensity 6h_C,,
JVO2010_Ratio M/L Normalized by Protein Noco45 - Log2 mitosis,0.5568321522818918,
JJ2018_Ratio M/L normalized pP1___1,0.5535958770059319,
AH2018_LFQ_M_3_N,,
VOI2024_0.1uM 24 h_2 mono,,
AH2018_TMTMS2_3_C,,
CK2022_15 16-1,0.5530088592769612,
CK2022_3 16-1,0.5518205920716177,
LY2019_P4-,0.545194053092733,
FSO2013_Ratio H/L normalized Rep3___2,,
KS2014_Intensity pY_PV2,,
HS2024_3_I_N2,0.5716854392746276,
GF2025_P8_Adh,0.5813111017035586,
YC2018_Log2(SKBR3-LR/SKBR3)_Rep.2-2,0.5469808161408012,
GF2025_P5_Sph,0.5657574028366785,
CK2022_10 16-1,0.5478739482487791,
KTGR2014_Ratio H L Normalized Rep1_AA_starvation_0_15,0.5462094502489421,
VOI2024_0.1uM 2 h_2 di,,
NJH2015_TMT Pool 131/130_C (Exercise/Basal) (normalized),0.537287176625317,0.28372438951181345
NJH2024_Sub2_HIIT_Mid,0.5554426604675679,
AMK2021_45I_p3,,
NJH2024_Sub13_HIIT_Mid,,
DB2022_LFQ intensity R1.2,,
DB2022_Intensity R1,,
NJH2024_Sub12_MICT_Mid,0.5465690006360542,
KTGR2014_Ratio M L Normalized Rep1_Rapamycin_0_15,0.553868814248914,
UK2020_HCM_4,,
SAS2015_AZD/DMSO_Exp2,0.5717032259740336,
IMM2018_normalised rep. int. CDK5L-1,0.5751584545783831,
DB2022_LFQ intensity L2.2,0.5512578934782266,
KTGR2014_Ratio H M Normalized Rep1_AA_starvation_0_15,0.5596326942032207,
EP2017_Mitotic R#1 log2 ratio,0.5458430685856561,
EJN2021_2_Ex_Basal,0.5542493837467501,
RM2009_Ratio H/L Normalized by Corresponding Protein Level (H:60 min timepoint;L:0 min. timepoint),,
KTGR2014_Ratio-Rapa 30 mins,0.5454934233656521,
CKC2017_log2 normalized phosphoproteomics_90min_rep#1,,
CF2017_FTE 16,0.5646911423461399,
AR2021_L41 10 μM,0.5654669634598826,
CF2017_EOC 2,0.5640310950651528,
RB2022_6_PostEndurance,,
AH2018_SILAC_1_N,,
NJH2024_Sub10_HIIT_Pre,0.5526595028013844,
AS2011_Ratio H/L Inhi_1_2,,
UK2020_HCM_6,,
RB2022_7_PreSprint,0.5461754100232448,
NJH2024_Sub2_MICT_Pre,0.5588062403030427,
HS2024_3_PD_T2,0.5615198409477189,
CK2022_6 16-1,0.5563070271366244,
ZX2022_CB treated Replicate 1,0.5668370929721458,
BS2014_Log2(Ratio H/L normalized Rep_3),0.5631933189490274,
TM2022_mock.12h.C,0.5562416509350127,
GRW2016_Ratio M/L normalized SILAC 5a___1,,
HH2022_Reporter intensity 0,0.5571943338066595,
RM2024_Intensity D2-2___2,,
JC2019_Normalised_intensity_B_TiOx_Testis_sample_URO0126,,
RB2022_1_PreStrength,,
JJ2018_Ratio H/M normalized pP2___2,,
AH2018_TMTMS2_2_X,,
AR2021_L41 1 μM,0.5504555930636972,
JJ2018_Ratio H/M normalized pP1___2,,
AH2018_TMTMS2_1_N,,
NJH2025_Sub10_MICT_Pre,0.5554751565257819,
JVO2010_Ratio H/M Normalized by Protein Noco45 - Log2 early S,0.5342428330455683,
ZX2022_Control Replicate 3,0.5643850161678279,
KS2014_Intensity C4,,
AS2011_Ratio H/L Inhi_2,0.5541586812023163,
KBE2022_Log2_Ex_18_T,0.552098348417492,0.3584756953932789
NJH2025_Sub9_MICT_Pre,0.5512805800490718,
RCJD2014_20min_1,,
MV2014_Ratio H/M normalized B2___1 (5 min),0.5530061517836616,
FSO2013_Ratio M/L normalized Rep2___3,,
JC2019_Normalised_intensity_C_TiOx_Testis_sample_URO0158,,
SR2019_MCF10A_Biol_repl_3,,
HS2024_7_B_T2,0.5525111991984002,
SAS2015_PLX/DMSO_Exp3,0.5679628297550654,
AMK2021_Ctrl_p5,,
NJH2025_Sub2_HIIT_Mid,0.5554426604675679,
AH2018_LFQ_M_3_C,,
CKC2017_log2 normalized phosphoproteomics_15min_rep#2,,
YA2020_Reporter_intensity_Cancer_No.2,,
FSO2013_Ratio H/M normalized Rep2___3,,
RB2022_8_PreSprint,,
AH2018_SILAC_IT_3_C,,
WZ2023_Pu_025_10min,0.5683259766264477,
RM2024_Intensity D2-2___3,,
AS2011_Ratio H/L_1,0.5355127880971391,
RCJD2014_10min_3,,
FSO2013_Ratio M/L normalized Rep3___1,0.5652084295268571,
SR2019_JIMT1_Biol_repl_4,0.5487572680021262,
YP2020_Intensity C10_R2_mult_log2,,
ZCP2016_Ratio H/L Rep 2,0.5568426696640634,
CF2017_EOC 4,0.561183894154653,
JJ2018_Ratio H/L normalized pP1___1,0.5541072093007691,
WZ2023_Pe_010_30min,0.5695757526962207,
MV2014_Ratio L/M normalized B2___3 (30 min),,
AH2018_LFQ_IT_3_N,,
KS2014_Intensity C6,,
ZQ2022_N3,0.542297046014113,
HW2015_Ratio H/L normalized Exp1,,
CK2022_12 40-1,0.5600086345240604,
NJH2024_Sub7_MICT_Pre,,
ZX2022_Control Replicate 1,0.5648893828602258,
JJ2018_Ratio H/M normalized pP1,0.5532496482875685,
CK2022_16 40-1,0.5616521952241229,
AH2018_SILAC_IT_2_C,,
CK2022_5 40-1,0.5658083806359224,
AH2018_LFQ_3_X,,
UK2020_UA_3,,
LY2019_P7-,0.5824883105337436,
GF2025_P5_Adh,0.5276696746680134,
RB2022_1_PostStrength,,
JAW2011_Ratio H/L LS1b,0.5590749886763416,
FSO2013_Ratio H/L normalized Rep3___1,0.5727215015891054,
SR2019_HCC1954_Biol_repl_3,0.5411480613287051,
CR2017_Ratio Replicate 2.2,0.5740554323690102,
VOI2024_0.1uM 2 h_1 mono,,
MV2014_Ratio L/M normalized A2___1 (10 min),0.5265072467658269,
RNJ2017_Log2_ratio_Tsup:Tstim_D3,,
CK2022_11 16-1,0.5470222427015626,
ZQ2022_C1,0.5585957057607301,
CR2017_Ratio Replicate 2.1,0.5505107775616492,
PG2020_Intensity CT_B,0.5576758028346468,
JJ2018_Ratio M/L normalized___2,,
AH2018_SILAC_MR_1_N,,
KS2014_Intensity pY_E5_1,,
JW2021_Before_3,,
NJH2015_iTRAQ Subject 2 117/116 (Exercise/Basal) (normalized),,
MV2014_Ratio M/H normalized B3___3 (30 min),,
FS2019_db/db1,0.557390830465577,
NJH2025_Sub9_HIIT_Pre,0.5510747920329048,
JAW2011_Ratio H/L_1,0.557475821390756,
RCJD2014_20min_3,,
AH2018_LFQ_3_C,,
JJ2018_Ratio M/L normalized pP3___2,,
AMK2021_45I_p1,,
NJH2025_Sub8_HIIT_Post,0.5376963833606202,
AH2018_LFQ_M_3_X,,
YA2020_Reporter_intensity_Cancer_No.4,,
KS2014_Intensity pY_E5_2,,
FSO2013_Ratio H/L normalized Rep1___3,,
GF2025_P4_Sph,0.5633661167709698,
RB2022_2_PreEndurance,,
JW2021_Before_1,,
KBE2022_Log2_Ex_25_T,0.5470246573177502,
AS2011_Ratio H/L Normalized by Proteins Inhi_2,,
MV2014_Ratio L/M normalized A2___2 (10 min),,
JJ2018_Ratio M/L normalized___1,0.5634732050146886,
FR2021_Intensity.H,0.5628257196220927,0.3252943664403763
CK2022_14 16-1,0.5505831388202481,
AST2020_anti-CD3+PDL2,,
MV2014_Ratio M/L normalized B1___1 (5 min),0.5390423929677857,
KBE2022_Log2_Ex_19_T,0.5631513196652186,
KS2014_Intensity pY_N1,,
RB2022_1_RecoveryEndurance,,
FSO2013_Ratio H/M normalized Rep1___2,,
HS2024_8_I_T1,0.5094476039474833,
NJH2015_iTRAQ Subject 1 115/114 (Exercise/Basal) (normalized),,
EP2017_Mitotic R#2 log2 ratio,0.5475637843328732,
AH2018_TMTMS2_1_X,,
KTGR2014_Ratio M L Normalized Rep2_AA_starvation_0_15,0.5667502076847916,
ZCP2016_Ratio H/L Rep 3,0.5630672197145012,
AS2011_Ratio H/L Normalized RNAi_1_3,,
SR2019_MCF10A_Biol_repl_1,,
NJH2025_Sub8_MICT_Mid,0.5409953337101611,
EJN2021_5_Ex_Ins,0.5553425771050626,
HS2024_6_I_N2,0.5520161763341447,
HH2022_Reporter intensity 4,0.5445092488349486,
RBK2021_1326T Late,,
TM2022_mock.12h.B,0.5563076920753769,
NJH2024_Sub12_MICT_Pre,0.5468567136748185,
RCJD2014_15min_3,,
MV2014_Ratio L/H normalized B3___2 (5 min),,
LG2023_Control-3_intensity,,
JJ2018_Ratio H/L normalized pP3___2,,
CF2017_FTE 15,0.5561700462261061,
HS2024_4_I_T3,0.5858146735523169,
AH2018_SILAC_1_X,,
PG2020_Intensity 10h_B,0.5235517496548929,
AH2018_TMTMS3_1_X,,
CF2017_FTE 14,0.5605992668216346,
NJH2024_Sub13_HIIT_Post,,
RM2024_Intensity D6-3___3,,
NJH2025_Sub7_HIIT_Pre,,
RBK2021_1259T Early,,
RKK2015_IKK+TNF-α/IKKb,0.5659343241552557,
FSO2012_Ratio -/+ 3-MB-PP1 exp. as1b,0.5511400419612311,
PG2020_Intensity 6h_A,,
SR2019_HCC1419_Biol_repl_3,,
KBE2022_Log2_Ex_14_T,0.5676489464807398,
EP2017_Untreated R#2 normalized log2 ratio,0.552401165061127,
RM2024_Intensity D0-2___1,,
DB2022_Intensity L1,,
LY2019_P5+,0.5422694634328107,
HS2024_5_I_N2,0.5584072759159808,
SAS2015_PLX/AZD_Exp3,0.560505164783649,
EP2017_Pervanadate R#2 log2 ratio,0.5396517521390825,
AS2011_Ratio H/L Normalized RNAi_2_1,,
