DatasetName,PHF14_S(196) PHF14_S(208) PHF14_S(25) PHF14_S(26) PHF14_S(277) PHF14_S(278) PHF14_S(280) PHF14_S(283) PHF14_S(29) PHF14_S(290) PHF14_S(291) PHF14_S(294) PHF14_S(295) PHF14_S(296) PHF14_S(297) PHF14_S(298) PHF14_S(302) PHF14_S(307) PHF14_S(308) PHF14_S(37) PHF14_S(530) PHF14_S(574) PHF14_S(59) PHF14_S(620) PHF14_S(635) PHF14_S(651) PHF14_S(75) PHF14_S(828) PHF14_S(835) PHF14_S(84) PHF14_S(856) PHF14_S(905) PHF14_S(91) PHF14_S(936) PHF14_T(139) PHF14_T(287) PHF14_T(292) PHF14_T(570) PHF14_Y(23) PHF14_Y(776),PHF14_S(664)
RM2024_Intensity D4-1___3,,
RB2022_4_PostEndurance,,
FSO2013_Ratio M/L normalized Rep3,0.5045162899942873,
SR2019_MCF7_Biol_repl_3,0.504045161499249,
RKK2015_IKKb(K44M)+TNF-α/IKKb(K44M),0.4945241519573223,
SR2019_LM2_Biol_repl_1,,
RCJD2014_15min_1,0.5058991801412805,
AS2011_Ratio H/L Normalized by Proteins Inhi_1,,
CK2022_7 16-1,0.5053076138760917,
NJH2025_Sub12_HIIT_Mid,,
AH2018_LFQ_IT_1_C,0.5061494714815922,
RKK2015_TNF-α/basal,0.503431433364155,
JJ2018_Ratio H/M normalized pP2,,
NJH2025_Sub12_MICT_Pre,,
NJH2025_Sub7_MICT_Post,,
DL2023_control-3,0.5097502395446588,
ZX2022_Control Replicate 2,0.5095614767762625,
HS2024_6_B_T3,0.5086735635272464,
JW2015_Intensity pre1,,
IMM2018_normalised rep. int. Empty-3,0.5046732596352679,
AMK2021_30R_p5,,
FSO2013_Ratio M/L normalized Rep1,0.5098180234538675,
SR2019_MDAMB231_Biol_repl_4,,
GF2025_P2_Sph,0.5156054769237253,
FSO2012_Ratio -/+ 3-MB-PP1 exp. wt2b,,
NJH2025_Sub13_HIIT_Mid,,
CP2009_Ratio M/L,,
NJH2025_Sub7_HIIT_Post,,
KBE2022_Log2_Ex_44_T,0.5030335810614895,
DB2022_Intensity L2,,
TM2022_mock.4h.C,,
AST2020_anti-CD3.2,0.507927359946193,
CW2012_10 µM Erl/control Experiment 1 Replicate B,,
HS2024_7_B_N1,0.5024256876676243,
FSO2013_Ratio M/L normalized Rep1___1,0.5105789926680049,
SAS2015_AZD/DMSO_Exp3,0.5064787628463814,
RM2024_Intensity D0-2___3,,
RM2024_Intensity D6-1,,
RB2022_8_RecoverySprint,,
RB2022_5_PreEndurance,,
CKC2017_log2 normalized phosphoproteomics_30min_rep#2,0.5116763575593245,
EP2017_Untreated R#4 normalized log2 ratio,0.5134619384497058,
WZ2023_Pu_010_30min,0.5111917795390489,
AS2011_Ratio H/L Proteins RNAi_2,,
RB2022_4_PreStrength,,
NJH2024_Sub4_MICT_Post,,
AH2018_LFQ_M_1_X,0.5133011790799022,
RB2022_8_RecoveryEndurance,,
KBE2022_Log2_Ex_14_U,0.5064909381179054,
FSO2013_Ratio M/L normalized Rep3___3,0.5004772575384351,
AH2018_TMTMS3_1_C,0.5192562221899071,
JJ2018_Ratio H/L normalized___1,,
ZQ2022_C2,,
RB2022_5_PreSprint,,
PG2020_Intensity 8h_C,0.49417166998557843,
AH2018_SILAC_MR_2_N,0.5075745409722566,
MV2014_Ratio M/L normalized A1___2 (2 min),,
TM2022_S2.8h.B,,
MV2014_Ratio M/H normalized B3___1 (30 min),,
FSO2012_Ratio -/+ 3-MB-PP1 exp. as4a,,
RNJ2017_Log2_ratio_Tsup:Tstim_D2,,
RM2024_Intensity D6-1___2,,
NJH2025_Sub7_MICT_Mid,,
LY2019_P1+,0.5143668654614443,
AS2011_Ratio H/L Proteins Inhi_2,,
BS2014_Log2(Ratio H/L normalized),0.5103424971351235,
UK2020_HCM_2,,
FSO2013_Ratio H/L normalized Rep2___2,0.5031636479184786,
EP2017_Pervanadate R#3 normalized log2 ratio,0.5052090747102438,
RM2024_Intensity D4-3___3,,
RB2022_5_PreStrength,,
NJH2024_Sub4_MICT_Mid,,
TM2022_S2.4h.A,,
RB2022_5_PostStrength,,
GF2025_P6_Sph,0.5150581831140812,
RB2022_2_PreSprint,,
ZX2022_CB treated Replicate 3,0.5106630356266056,
RM2024_Intensity D6-2___3,,
WZ2023_Pe_025_10min,0.5056997216545145,
AS2011_Ratio H/L Normalized by Proteins RNAi_1,,
AST2020_anti-CD3+PDL2.1,0.508237511076995,
KBE2022_Log2_Ex_34_U,0.5040774325678983,
WZ2023_Pu_005_10min,0.5072430778338527,
AS2011_Ratio H/L RNAi_2_1,,
NJH2024_Sub9_HIIT_Mid,,
CK2022_9 40-1,0.5066663831014491,
KTGR2014_Ratio H L Normalized Rep1_Rapamycin_0_15,,
LG2023_GSK3α-1_intensity,,
WZ2023_Pu_025_30min,0.5106393204754512,
AH2018_SILAC_MR_2_X,0.5083696089876452,
HS2024_4_PD_T2,0.508490039193874,
NJH2024_Sub4_HIIT_Pre,,
RB2022_2_RecoverySprint,,
AS2011_Ratio H/L Protein RNAi_1,,
RM2024_Intensity D2-1___2,,
CR2017_Ratio Replicate 1.4,0.5289211765027471,
FR2021_Norm.Intensity.B,0.503307681028449,
RM2024_Intensity D6-2___1,,
YC2018_Log2(SKBR3-LR/SKBR3)_Rep.2-1,0.5066440482401376,
RB2022_5_PostSprint,,
EJN2021_3_Rest_Basal,,
CR2017_Ratio Replicate 1.3,0.5294410303796611,
AS2011_Ratio H/L Normalized by Protein RNAi_2,,
KTGR2014_Ratio-Rapa 7 mins,,
AMK2021_120R_p1,,
AH2018_SILAC_3_X,0.5080431886568209,
JJ2018_Ratio M/L normalized pP3,,
AH2018_SILAC_M_2_N,0.49954428212802665,
HS2024_7_PD_T2,0.5073557571651486,
FSO2013_Ratio H/L normalized Rep1___1,0.5042020666233525,
AH2018_LFQ_1_C,0.5037630228813714,
AS2011_Ratio H/L Normalized Inhi_1_3,,
KBE2022_Log2_Ex_28_T,0.501997332094333,
HS2024_3_B_N1,0.5126512089409659,
RM2024_Intensity D4-2___3,,
WZ2023_Pe_025_30min,0.5061752280009253,
CK2022_11 40-1,0.5063832238834796,
CW2012_10 µM Erl/control Experiment 3 Replicate B,,
AH2018_SILAC_2_X,0.506817692010491,
MV2014_Ratio H/M normalized A2___2 (2 min),,
AS2011_Ratio H/L RNAi_1_2,,
KS2014_Intensity E15_1,0.5098146921875855,
FSO2013_Ratio H/L normalized Rep2,0.5056687867088303,
WZ2023_Pu_005_20min,0.5085148756262338,
NJH2024_Sub10_MICT_Post,,
RM2024_Intensity D2-3___1,,
CR2017_Ratio Replicate 1.5,0.5123182978595074,
CW2012_10 µM Gef/control Experiment 2 Replicate B,,
HS2024_7_B_T3,0.5043109193302148,
CKC2017_log2 normalized phosphoproteomics_60min_rep#1,0.5077473113073008,
AS2011_Ratio H/L RNAi_1,,
JC2019_Normalised_intensity_A_TiOx_Testis_sample_URO0059,0.5094766912136641,
AH2018_LFQ_M_1_C,0.505808186376909,
NJH2025_Sub7_MICT_Pre,,
SR2019_SKBR3_Biol_repl_2,,
HS2024_9_B_T2,0.5015696083567597,
KTGR2014_Ratio-AA 7 mins,,
MV2014_Ratio L/H normalized B3___3 (5 min),,
HS2024_3_PD_T1,0.5012831549812323,
FSO2013_Ratio M/L normalized Rep3___2,0.5107695678164275,
SR2019_BT549_Biol_repl_3,,
RCJD2014_20min_mean,0.5002896296167965,
FR2021_Norm.Intensity.H,0.5042456808329921,
RB2022_2_PreStrength,,
DB2022_LFQ intensity L1.2,,
HS2024_4_B_N1,0.5140041678548912,
KTGR2014_Ratio H M Normalized Rep2_Rapamycin_0_15,,
CK2022_1 16-1,0.5054962014288302,
CK2022_1 200-1,0.5098563023024264,
PG2020_Intensity Mock_10h_D,0.4969298287427903,
SR2019_MCF10A_Biol_repl_2,,
JJ2018_Ratio M/L normalized pP2___2,,
HS2024_6_PD_T1,0.5037056606327257,
JVO2010_Ratio M/L Normalized by Protein ThymON - Log2 G1/S,0.5071121359177624,
RB2022_6_RecoveryEndurance,,
FSO2012_Ratio -/+ 3-MB-PP1 exp. wt3b,,
EP2017_Mitotic R#2 normalized log2 ratio,0.5128997245191773,
RCJD2014_5min_1,0.511095047720661,
RM2024_Intensity D4-1___1,,
DL2023_24h-1,,
YC2018_Log2(SKBR3-LR/SKBR3)_Rep.1-1,0.504461174335086,
FSO2012_Ratio -/+ 3-MB-PP1 exp. as2b,,
TM2022_S2.4h.C,,
SAS2015_PLX/AZD_Exp2,0.5129790306349886,
CR2017_Ratio Replicate 3.3,0.5125894514404329,
PG2020_Intensity 2h_C,0.4922916115892394,
VOI2024_Veh2 di,,
ZX2022_CB treated Replicate 2,0.5132237142047675,
KBE2022_Log2_Ex_8_T,0.5060031761779518,
NJH2025_Sub10_MICT_Post,,
HS2024_6_I_T3,0.49147468543582445,
RN2012_L11,0.5021292245404568,
AS2011_Ratio H/L Normalized Inhi_2_2,,
IMM2018_normalised rep. int. Empty-1,0.5048754255582126,
HS2024_5_PD_T1,0.5033114768835905,
AH2018_LFQ_M_2_C,0.507098135565074,
CK2022_3 40-1,0.505603735184158,
RBK2021_1260T Early,,
NJH2024_Sub4_HIIT_Post,,
HS2024_4_I_T1,0.49708719196680196,
YA2020_Reporter_intensity_Cancer_No.5,0.5082893493075165,
HH2022_Reporter intensity 8,0.505721073259347,
ZQ2022_N2,,
FSO2012_Ratio -/+ 3-MB-PP1 exp. wt1b,,
FSO2013_Ratio H/L normalized Rep3___3,,
AH2018_TMTMS3_2_N,0.5056869869901385,
EJN2021_5_Rest_Basal,,
NJH2025_Sub2_HIIT_Post,,
NJH2025_Sub1_MICT_Post,,
HS2024_9_B_T1,0.5024865661631303,
FSO2012_Ratio -/+ 3-MB-PP1 exp. wt1a,,
JAW2011_Ratio H/L LS2_1,,
JVO2010_Log2 Ratio H/M Normalized aphidicolin,,
NJH2024_Sub6_HIIT_Pre,,
AH2018_SILAC_3_N,0.5002916954226024,
YA2020_Reporter_intensity_Normal_No.1,0.5083213795552681,
HS2024_3_B_T1,0.5024150154612204,
JJ2018_Ratio H/L normalized___2,,
RM2024_Intensity D0-2,,
MV2014_Ratio M/L normalized B1___2 (5 min),,
RB2022_7_PostStrength,,
RB2022_1_PostEndurance,,
CR2017_Ratio Replicate 3,0.5077558550505162,
SR2019_Hs578T_Biol_repl_3,,
MV2014_Ratio L/H normalized B3___1 (5 min),,
RBK2021_1244T Early,,
RB2022_3_PostSprint,,
NJH2024_Sub13_MICT_Mid,,
KTGR2014_Ratio-AA 2 mins,,
GF2025_P7_Sph,0.5141306477494765,
HS2024_8_I_T3,0.5046889404091599,
CF2017_EOC 3,0.5035990168043513,
LATM2013_Normalized Log2 Ratio (Medium/Light) Forward,,
HS2024_6_PD_T3,0.48666068459191686,
DL2023_12h-2,0.5098339834690382,
RM2024_Intensity D6-3___1,,
FS2019_Ctr1,0.508304684506188,
WZ2023_Pu_010_20min,0.5100979517115637,
AS2011_Ratio H/L_3,,
CK2022_1 40-1,0.5056041231101999,
RNJ2017_Log2_ratio_Tsup:Trest_D1,,
CK2022_8 16-1,0.5054662150762926,
KS2014_Intensity N3,0.5154308357214534,
RB2022_4_RecoveryEndurance,,
RB2022_5_RecoveryEndurance,,
JAW2011_Ratio H/L LS1a_2,,
NJH2024_Sub12_HIIT_Mid,,
AH2018_LFQ_IT_1_N,0.5048890097658079,
FSO2013_Ratio H/M normalized Rep2,0.5043573835236017,
RAM2015_Log2 A,0.5262831182361608,
HS2024_8_PD_T1,0.505756657513859,
JJ2018_Ratio H/L normalized pP2,,
CF2017_OSE 27,0.5059933888883712,
KS2014_Intensity E15_2,0.5082875760274302,
BS2014_Log2(Ratio H/L protein),,
PG2020_Intensity 8h_A,0.5062732968165585,
HS2024_7_I_T1,0.5040737280446247,
VOI2024_Veh3 di,,
RKK2015_TNF-α+SC-514/basal,0.5197809624739237,
SR2019_JIMT1_Biol_repl_1,0.5053805119468258,
HW2015_Ratio H/L normalized Exp2,,
HS2024_3_I_N1,0.5404147436676763,
AH2018_SILAC_M_3_X,0.5082496108629655,
NJH2024_Sub9_HIIT_Post,,
AS2011_Ratio H/L RNAi_1_3,,
GRW2016_Ratio H/L normalized SILAC 1___2,,
NJH2025_Sub1_HIIT_Pre,,
YC2018_Log2(SKBR3-LR/SKBR3)_Rep.1-2,0.5076315240077592,
NJH2024_Sub4_HIIT_Mid,,
VOI2024_0.1uM 2 h_1 di,,
KBE2022_Log2_Ex_6_T,0.503622423819398,
RM2024_Intensity D4-3___1,,
AH2018_LFQ_4_X,0.5082826357726307,
AS2011_Inhi 2_Ratio H/L normalized by corresponding protein level (H:TAL treatment; L: MA treatment),,
RB2022_8_PostEndurance,,
NJH2025_Sub4_MICT_Mid,,
YP2020_Intensity C30_R1_mult_log2,,
AST2020_anti-CD3.1,0.5085309756489397,
NJH2025_Sub4_HIIT_Post,,
EP2017_Untreated R#4 log2 ratio,0.5140515811398584,
HS2024_6_B_N1,0.5228789302960013,
KBE2022_Log2_Ex_27_T,0.5067327557834138,
CW2012_10 µM Gef/control Experiment 1 Replicate A,,
VOI2024_0.1uM 24 h_1 mono,,
AMK2021_120R_p5,,
AS2011_Ratio H/L Proteins,,
NJH2024_Sub7_HIIT_Post,,
NJH2015_TMT Subject 1 127_N/126 (Exercise/Basal) (normalized),,
AS2011_Ratio H/L RNAi_2_2,,
RB2022_7_RecoveryStrength,,
AH2018_SILAC_IT_3_X,0.5077033245341619,
JAW2011_Ratio H/L,,
PG2020_Intensity 10h_C,0.4930368843167619,
FSO2013_Ratio M/L normalized Rep2,0.504770879030427,
CP2009_Ratio H/M Normalized (50 nM dasatinib vs 5 nM dasatinib),,
HH2022_Reporter intensity 5,0.4989177043973577,
SR2019_HCC1954_Biol_repl_2,,
CK2022_14 40-1,0.5079431447351237,
RB2022_6_PreSprint,,
NJH2025_Sub12_MICT_Mid,,
PG2020_Intensity 4h_D,0.4862941976024147,
NJH2025_Sub2_MICT_Post,,
AH2018_LFQ_4_C,0.5055673834178127,
DL2023_control-1,0.5033385624184625,
AR2021_ALG 10 μM,0.4830046033911694,
JAW2011_Ratio H/L LS2_2,,
AH2018_SILAC_IT_3_N,0.5009076641807213,
EJN2021_4_Rest_Ins,,
RN2012_H05,0.506789577505911,
NJH2024_Sub7_HIIT_Mid,,
GF2025_P2_Adh,0.505560098689737,
FSO2012_Ratio -/+ 3-MB-PP1 exp. as4b,,
RB2022_8_PostSprint,,
EJN2021_1_Rest_Ins,,
HH2022_Reporter intensity 3,0.5120753322577527,
FSO2012_Ratio -/+ 3-MB-PP1 exp. wt4b,,
AH2018_SILAC_IT_1_C,0.5053285991874737,
JW2021_After_3,,
GF2025_P8_Sph,0.5165247429244357,
FSO2012_Ratio -/+ 3-MB-PP1 exp. wt4,,
JJ2018_Ratio M/L normalized pP2___1,,
AH2018_SILAC_2_N,0.5051500469381763,
CK2022_11 200-1,0.5118094401354044,
CK2022_12 200-1,0.5093923736355274,
AS2011_Ratio H/L Normalized by Protein RNAi_1,,
RM2024_Intensity D2-1___3,,
NJH2024_Sub1_MICT_Pre,,
HH2022_Reporter intensity 9,0.5060169410134019,
WZ2023_Su_010_20min,0.5076143229065344,
AH2018_TMTMS2_2_N,0.520228205649005,
NJH2024_Sub13_MICT_Pre,,
KBE2022_Log2_Ex_41_U,0.5038258741918159,
NJH2015_TMT Subject 3 129_N/128_C (Exercise/Basal) (normalized),,
AH2018_TMTMS3_Pool,0.4910493216067479,
KS2014_Intensity N4,0.512705123854176,
NJH2024_Sub1_HIIT_Post,,
MM2018_Ratio H/L replicate2,,
RM2024_Intensity D4-2___2,,
NJH2024_Sub13_HIIT_Pre,,
CF2017_OSE 26,0.508351315764733,
CK2022_14 200-1,0.5086765281312159,
SR2019_Hs578T_Biol_repl_1,,
RB2022_7_PostSprint,,
TM2022_mock.4h.A,,
NJH2025_Sub12_HIIT_Pre,,
AH2018_TMTMS3_1_N,0.494833882026279,
AST2020_anti-CD3+PDL2.2,0.5085217201051642,
PG2020_Intensity Mock_10h_A,0.490826587835003,
JW2021_After_2,,
NJH2024_Sub2_MICT_Post,,
EJN2021_2_Rest_Ins,,
SR2019_LM2_Biol_repl_4,,
CP2009_Ratio H/M,,
JAW2011_Ratio H/L HS,,
CK2022_13 16-1,0.5053748098397601,
GF2025_P1_Adh,0.5070738105985304,
GF2025_P1_Sph,0.5053895356196842,
EJN2021_5_Ex_Basal,,
HS2024_7_I_T3,0.5107378819567993,
JJ2018_Ratio H/L normalized pP2___2,,
WZ2023_Pe_010_10min,0.5064160979601262,
CF2017_EOC 1,0.5087472404009229,
CK2022_3 200-1,0.5097731974433621,
AH2018_LFQ_IT_3_C,0.50596279176449,
SR2019_Hs578T_Biol_repl_2,,
NJH2024_Sub12_HIIT_Post,,
JJ2018_Ratio H/L normalized pP1___2,,
MV2014_Ratio H/L normalized A1___2 (10 min),,
NJH2024_Sub10_MICT_Mid,,
NJH2024_Sub13_MICT_Post,,
BS2014_Log2(Ratio H/L normalized Rep_1),0.5091616194965977,
RB2022_3_RecoverySprint,,
NJH2025_Sub1_HIIT_Mid,,
RCJD2014_20min_2,0.5285681127921542,
FSO2012_Ratio -/+ 3-MB-PP1 exp. wt2,,
HS2024_6_PD_T2,0.5042277883445198,
HS2024_5_B_T1,0.5171394257485266,
CW2012_10 µM Gef/control Experiment 2 Replicate A,,
DL2023_12h-3,0.5103904552539053,
SR2019_MDAMB231_Biol_repl_2,,
HS2024_3_B_T2,0.5277558121360838,
RB2022_6_PreStrength,,
CK2022_2 40-1,0.5055683433621315,
RB2022_1_PostSprint,,
CK2022_4 200-1,0.5098780015736655,
JW2021_Before_2,,
TM2022_S2.12h.A,,
MV2014_Ratio L/M normalized B2___2 (30 min),,
CK2022_5 16-1,0.5061051893133091,
AR2021_ALG 1 μM,0.5064229689534975,
HS2024_4_B_T1,0.4971471243260993,
MV2014_Ratio M/H normalized A3___1 (10 min),,
SR2019_BT549_Biol_repl_4,,
EJN2021_1_Rest_Basal,,
NJH2025_Sub8_MICT_Post,,
RCJD2014_5min_3,0.49408436043211756,
CR2017_Ratio Replicate 3.2,0.5045555853355791,
FSO2012_Ratio -/+ 3-MB-PP1 exp. as3a,,
GF2025_P7_Adh,0.5082513910956796,
CK2022_9 16-1,0.5075351196243064,
NJH2024_Sub6_HIIT_Post,,
AMK2021_30R_p3,,
AS2011_Ratio H/L Normalized RNAi_2,,
RM2024_Intensity D0-2___2,,
KS2014_Intensity pY_N4,,
CK2022_13 200-1,0.5089076563110999,
AS2011_Ratio H/L Normalized_2,,
PG2020_Intensity 6h_D,0.49452472216604815,
CK2022_16 16-1,0.5049795456511114,
FS2019_db/db3,0.5067332257487208,
CK2022_15 40-1,0.508006633347329,
NJH2024_Sub9_MICT_Pre,,
BS2014_Log2(Ratio H/L unmodified peptide),,
WZ2023_Su_005_10min,0.5091278742619705,
RM2009_Ratio M/L (M:15 min timepoint;L:0 min. timepoint),0.5034267689742792,
KBE2022_Log2_Ex_41_T,0.5039724326052756,
AMK2021_Ctrl_p1,,
AH2018_LFQ_IT_3_X,0.5068152402894193,
HS2024_5_PD_T3,0.517505757548395,
AH2018_TMTMS3_3_X,0.5043843759701118,
FSO2012_Ratio -/+ 3-MB-PP1 exp. as2,,
KBE2022_Log2_Ex_40_U,0.5066351065261758,
AH2018_LFQ_M_1_N,0.5050208112946438,
KBE2022_Log2_Ex_27_U,0.5058408910384294,
HW2015_Ratio M/L normalized Exp3,0.5094995167514716,
RKK2015_TNF-α/IKKb(K44M),0.5026366560025951,
AH2018_SILAC_M_1_N,0.5055053506850553,
HW2015_Ratio M/L normalized Exp1,,
RB2022_5_RecoveryStrength,,
YP2020_Intensity P10_R1_mult_log2,,
RB2022_7_PreStrength,,
YA2020_Reporter_intensity_Normal_No.4,0.5063439229896642,
NJH2025_Sub13_HIIT_Pre,,
PG2020_Intensity CT_D,0.493942415243308,
NJH2025_Sub9_MICT_Post,,
VOI2024_Veh1 mono,,
CK2022_12 16-1,0.5068022707127847,
RN2012_L13,0.5100038636499888,
LG2023_Control-1_intensity,,
RM2024_Intensity D6-3___2,,
KBE2022_Log2_Ex_8_U,0.5062655883317074,
SR2019_SKBR3_Biol_repl_3,,
NJH2024_Sub1_MICT_Post,,
HS2024_3_I_T2,0.51484334414611,
KTGR2014_Ratio M L Normalized Rep2_Rapamycin_0_15,,
RM2024_Intensity D0-3___3,,
HS2024_6_I_T2,0.5135574957932882,
CW2012_10 µM Erl/control Experiment 2 Replicate B,,
AS2011_Ratio H/L Protein Inhi_1,,
FSO2013_Ratio H/M normalized Rep2___1,0.5106404244571296,
GRW2016_Ratio M/L normalized SILAC 5a___2,,
CK2022_10 40-1,0.506812381318147,
NJH2024_Sub12_HIIT_Pre,,
NJH2024_Sub8_MICT_Pre,,
RM2024_Intensity D0-1___1,,
LY2019_P3+,0.5142991376437609,
HH2022_Reporter intensity 6,0.5065315934112957,
RB2022_2_RecoveryStrength,,
KTGR2014_Ratio-AA 15 mins,,
AS2011_Ratio H/L Normalized RNAi_2_2,,
KS2014_Intensity pY_N3,,
MV2014_Ratio H/L normalized B1___2 (30 min),,
LY2019_P5-,0.5111172181281999,
HW2015_Ratio M/L normalized Exp2,,
SR2019_HCC1419_Biol_repl_1,,
AH2018_TMTMS2_3_X,0.5230634194160195,
GF2025_P3_Adh,0.502701910394275,
SR2019_JIMT1_Biol_repl_2,0.5055658431101131,
AH2018_TMTMS2_1_C,0.5185794420598244,
RM2024_Intensity D0-1___2,,
LY2019_P4+,0.5006367823844535,
KBE2022_Log2_Ex_19_U,0.5062844161552676,
CKC2017_log2 normalized phosphoproteomics_0min_rep#1,,
RB2022_4_PostStrength,,
LG2023_GSK3α-3_intensity,,
YA2020_Reporter_intensity_Cancer_No.1,0.5115295959381925,
AST2020_Control,0.5072674618366103,
JAW2011_Ratio H/L LS1a,,
RCJD2014_5min_mean,0.505058187753749,
NJH2015_iTRAQ Subject 4 114/115 (Exercise/Basal) (normalized),,
NJH2025_Sub1_MICT_Mid,,
TM2022_S2.12h.C,,
NJH2025_Sub9_MICT_Mid,,
CKC2017_log2 normalized phosphoproteomics_120min_rep#2,0.5058593874263411,
AS2011_Ratio H/L Normalized Inhi_1_2,,
FSO2013_Ratio M/L normalized Rep2___1,0.5063594120629547,
LG2023_Control-2_intensity,,
NJH2024_Sub8_HIIT_Pre,,
KS2014_Intensity pY_N2,,
RB2022_5_RecoverySprint,,
RB2022_7_RecoverySprint,,
YA2020_Reporter_intensity_Normal_No.3,0.5044054647662437,
HS2024_8_B_T2,0.5124453603633818,
AH2018_LFQ_1_X,0.5098967052075111,
RM2024_Intensity D6-1___1,,
RCJD2014_10min_2,0.5052429257132327,
FR2021_Norm.Intensity.M,0.505928868290325,
RM2024_Intensity D0-3___1,,
KS2014_Intensity N2,0.5164753867182206,
HH2022_Reporter intensity 1,0.5116092432513872,
HH2022_Reporter intensity 2,0.5119196695036684,
RM2024_Intensity D6-2___2,,
FSO2012_Ratio -/+ 3-MB-PP1 exp. as1,,
RM2024_Intensity D2-3___2,,
YA2020_Reporter_intensity_Normal_No.5,0.5089690197474267,
SR2019_MCF7_Biol_repl_1,,
FSO2012_Ratio -/+ 3-MB-PP1 exp. as1a,,
HS2024_8_B_T1,0.5045589945989155,
NJH2025_Sub6_HIIT_Pre,,
RNJ2017_Log2_ratio_Tsup:Tstim_D1,,
EP2017_Untreated R#2 log2 ratio,0.5028903104353192,
SR2019_LM2_Biol_repl_3,,
RB2022_4_RecoveryStrength,,
CR2017_Ratio Replicate 2,0.5239963066430968,
CW2012_10 µM Erl/control Experiment 2 Replicate A,,
FSO2013_Ratio H/M normalized Rep3,0.5061363196543391,
AR2021_KD 72h,0.5209535222471614,
MV2014_Ratio H/M normalized B2___3 (5 min),,
KBE2022_Log2_Ex_18_U,0.5067809402792331,
AS2011_Ratio H/L Inhi_1_1,,
NJH2024_Sub8_MICT_Post,,
AH2018_TMTMS3_3_C,0.5053965493368194,
KBE2022_Log2_Ex_9_U,0.5051459725285886,
AH2018_SILAC_M_3_N,0.5007616433627213,
KBE2022_Log2_Ex_13_T,0.5065715295409718,
RM2024_Intensity D0-3,,
SR2019_SKBR3_Biol_repl_1,,
PG2020_Intensity Mock_10h_C,0.4910973073195202,
CF2017_OSE 29,0.5050593845977621,
YB2013_Ratio_H_L_Normalized_in_experiment_1,,
NJH2025_Sub1_HIIT_Post,,
DL2023_24h-2,0.507502811455887,
HS2024_7_B_N2,0.5147756984738059,
PG2020_Intensity 10h_A,0.5047768283818614,
RN2012_L12,0.5096551826386191,
MV2014_Ratio M/L normalized B1___3 (5 min),,
NJH2024_Sub8_MICT_Mid,,
AH2018_LFQ_IT_4_C,0.5044646326132295,
SAS2015_PLX/AZD_Exp1,0.5097288222696974,
FR2021_Norm.Intensity.A,0.5039000825441995,
FSO2013_Ratio H/M normalized Rep1___1,0.5127539907530773,
JW2015_Intensity cap2,,
BS2014_Log2(Ratio H/L normalized Rep_2),0.5096447530828738,
NJH2024_Sub6_MICT_Post,,
CK2022_8 40-1,0.5061080062321118,
RB2022_7_RecoveryEndurance,,
NJH2025_Sub12_HIIT_Post,,
EJN2021_4_Ex_Basal,,
TM2022_S2.12h.B,,
RN2012_L15,0.5086014487292735,
KS2014_Intensity pY_PV3,,
TM2022_S2.4h.B,,
PG2020_Intensity 4h_A,0.4831158519803453,
FSO2013_Ratio H/M normalized Rep2___2,0.5070149323341744,
TM2022_mock.4h.B,,
KBE2022_Log2_Ex_24_U,0.5019922641217084,
NJH2025_Sub13_MICT_Mid,,
KS2014_Intensity C3,0.5130820658927173,
RB2022_1_PreSprint,,
HS2024_4_I_N1,0.5036521170399543,
CK2022_7 200-1,0.5110882002908059,
CK2022_5 200-1,0.5111267475756871,
CKC2017_log2 normalized phosphoproteomics_120min_rep#3,,
FSO2013_Ratio H/L normalized Rep2___1,0.5084625207400749,
NJH2024_Sub10_HIIT_Mid,,
RB2022_2_PostEndurance,,
AH2018_LFQ_2_C,0.5063971708036316,
AH2018_SILAC_MR_1_X,0.5015631881137456,
KTGR2014_Ratio H M Normalized Rep1_Rapamycin_0_15,,
IMM2018_normalised rep. int. Empty-2,0.5042831388107445,
RM2024_Intensity D4-1,,
KBE2022_Log2_Ex_25_U,0.5048160946092707,
AH2018_SILAC_3_C,0.5044727327495188,
EJN2021_5_Rest_Ins,,
VOI2024_0.1uM 24 h_3 di,,
RNJ2017_Log2_ratio_Tstim:Trest_D3,,
DB2022_LFQ intensity L2.1,,
FSO2013_Ratio H/M normalized Rep1,0.5087384109924883,
CK2022_4 16-1,0.5052502454989721,
AS2011_Ratio H/L,,
SR2019_MCF7_Biol_repl_4,0.5040119587887355,
EJN2021_2_Ex_Ins,,
AS2011_Ratio H/L Inhi_2_3,,
JAW2011_Ratio H/L LS1a_1,,
AH2018_LFQ_1_N,0.5017830097958658,
SAS2015_PLX/DMSO_Exp1,0.5147431222459182,
SFR2015_HL_log2_ratio_avg_c,0.5015354095789581,
JJ2018_Ratio M/L normalized pP2,,
NJH2024_Sub7_MICT_Mid,,
PG2020_Intensity 6h_B,0.4979354273180171,
FSO2013_Ratio H/L normalized Rep3,0.5178143450718707,
GRW2016_Ratio H/L normalized SILAC 2___2,,
RKK2015_IKKb(K44M)+TNF-α/TNF-α,0.5043634551556431,
JJ2018_Ratio M/L normalized,,
KTGR2014_Ratio-AA 30 mins,,
JW2021_After_1,,
NJH2025_Sub2_MICT_Mid,,
HS2024_6_B_N2,0.5033209546926294,
KBE2022_Log2_Ex_9_T,0.5068721162157007,
AH2018_SILAC_IT_2_N,0.5077894958346195,
AH2018_SILAC_IT_1_X,0.5083341765629771,
HW2015_Ratio H/L normalized Exp3,0.505490803804568,
HS2024_7_PD_T1,0.5065301353959749,
UK2020_UA_2,,
RM2024_Intensity D2-1___1,,
GF2025_P10_Sph,0.5137303695160739,
WZ2023_Pe_025_20min,0.5043542664458467,
JVO2010_Log2 Ratio M/L Normalized aphidicolin,0.5131386970755325,
AH2018_LFQ_2_N,0.5045873692262636,
HS2024_4_I_N2,0.513147778395379,
AH2018_TMTMS2_3_N,0.5194559071240625,
RN2012_H06,0.5043336902151256,
AS2011_Inhi 1_Ratio H/L normalized by corresponding protein level (H:TAL treatment; L: MA treatment),,
HS2024_4_PD_T3,0.5140221417572863,
WZ2023_Su_005_30min,0.5100379603087188,
SR2019_HCC1419_Biol_repl_4,,
JJ2018_Ratio H/M normalized___2,,
SR2019_JIMT1_Biol_repl_3,0.5060548291204746,
AS2011_Ratio H/L Protein,,
UK2020_HCM_3,,
NJH2024_Sub10_HIIT_Post,,
CR2017_Ratio Replicate 3.1,0.502514616026857,
WZ2023_Su_025_10min,0.5080620103325435,
AH2018_LFQ_IT_4_X,0.5080318034766451,
CP2009_Ratio H/L,,
VOI2024_0.1uM 24 h_3 mono,,
RB2022_4_RecoverySprint,,
RM2024_Intensity D6-3,,
WZ2023_Su_005_20min,0.509167303196999,
CW2012_10 µM Gef/control Experiment 1 Replicate B,,
SFR2015_HL_log2_ratio_avg_a,0.502150655367709,
CW2012_10 µM Erl/control Experiment 3 Replicate A,,
RB2022_1_PreEndurance,,
FSO2012_Ratio -/+ 3-MB-PP1 exp. wt3a,,
LG2023_GSK3α-2_intensity,,
EP2017_Pervanadate R#1 log2 ratio,0.5033066447860769,
NJH2025_Sub6_HIIT_Post,,
RB2022_6_RecoverySprint,,
KS2014_Intensity,0.5161021525398877,
MV2014_Ratio H/M normalized A2___1 (2 min),,
PG2020_Intensity 8h_D,0.5059236885148655,
LY2019_P7+,0.5010676239022256,
EP2017_Untreated R#1 normalized log2 ratio,0.5110073213151295,
RN2012_L10,0.5021738412157305,
PG2020_Intensity 4h_C,0.49668917702927795,
EP2017_Mitotic R#3 normalized log2 ratio,0.5107480967162533,
FSO2012_Ratio -/+ 3-MB-PP1 exp. as4,,
DB2022_LFQ intensity L1,,
KBE2022_Log2_Ex_24_T,0.5024360339263729,
RB2022_8_PostStrength,,
AH2018_SILAC_IT_2_X,0.5091216787892926,
HS2024_4_B_T3,0.4984526301927513,
NJH2024_Sub2_HIIT_Post,,
HS2024_8_B_N2,0.5097919667206712,
NJH2025_Sub8_HIIT_Pre,,
JJ2018_Ratio H/L normalized pP2___1,,
HS2024_8_I_T2,0.5223537087472216,
KBE2022_Log2_Ex_6_U,0.5043714799573464,
LATM2013_Normalized Log2 Ratio (Light/Medium) Reverse,,
CR2017_Ratio Replicate 1.1,0.503555657641179,
CKC2017_log2 normalized phosphoproteomics_30min_rep#1,0.5117717000342986,
MV2014_Ratio M/H normalized B3___2 (30 min),,
CK2022_16 200-1,0.5073440412064143,
VOI2024_0.1uM 2 h_3 di,,
EP2017_Mitotic R#1 normalized log2 ratio,0.5121568118727899,
GF2025_P9_Sph,0.5146852960867438,
CK2022_6 200-1,0.5112462282402203,
NJH2024_Sub7_MICT_Post,,
AH2018_TMTMS3_2_X,0.4947482442177387,
NJH2024_Sub8_HIIT_Post,,
DB2022_LFQ intensity R1,,
JW2015_Intensity cap3,,
SR2019_HCC1954_Biol_repl_1,,
HS2024_4_I_T2,0.512850059017097,
NJH2024_Sub2_MICT_Mid,,
VOI2024_0.1uM 2 h_2 mono,,
CP2009_Ratio M/L Normalized (5 nM dasatinib vs Ctrl),,
FSO2012_Ratio -/+ 3-MB-PP1 exp. as3b,,
HS2024_4_PD_T1,0.5100212879519821,
SAS2015_AZD/DMSO_Exp1,0.517535506190746,
NJH2024_Sub1_MICT_Mid,,
IMM2018_normalised rep. int. CDK5L-3,0.5054490289293485,
HS2024_3_B_T3,0.5066138654056588,
MV2014_Ratio L/H normalized A3___2 (2 min),,
NJH2025_Sub13_MICT_Pre,,
SR2019_MDAMB231_Biol_repl_3,,
GRW2016_Ratio H/L normalized SILAC 4___1,,
MM2018_Ratio H/L replicate1,,
PG2020_Intensity 2h_D,0.48880333940144605,
EP2017_Untreated R#3 normalized log2 ratio,0.5126391678173012,
MV2014_Ratio M/H normalized A3___3 (10 min),,
NJH2024_Sub7_HIIT_Pre,,
JAW2011_Ratio H/L LS2,,
CK2022_8 200-1,0.5108606306166632,
KS2014_Intensity pY_C4,,
CR2017_Ratio Replicate 3.5,0.5193522530700574,
RB2022_7_PostEndurance,,
NJH2025_Sub4_HIIT_Pre,,
CKC2017_log2 normalized phosphoproteomics_90min_rep#3,0.5060282710528267,
TM2022_mock.12h.A,,
JJ2018_Ratio H/L normalized pP1,,
EP2017_Pervanadate R#2 normalized log2 ratio,0.5033825036398352,
AS2011_Ratio H/L Normalized by Protein (Unnormalized),,
KS2014_Intensity pY_E5_4,,
RM2024_Intensity D4-3___2,,
CKC2017_log2 normalized phosphoproteomics_15min_rep#1,0.5127740963836567,
AH2018_SILAC_2_C,0.5059651734896449,
AS2011_RNAi 2_Ratio H/L normalized by corresponding protein level (H: shPlk1; L: shEg5),,
HS2024_7_I_N1,0.5176814092392562,
KBE2022_Log2_Ex_29_T,0.5060584610850408,
HS2024_7_I_T2,0.5131826500404324,
AS2011_Ratio H/L Normalized RNAi_2_3,,
CW2012_10 µM Gef/control Experiment 3 Replicate B,,
HS2024_6_B_T2,0.5102771249579192,
AMK2021_45I_p5,,
CW2012_10 µM Erl/control Experiment 1 Replicate A,,
SAS2015_PLX/DMSO_Exp2,0.5130333005879602,
EJN2021_1_Ex_Basal,,
FR2021_Intensity.M,0.505928868290325,
RB2022_2_PostSprint,,
AH2018_SILAC_MR_3_N,0.49918229157135363,
MV2014_Ratio H/L normalized B1___3 (30 min),,
CF2017_FTE 13,0.5041992485306852,
PG2020_Intensity CT_C,0.499943909003842,
ZCP2016_Ratio H/L Rep 1,,
FS2019_db/db2,0.5072033145150829,
KS2014_Intensity pY_PV4,,
KBE2022_Log2_Ex_39_U,0.5066244915560589,
EP2017_Untreated R#3 log2 ratio,0.5134759822905971,
RB2022_2_PostStrength,,
AS2011_Ratio H/L Normalized_1,,
MV2014_Ratio M/H normalized A3___2 (10 min),,
CR2017_Ratio Replicate 3.4,0.49998955510019594,
HS2024_8_PD_T2,0.5024508519375944,
FS2019_Ctr2,0.5077847197420582,
RB2022_6_PreEndurance,,
FR2021_Norm.Intensity.G,0.5033092934961992,
NJH2025_Sub9_HIIT_Post,,
CKC2017_log2 normalized phosphoproteomics_0min_rep#3,0.5030227992338082,
RM2024_Intensity D4-3,,
HS2024_8_B_N1,0.5231267880442407,
NJH2025_Sub10_MICT_Mid,,
KBE2022_Log2_Ex_15_U,0.503977146362921,
AS2011_Ratio H/L Normalized Inhi_2,,
RKK2015_TNF-α/SC-514,0.5109867207026396,
RB2022_3_PreSprint,,
CR2017_Ratio Replicate 2.3,0.5040055381984686,
RM2009_Ratio M/L Normalized by Corresponding Protein Level (M:15 min timepoint;L:0 min. timepoint),0.5043476097513631,
CP2009_Ratio H/L Normalized (50 nM dasatinib vs Ctrl),,
GF2025_P4_Adh,0.5068431528295212,
YA2020_Reporter_intensity_Normal_No.2,0.507686764530811,
YP2020_Intensity P30_R2_mult_log2,,
NJH2025_Sub13_MICT_Post,,
HS2024_4_B_N2,0.5102833225370563,
HS2024_3_PD_T3,0.5279130109595858,
AMK2021_120R_p3,,
MV2014_Ratio L/H normalized A3___3 (2 min),,
NJH2025_Sub10_HIIT_Pre,,
FR2021_Intensity.G,0.5040581450482539,
RAM2015_Log2 C,0.5218552001047694,
AS2011_Ratio H/L Proteins Inhi_1,,
FSO2013_Ratio H/M normalized Rep1___3,0.5026511782012216,
AH2018_LFQ_M_2_N,0.507961348763825,
MV2014_Ratio M/L normalized A1___3 (2 min),,
KBE2022_Log2_Ex_40_T,0.5064299175622321,
CK2022_2 16-1,0.5062546779772246,
RAM2015_Log2 B,0.5206032707661234,
YP2020_Intensity C10_R1_mult_log2,,
FSO2013_Ratio M/L normalized Rep1___2,0.5095618415485779,
NJH2025_Sub8_MICT_Pre,,
EJN2021_4_Rest_Basal,,
YB2013_Ratio_H_L_Normalized_in_experiment_2,,
JJ2018_Ratio H/M normalized pP3___1,,
VOI2024_Veh2 mono,,
HS2024_6_B_T1,0.5100429089680663,
UK2020_HCM_5,,
NJH2025_Sub10_HIIT_Post,,
VOI2024_0.1uM 2 h_3 mono,,
JW2015_Intensity pre3,,
AS2011_Ratio H/L Normalized Inhi_2_1,,
DL2023_24h-3,0.5090796764051568,
HS2024_7_PD_T3,0.5086411448639152,
PG2020_Intensity Mock_10h_B,0.49420178240486373,
WZ2023_Su_025_30min,0.5090300766301835,
AH2018_LFQ_4_N,0.5016086201511233,
CR2017_Ratio Replicate 1.2,0.5078614095601451,
AS2011_Ratio H/L Normalized by Proteins,,
RB2022_6_RecoveryStrength,,
HS2024_8_I_N1,0.5175766329991747,
AMK2021_Ctrl_p3,,
AS2011_Ratio H/L Protein Inhi_2,,
HH2022_Reporter intensity 7,0.501344993201789,
AH2018_SILAC_M_1_X,0.5078818001725974,
RB2022_7_PreEndurance,,
VOI2024_0.1uM 24 h_2 di,,
DL2023_control-2,0.5094825384277293,
LY2019_P6+,0.5116986698585884,
DB2022_LFQ intensity R2,,
GF2025_P6_Adh,0.5114770091046085,
VOI2024_Veh1 di,,
AS2011_Ratio H/L RNAi_2,,
FSO2012_Ratio -/+ 3-MB-PP1 exp. as3,,
VOI2024_Veh3 mono,,
HS2024_5_I_T2,0.505954195097226,
NJH2025_Sub7_HIIT_Mid,,
MV2014_Ratio H/L normalized B1___1 (30 min),,
RM2009_Ratio H/L (H:60 min timepoint;L:0 min. timepoint),0.5084750714837494,
RB2022_6_PostSprint,,
KTGR2014_Ratio H L Normalized Rep2_Rapamycin_0_15,,
AS2011_Ratio H/L Inhi_1,,
AS2011_Ratio H/L Normalized RNAi_1_2,,
AH2018_TMTMS3_2_C,0.5078065108564577,
SR2019_Hs578T_Biol_repl_4,,
RB2022_8_PreStrength,,
KS2014_Intensity C5,0.5127977458197761,
RM2024_Intensity D0-1,,
CW2012_10 µM Gef/control Experiment 3 Replicate A,,
YP2020_Intensity P30_R1_mult_log2,,
NJH2025_Sub2_HIIT_Pre,,
RB2022_3_RecoveryEndurance,,
RNJ2017_Log2_ratio_Tstim:Trest_D2,,
GF2025_P9_Adh,0.5146142784953709,
RB2022_3_PostStrength,,
TM2022_S2.8h.A,,
AS2011_Ratio H/L RNAi_1_1,,
AS2011_Ratio H/L Normalized by Proteins RNAi_2,,
FSO2012_Ratio -/+ 3-MB-PP1 exp. wt1,,
AS2011_Ratio H/L Normalized by Protein Inhi_1,,
NJH2025_Sub2_MICT_Pre,,
MV2014_Ratio L/M normalized A2___3 (10 min),,
MV2014_Ratio H/M normalized A2___3 (2 min),,
HS2024_4_B_T2,0.5013685276055367,
SR2019_BT549_Biol_repl_1,,
AH2018_LFQ_M_4_N,0.5050170669075901,
NJH2024_Sub8_HIIT_Mid,,
PG2020_Intensity 8h_B,0.5069166391822479,
AH2018_LFQ_2_X,0.5092570099092543,
PG2020_Intensity 2h_B,0.49893278245214895,
AS2011_Ratio H/L Proteins RNAi_1,,
RB2022_4_PostSprint,,
KS2014_Intensity E15_3,0.5108984253023695,
GF2025_P3_Sph,0.5103696052684301,
DB2022_LFQ intensity L2,,
MV2014_Ratio H/L normalized A1___1 (10 min),,
AH2018_SILAC_1_C,0.5061575516622742,
NJH2024_Sub1_HIIT_Pre,,
FSO2013_Ratio M/L normalized Rep2___2,0.5116817002452688,
NJH2015_TMT Subject 4 130_N/129_C (Exercise/Basal) (normalized),,
AS2011_Ratio H/L RNAi_2_3,,
AH2018_SILAC_IT_1_N,0.5049130893606135,
KTGR2014_Ratio H M Normalized Rep2_AA_starvation_0_15,,
RB2022_4_PreEndurance,,
JJ2018_Ratio M/L normalized pP1,,
CR2017_Ratio Replicate 2.4,0.4947377139945643,
ZQ2022_N1,,
LY2019_P6-,0.5159336843200018,
RM2024_Intensity D2-3,,
UK2020_HCM_1,,
JW2015_Intensity pre2,,
KTGR2014_Ratio M L Normalized Rep1_AA_starvation_0_15,,
RM2024_Intensity D2-1,,
NJH2025_Sub12_MICT_Post,,
MV2014_Ratio H/M normalized B2___2 (5 min),,
RN2012_L14,0.5006463879642513,
AH2018_LFQ_3_N,0.4991386357683818,
RKK2015_TNF-α/IKKb,0.5002117350108672,
SFR2015_HL_log2_ratio_std_b,0.5041207011708877,
UK2020_UA_1,,
KBE2022_Log2_Ex_13_U,0.5072452809967233,
AS2011_Ratio H/L Normalized Inhi_1,,
RNJ2017_Log2_ratio_Tsup:Trest_D2,,
RB2022_1_RecoverySprint,,
CKC2017_log2 normalized phosphoproteomics_120min_rep#1,,
JJ2018_Ratio H/L normalized pP3,,
CK2022_7 40-1,0.5061162329029962,
AS2011_Ratio H/L Inhi_1_3,,
NJH2025_Sub10_HIIT_Mid,,
KTGR2014_Ratio H L Normalized Rep2_AA_starvation_0_15,,
JAW2011_Ratio H/L LS1b_1,,
PG2020_Intensity 4h_B,0.49703538193928737,
SR2019_BT549_Biol_repl_2,,
RM2024_Intensity D4-2,,
DB2022_LFQ intensity R2.2,,
JJ2018_Ratio H/L normalized,,
RB2022_5_PostEndurance,,
HS2024_5_PD_T2,0.519601773523788,
WZ2023_Su_025_20min,0.5081268357949342,
RM2024_Intensity D2-2___1,,
IMM2018_normalised rep. int. CDK5L-2,0.505336652858866,
LY2019_P8-,0.508401078708612,
JVO2010_Ratio H/M Normalized by Protein ThymON - Log2 G2,0.5075266035018933,
CKC2017_log2 normalized phosphoproteomics_15min_rep#3,0.512418433579224,
FSO2013_Ratio H/L normalized Rep1,0.49869339305264015,
NJH2024_Sub2_HIIT_Pre,,
CKC2017_log2 normalized phosphoproteomics_60min_rep#2,0.5100661946331144,
CK2022_13 40-1,0.5078760728044394,
FSO2012_Ratio -/+ 3-MB-PP1 exp. wt4a,,
RN2012_H02,0.4995504717910058,
PG2020_Intensity 10h_D,0.501158081651788,
RB2022_8_PreEndurance,,
HS2024_3_B_N2,0.5263811608711436,
EJN2021_4_Ex_Ins,,
AS2011_Ratio H/L Normalized by Protein,,
EJN2021_1_Ex_Ins,,
EP2017_Pervanadate R#3 log2 ratio,0.5054090615723212,
FSO2013_Ratio M/L normalized Rep1___3,0.5028163256255741,
NJH2025_Sub4_HIIT_Mid,,
RCJD2014_5min_2,0.5173450902888892,
RB2022_6_PostStrength,,
AH2018_SILAC_MR_3_C,0.4996975600720198,
AH2018_LFQ_M_4_C,0.5076970231906637,
NJH2024_Sub4_MICT_Pre,,
AS2011_Ratio H/L Normalized Inhi_1_1,,
DL2023_12h-1,0.5084768547286703,
MV2014_Ratio L/M normalized B2___1 (30 min),,
DB2022_LFQ intensity L1.1,,
NJH2025_Sub6_MICT_Pre,,
NJH2025_Sub6_MICT_Post,,
CKC2017_log2 normalized phosphoproteomics_60min_rep#3,0.508132148492971,
RN2012_H04,0.5077487042169292,
CK2022_6 40-1,0.5063209528995649,
DB2022_LFQ intensity R2.1,,
KBE2022_Log2_Ex_42_U,0.5112212210122101,
LY2019_P3-,0.5101689584024484,
FR2021_Intensity.A,0.5031383066564078,
EJN2021_3_Ex_Ins,,
MV2014_Ratio M/L normalized A1___1 (2 min),,
WZ2023_Pe_005_30min,0.5069924309885571,
HS2024_8_PD_T3,0.5009126299865232,
EJN2021_3_Ex_Basal,,
AST2020_Control.1,0.5084285498625011,
JW2015_Intensity cap1,,
PG2020_Intensity CT_A,0.4916691474333866,
FS2019_Ctr3,0.5078299841096278,
WZ2023_Pu_025_20min,0.5108228023915207,
NJH2025_Sub4_MICT_Post,,
JVO2010_Ratio H/M Normalized by Protein Noco3h - Log2 Late S,0.5079605528132102,
GF2025_P10_Adh,0.5107996548454047,
RB2022_1_RecoveryStrength,,
SR2019_HCC1954_Biol_repl_4,,
FR2021_Norm.Intensity.N,0.5039008702713713,
HS2024_5_B_N1,0.5062794787109118,
FSO2013_Ratio H/M normalized Rep3___3,0.49554572301281763,
AH2018_TMTMS2_2_C,0.518112440302026,
RB2022_4_PreSprint,,
DB2022_Intensity R2,,
AH2018_TMTMS2_Pool,0.5004102408225259,
HS2024_8_I_N2,0.5199889881887789,
RB2022_3_RecoveryStrength,,
NJH2024_Sub6_HIIT_Mid,,
AH2018_SILAC_M_1_C,0.5074151232931611,
LY2019_P8+,0.5066711076694836,
RB2022_2_RecoveryEndurance,,
JJ2018_Ratio H/M normalized pP2___1,,
JAW2011_Ratio H/L HS_1,,
RB2022_3_PostEndurance,,
KS2014_Intensity pY_PV1,,
JAW2011_Ratio H/L LS1b_2,,
SR2019_MCF7_Biol_repl_2,0.5032760972122159,
NJH2015_TMT Subject 2 128_N/127_C (Exercise/Basal) (normalized),,
AS2011_Ratio H/L Normalized RNAi_1_1,,
AH2018_LFQ_M_4_X,0.5114323848625354,
NJH2024_Sub6_MICT_Pre,,
JJ2018_Ratio M/L normalized pP1___2,,
YP2020_Intensity C30_R2_mult_log2,,
NJH2024_Sub9_HIIT_Pre,,
AS2011_Ratio H/L Normalized Inhi_2_3,,
RM2024_Intensity D0-1___3,,
FSO2012_Ratio -/+ 3-MB-PP1 exp. wt3,,
KBE2022_Log2_Ex_28_U,0.501869088305995,
GRW2016_Ratio H/L normalized SILAC 1___1,,
CF2017_FTE 17,0.5082879876685517,
LY2019_P2-,0.5120649389557406,
AH2018_LFQ_IT_1_X,0.5077540370512967,
JJ2018_Ratio H/L normalized pP3___1,,
RB2022_8_RecoveryStrength,,
WZ2023_Pe_005_20min,0.5073277737718717,
AST2020_Control.2,0.5076041096492311,
NJH2025_Sub6_MICT_Mid,,
RCJD2014_10min_1,0.5206519987020197,
FSO2013_Ratio H/L normalized Rep2___3,,
JVO2010_Ratio M/L Normalized by Protein Noco3h - Log2 G1,0.5068398196147702,
HS2024_3_I_T1,0.49263438899903644,
FSO2012_Ratio -/+ 3-MB-PP1 exp. as2a,,
CK2022_4 40-1,0.5050849433282993,
SR2019_MCF10A_Biol_repl_4,,
KS2014_Intensity pY_C5,,
NJH2025_Sub4_MICT_Pre,,
NJH2024_Sub9_MICT_Post,,
CF2017_OSE 28,0.5061525955921857,
HS2024_5_B_T2,0.5132535559843999,
HS2024_6_I_T1,0.5092479631976102,
HS2024_5_B_T3,0.5046058252094668,
JJ2018_Ratio H/M normalized pP1___1,,
KBE2022_Log2_Ex_36_U,0.5056651231998159,
AH2018_TMTMS3_3_N,0.49788623691993966,
SR2019_HCC1419_Biol_repl_2,,
FR2021_Intensity.N,0.503889363899046,
AS2011_Ratio H/L Inhi_2_1,,
AH2018_SILAC_MR_1_C,0.5000123110863142,
NJH2024_Sub1_HIIT_Mid,,
NJH2025_Sub8_HIIT_Mid,,
EP2017_Mitotic R#3 log2 ratio,0.512230734841444,
KBE2022_Log2_Ex_36_T,0.5058746103763897,
NJH2025_Sub6_HIIT_Mid,,
WZ2023_Pu_005_30min,0.5086944106238169,
KS2014_Intensity C2,0.5142863374950813,
FSO2013_Ratio H/L normalized Rep1___2,0.5000216326431739,
RM2024_Intensity D2-2,,
KBE2022_Log2_Ex_42_T,0.5072844375131009,
CK2022_9 200-1,0.511518231238514,
GRW2016_Ratio H/L normalized SILAC 2___1,,
JJ2018_Ratio H/M normalized pP3___2,,
DB2022_LFQ intensity R1.1,,
CK2022_10 200-1,0.511865244729394,
NJH2024_Sub9_MICT_Mid,,
JAW2011_Ratio H/L_2,,
HS2024_7_I_N2,0.5120858485384766,
RBK2021_1332T Late,,
LY2019_P1-,0.5093222527812638,
RKK2015_TNF-α/basal.1,0.513806617185194,
RKK2015_TNF-α/TNF-α+SC-514,0.5062377387745728,
CR2017_Ratio Replicate 2.5,0.5084224567865883,
HS2024_3_I_T3,0.5128801485143287,
CKC2017_log2 normalized phosphoproteomics_90min_rep#2,0.5065395408922314,
AS2011_Ratio H/L Normalized RNAi_1,,
KS2014_Intensity E15_4,0.5122768599304346,
ZQ2022_C3,,
EJN2021_3_Rest_Ins,,
YP2020_Intensity P10_R2_mult_log2,,
MV2014_Ratio H/L normalized A1___3 (10 min),,
NJH2025_Sub1_MICT_Pre,,
KBE2022_Log2_Ex_39_T,0.50541863473459,
FSO2013_Ratio H/M normalized Rep3___2,0.5104873732317198,
RM2024_Intensity D6-2,,
EP2017_Untreated R#1 log2 ratio,0.5117770579998702,
RKK2015_SC-514/basal,0.505084677232562,
RM2024_Intensity D6-1___3,,
WZ2023_Pu_010_10min,0.510948861638923,
NJH2025_Sub9_HIIT_Mid,,
SR2019_SKBR3_Biol_repl_4,0.5036325906497074,
HS2024_5_I_T3,0.5052932019130745,
KS2014_Intensity N1,0.5133193750014764,
NJH2024_Sub12_MICT_Post,,
TM2022_S2.8h.C,,
CR2017_Ratio Replicate 1,0.5057337853619962,
AS2011_RNAi 1_Ratio H/L normalized by corresponding protein level (H: shPlk1; L: shEg5),,
CKC2017_log2 normalized phosphoproteomics_30min_rep#3,0.5122792219264394,
JJ2018_Ratio H/M normalized pP3,,
AH2018_SILAC_MR_2_C,0.507400851275911,
LATM2013_Log2 Ratio (Medium/Light) Forward,,
PG2020_Intensity 2h_A,0.4942985297930004,
NJH2024_Sub6_MICT_Mid,,
NJH2025_Sub13_HIIT_Post,,
AH2018_SILAC_MR_3_X,0.49668087933432714,
JJ2018_Ratio H/M normalized___1,,
RCJD2014_15min_2,0.5175366055608971,
AS2011_Ratio H/L_2,,
AS2011_Ratio H/L Normalized,,
RN2012_H03,0.5055833712250515,
HS2024_5_B_N2,0.5227329436793764,
HS2024_5_I_N1,0.5278548995669285,
HS2024_6_I_N1,0.5157708664422394,
AR2021_KD 48h,0.5224363159185701,
FR2021_Intensity.B,0.5032910991578234,
RB2022_3_PreEndurance,,
HS2024_5_I_T1,0.5123437385232368,
NJH2024_Sub10_MICT_Pre,,
SR2019_LM2_Biol_repl_2,,
AST2020_anti-CD3,0.5072060036117302,
SR2019_MDAMB231_Biol_repl_1,,
RM2024_Intensity D2-3___3,,
WZ2023_Pe_005_10min,0.5075901444624611,
KBE2022_Log2_Ex_29_U,0.5049289943938973,
HS2024_7_B_T1,0.5018361238928126,
AH2018_LFQ_M_2_X,0.5106779672698893,
AH2018_LFQ_IT_4_N,0.5002835094298665,
CK2022_15 200-1,0.5078665151918845,
RM2024_Intensity D4-1___2,,
JJ2018_Ratio H/M normalized,,
JJ2018_Ratio M/L normalized pP3___1,,
KBE2022_Log2_Ex_34_T,0.5043920976867496,
CKC2017_log2 normalized phosphoproteomics_0min_rep#2,0.5024998638580047,
LY2019_P2+,0.5163792224651165,
LATM2013_Log2 Ratio (Light/Medium) Reverse,,
CK2022_2 200-1,0.509365517836587,
AS2011_Ratio H/L Protein RNAi_2,,
MV2014_Ratio L/H normalized A3___1 (2 min),,
WZ2023_Su_010_30min,0.50886298007016,
RN2012_H01,0.5031885044416927,
KTGR2014_Ratio-Rapa 2 mins,,
EJN2021_2_Rest_Basal,,
KS2014_Intensity pY_E5_3,,
MM2018_Ratio H/L replicate 3,,
EP2017_Pervanadate R#1 normalized log2 ratio,0.5030465551639106,
HS2024_8_B_T3,0.5055894958983336,
YA2020_Reporter_intensity_Cancer_No.3,0.5071977967797074,
KBE2022_Log2_Ex_44_U,0.5033237651099711,
WZ2023_Pe_010_20min,0.5063841898478593,
KS2014_Intensity pY_C6,,
AS2011_Ratio H/L Normalized_3,,
RCJD2014_15min_mean,0.5088784799421113,
RB2022_3_PreStrength,,
NJH2015_iTRAQ Subject 3 116/117 (Exercise/Basal) (normalized),,
RCJD2014_10min_mean,0.49247374462639576,
KS2014_Intensity C1,0.5134620496330686,
FSO2013_Ratio H/M normalized Rep3___1,0.5054085011665002,
AH2018_SILAC_M_3_C,0.5048455874481712,
RKK2015_TNF-α+IKKb/TNF-α,0.5258368702388384,
RM2024_Intensity D0-3___2,,
FSO2012_Ratio -/+ 3-MB-PP1 exp. wt2a,,
AH2018_SILAC_M_2_C,0.5030402052278197,
AH2018_SILAC_M_2_X,0.5070056967321179,
KTGR2014_Ratio-Rapa 15 mins,,
RM2024_Intensity D4-2___1,,
KBE2022_Log2_Ex_15_T,0.504740685785252,
VOI2024_0.1uM 24 h_1 di,,
WZ2023_Su_010_10min,0.5083101360977212,
PG2020_Intensity 6h_C,0.4958926703255969,
JVO2010_Ratio M/L Normalized by Protein Noco45 - Log2 mitosis,0.5063610324144745,
JJ2018_Ratio M/L normalized pP1___1,,
AH2018_LFQ_M_3_N,0.5039142309681776,
VOI2024_0.1uM 24 h_2 mono,,
AH2018_TMTMS2_3_C,0.5193744092178696,
CK2022_15 16-1,0.5059828490562163,
CK2022_3 16-1,0.505033035131196,
LY2019_P4-,0.498015810282495,
FSO2013_Ratio H/L normalized Rep3___2,0.5136430068155902,
KS2014_Intensity pY_PV2,,
HS2024_3_I_N2,0.5400557580940512,
GF2025_P8_Adh,0.5132537945888008,
YC2018_Log2(SKBR3-LR/SKBR3)_Rep.2-2,0.5022105196302811,
GF2025_P5_Sph,0.4988189290556015,
CK2022_10 16-1,0.5069808877425037,
KTGR2014_Ratio H L Normalized Rep1_AA_starvation_0_15,,
VOI2024_0.1uM 2 h_2 di,,
NJH2015_TMT Pool 131/130_C (Exercise/Basal) (normalized),,
NJH2024_Sub2_HIIT_Mid,,
AMK2021_45I_p3,,
NJH2024_Sub13_HIIT_Mid,,
DB2022_LFQ intensity R1.2,,
DB2022_Intensity R1,,
NJH2024_Sub12_MICT_Mid,,
KTGR2014_Ratio M L Normalized Rep1_Rapamycin_0_15,,
UK2020_HCM_4,,
SAS2015_AZD/DMSO_Exp2,0.5011062756482347,
IMM2018_normalised rep. int. CDK5L-1,0.5045573236491661,
DB2022_LFQ intensity L2.2,,
KTGR2014_Ratio H M Normalized Rep1_AA_starvation_0_15,,
EP2017_Mitotic R#1 log2 ratio,0.5129868998157932,
EJN2021_2_Ex_Basal,,
RM2009_Ratio H/L Normalized by Corresponding Protein Level (H:60 min timepoint;L:0 min. timepoint),0.5075024139088673,
KTGR2014_Ratio-Rapa 30 mins,,
CKC2017_log2 normalized phosphoproteomics_90min_rep#1,0.5049946009087505,
CF2017_FTE 16,0.5018441623889482,
AR2021_L41 10 μM,0.5104922664487191,
CF2017_EOC 2,0.5001699165795783,
RB2022_6_PostEndurance,,
AH2018_SILAC_1_N,0.5048918496480244,
NJH2024_Sub10_HIIT_Pre,,
AS2011_Ratio H/L Inhi_1_2,,
UK2020_HCM_6,,
RB2022_7_PreSprint,,
NJH2024_Sub2_MICT_Pre,,
HS2024_3_PD_T2,0.5015495850715688,
CK2022_6 16-1,0.505654925459347,
ZX2022_CB treated Replicate 1,0.5115444757252745,
BS2014_Log2(Ratio H/L normalized Rep_3),0.511230905192797,
TM2022_mock.12h.C,,
GRW2016_Ratio M/L normalized SILAC 5a___1,,
HH2022_Reporter intensity 0,0.5120596531146452,
RM2024_Intensity D2-2___2,,
JC2019_Normalised_intensity_B_TiOx_Testis_sample_URO0126,0.5094098456151218,
RB2022_1_PreStrength,,
JJ2018_Ratio H/M normalized pP2___2,,
AH2018_TMTMS2_2_X,0.5215913548469076,
AR2021_L41 1 μM,0.5118250216959359,
JJ2018_Ratio H/M normalized pP1___2,,
AH2018_TMTMS2_1_N,0.5203867818742195,
NJH2025_Sub10_MICT_Pre,,
JVO2010_Ratio H/M Normalized by Protein Noco45 - Log2 early S,0.5082157653793307,
ZX2022_Control Replicate 3,0.5083867443346277,
KS2014_Intensity C4,0.5128224457569198,
AS2011_Ratio H/L Inhi_2,,
KBE2022_Log2_Ex_18_T,0.5041696861708642,
NJH2025_Sub9_MICT_Pre,,
RCJD2014_20min_1,0.5141177367187304,
MV2014_Ratio H/M normalized B2___1 (5 min),,
FSO2013_Ratio M/L normalized Rep2___3,0.4997405213363778,
JC2019_Normalised_intensity_C_TiOx_Testis_sample_URO0158,0.5120189031099923,
SR2019_MCF10A_Biol_repl_3,,
HS2024_7_B_T2,0.5049464247332138,
SAS2015_PLX/DMSO_Exp3,0.5071925659033386,
AMK2021_Ctrl_p5,,
NJH2025_Sub2_HIIT_Mid,,
AH2018_LFQ_M_3_C,0.5075009595646671,
CKC2017_log2 normalized phosphoproteomics_15min_rep#2,,
YA2020_Reporter_intensity_Cancer_No.2,0.5106124422367163,
FSO2013_Ratio H/M normalized Rep2___3,0.4912353156335362,
RB2022_8_PreSprint,,
AH2018_SILAC_IT_3_C,0.5030746558864709,
WZ2023_Pu_025_10min,0.5088530059188925,
RM2024_Intensity D2-2___3,,
AS2011_Ratio H/L_1,,
RCJD2014_10min_3,0.5002925787757837,
FSO2013_Ratio M/L normalized Rep3___1,0.5061398637908036,
SR2019_JIMT1_Biol_repl_4,0.5049240622485595,
YP2020_Intensity C10_R2_mult_log2,,
ZCP2016_Ratio H/L Rep 2,,
CF2017_EOC 4,0.5049264257304964,
JJ2018_Ratio H/L normalized pP1___1,,
WZ2023_Pe_010_30min,0.5071790792819997,
MV2014_Ratio L/M normalized B2___3 (30 min),,
AH2018_LFQ_IT_3_N,0.5051575944785667,
KS2014_Intensity C6,0.5109310814164073,
ZQ2022_N3,,
HW2015_Ratio H/L normalized Exp1,,
CK2022_12 40-1,0.507018083284524,
NJH2024_Sub7_MICT_Pre,,
ZX2022_Control Replicate 1,0.5097845077814498,
JJ2018_Ratio H/M normalized pP1,,
CK2022_16 40-1,0.5080304271446652,
AH2018_SILAC_IT_2_C,0.5072838068742863,
CK2022_5 40-1,0.5061565893088035,
AH2018_LFQ_3_X,0.5100925253085447,
UK2020_UA_3,,
LY2019_P7-,0.5060933276251686,
GF2025_P5_Adh,0.5026994126917931,
RB2022_1_PostStrength,,
JAW2011_Ratio H/L LS1b,,
FSO2013_Ratio H/L normalized Rep3___1,0.5154439585485152,
SR2019_HCC1954_Biol_repl_3,,
CR2017_Ratio Replicate 2.2,0.5069052087945252,
VOI2024_0.1uM 2 h_1 mono,,
MV2014_Ratio L/M normalized A2___1 (10 min),,
RNJ2017_Log2_ratio_Tsup:Tstim_D3,,
CK2022_11 16-1,0.50800203664701,
ZQ2022_C1,,
CR2017_Ratio Replicate 2.1,0.500427823967629,
PG2020_Intensity CT_B,0.4895953834086802,
JJ2018_Ratio M/L normalized___2,,
AH2018_SILAC_MR_1_N,0.5052525417030507,
KS2014_Intensity pY_E5_1,,
JW2021_Before_3,,
NJH2015_iTRAQ Subject 2 117/116 (Exercise/Basal) (normalized),,
MV2014_Ratio M/H normalized B3___3 (30 min),,
FS2019_db/db1,0.5062748736520855,
NJH2025_Sub9_HIIT_Pre,,
JAW2011_Ratio H/L_1,,
RCJD2014_20min_3,0.4985713927781619,
AH2018_LFQ_3_C,0.504178620386386,
JJ2018_Ratio M/L normalized pP3___2,,
AMK2021_45I_p1,,
NJH2025_Sub8_HIIT_Post,,
AH2018_LFQ_M_3_X,0.5119654348472087,
YA2020_Reporter_intensity_Cancer_No.4,0.5080399122320217,
KS2014_Intensity pY_E5_2,,
FSO2013_Ratio H/L normalized Rep1___3,,
GF2025_P4_Sph,0.5015459261444413,
RB2022_2_PreEndurance,,
JW2021_Before_1,,
KBE2022_Log2_Ex_25_T,0.5056344928675466,
AS2011_Ratio H/L Normalized by Proteins Inhi_2,,
MV2014_Ratio L/M normalized A2___2 (10 min),,
JJ2018_Ratio M/L normalized___1,,
FR2021_Intensity.H,0.5042456808329921,
CK2022_14 16-1,0.5049914892376715,
AST2020_anti-CD3+PDL2,0.507675257831774,
MV2014_Ratio M/L normalized B1___1 (5 min),,
KBE2022_Log2_Ex_19_T,0.5077017010557268,
KS2014_Intensity pY_N1,,
RB2022_1_RecoveryEndurance,,
FSO2013_Ratio H/M normalized Rep1___2,0.5056376121814473,
HS2024_8_I_T1,0.5081678486462534,
NJH2015_iTRAQ Subject 1 115/114 (Exercise/Basal) (normalized),,
EP2017_Mitotic R#2 log2 ratio,0.5136059438229048,
AH2018_TMTMS2_1_X,0.5231909610983486,
KTGR2014_Ratio M L Normalized Rep2_AA_starvation_0_15,,
ZCP2016_Ratio H/L Rep 3,,
AS2011_Ratio H/L Normalized RNAi_1_3,,
SR2019_MCF10A_Biol_repl_1,,
NJH2025_Sub8_MICT_Mid,,
EJN2021_5_Ex_Ins,,
HS2024_6_I_N2,0.49989784572355606,
HH2022_Reporter intensity 4,,
RBK2021_1326T Late,,
TM2022_mock.12h.B,,
NJH2024_Sub12_MICT_Pre,,
RCJD2014_15min_3,0.5262722929484809,
MV2014_Ratio L/H normalized B3___2 (5 min),,
LG2023_Control-3_intensity,,
JJ2018_Ratio H/L normalized pP3___2,,
CF2017_FTE 15,0.5016461448405468,
HS2024_4_I_T3,0.5051302735329477,
AH2018_SILAC_1_X,0.5077508664171397,
PG2020_Intensity 10h_B,0.49501462071655444,
AH2018_TMTMS3_1_X,0.5038446105253087,
CF2017_FTE 14,0.5019785430941808,
NJH2024_Sub13_HIIT_Post,,
RM2024_Intensity D6-3___3,,
NJH2025_Sub7_HIIT_Pre,,
RBK2021_1259T Early,,
RKK2015_IKK+TNF-α/IKKb,0.5175613248763467,
FSO2012_Ratio -/+ 3-MB-PP1 exp. as1b,,
PG2020_Intensity 6h_A,0.4937023674607664,
SR2019_HCC1419_Biol_repl_3,,
KBE2022_Log2_Ex_14_T,0.5065010870548379,
EP2017_Untreated R#2 normalized log2 ratio,0.5022606127616109,
RM2024_Intensity D0-2___1,,
DB2022_Intensity L1,,
LY2019_P5+,0.5071404326511681,
HS2024_5_I_N2,0.5182291254413489,
SAS2015_PLX/AZD_Exp3,0.512790143121204,
EP2017_Pervanadate R#2 log2 ratio,0.5036004702914907,
AS2011_Ratio H/L Normalized RNAi_2_1,,
